{"type":"FeatureCollection","features":[{"type":"Feature","geometry":{"type":"Polygon","coordinates":[[[76.16583858856782,10.177977172494],[76.1657475702121,10.177039985838089],[76.16576641075139,10.176025569389534],[76.16596109617076,10.174664298973362],[76.16617055295684,10.173908822632518],[76.16637859417412,10.172712621882331],[76.16654152419031,10.171853450932224],[76.16670551544213,10.17095428053526],[76.16689940344087,10.170274097333818],[76.16723286892164,10.169584204327654],[76.16760065297562,10.168788478604807],[76.16806192954549,10.167861751857576],[76.16862828480592,10.16654168956886],[76.16900809442666,10.165635023605695],[76.16936808998751,10.164794517023097],[76.16999591288189,10.163364893906298],[76.17040994890242,10.162356755320026],[76.17094701745513,10.161120518727804],[76.1715307852071,10.159818792810418],[76.1719686978199,10.158433005543474],[76.17232771257824,10.157298745624686],[76.17264073304605,10.156203329690165],[76.17289228104146,10.155386705182666],[76.17348515057684,10.153751385203515],[76.17401291991683,10.15236358782788],[76.17453599948286,10.151144793310603],[76.17487086133022,10.149907631466748],[76.17522694964477,10.14888019890296],[76.17568024004696,10.147583882157102],[76.17634588872482,10.145750316953018],[76.17684852825694,10.144619977317321],[76.17747799695235,10.14295900928864],[76.17789793594125,10.141728570979149],[76.17832565679065,10.140382696255944],[76.17843851260417,10.140034074694341],[76.17885093081543,10.138750045927551],[76.17922177888687,10.137509470378417],[76.17953584475144,10.136374091304882],[76.17981064072968,10.136016535519687],[76.18020731176458,10.13596487492755],[76.18062494275503,10.134329451809682],[76.18058010187816,10.134323787786597],[76.18038039617512,10.13390898572478],[76.18043876899746,10.133087214716905],[76.18066606898998,10.132332284726123],[76.18098384612169,10.131388457427416],[76.18129826166985,10.130569105539802],[76.18205595149583,10.128155061704256],[76.1825338944309,10.126939601044668],[76.18303553812345,10.126169868764029],[76.18323957355726,10.125770376860144],[76.1834413091995,10.125290721381713],[76.18355309944775,10.124817498292954],[76.18372352633362,10.124167875514102],[76.18378393186747,10.123764529897711],[76.18392579190241,10.123176415804856],[76.18408896613519,10.122793626803949],[76.18422295458568,10.122329949921285],[76.18432085893389,10.121869743854885],[76.18450508164814,10.121207215721387],[76.184579372062,10.120790878815347],[76.18461448311245,10.12065826713463],[76.18470964551068,10.120295945183031],[76.1848507970487,10.119734508049858],[76.18520960076508,10.118435843448761],[76.18545015879965,10.117850372341612],[76.18563774070545,10.117232378759628],[76.18579525270356,10.11656465760398],[76.18594259391247,10.115772000538916],[76.18608206380448,10.114943573021874],[76.18627114831108,10.114103168259803],[76.18637462288237,10.113603041285819],[76.18651020098288,10.112916983247686],[76.18661535572392,10.112354640415338],[76.18679267703223,10.111616244541139],[76.18695549404869,10.110917431639773],[76.18708983341658,10.110275786096496],[76.18712211375829,10.109751556197251],[76.18721347150554,10.109037545953505],[76.18730527138689,10.108470405484882],[76.18743686879594,10.107761950132623],[76.18763214213465,10.107188705583317],[76.18780052978721,10.10661473900012],[76.18795520922654,10.10588459619574],[76.18813995762173,10.105204265529666],[76.18826863574684,10.104273241024378],[76.18838581675081,10.103435376742304],[76.18848893595029,10.102948630028548],[76.1885666732708,10.102568037662698],[76.18862433505419,10.102266974702047],[76.18872515467767,10.101700089896678],[76.18884215840963,10.1010313369108],[76.18893227686128,10.1005264570329],[76.18904591976911,10.10014681435457],[76.18921545535369,10.100022269368093],[76.18941912771271,10.099965460124137],[76.191749354671,10.09043424977829],[76.19293634086522,10.085931845008382],[76.19293165378483,10.085936148236563],[76.19307659945991,10.085232586968326],[76.192961544974,10.085007041115885],[76.19294093950998,10.084775076861566],[76.1930206198491,10.08448800555133],[76.19350754440765,10.08358886199972],[76.19380247515664,10.083147349683248],[76.19422802327648,10.082856175079373],[76.19574281159578,10.077357141437533],[76.19628260945758,10.075177984301506],[76.1963441590112,10.074894922510783],[76.19636458708962,10.074477250182904],[76.19700148173312,10.072029275546836],[76.19746292337913,10.070253014834872],[76.19909086771318,10.065371211069708],[76.19863137712944,10.065096407715684],[76.19855594482682,10.0645693754349],[76.19871114254312,10.06398183266787],[76.1990432031545,10.062833926840026],[76.19926640402255,10.061892214311861],[76.19975295233778,10.060178949793798],[76.2000296526966,10.058918317618472],[76.20030794423991,10.058098230778343],[76.20103068600953,10.055457007970658],[76.20136309463452,10.05462506450306],[76.20167144954901,10.05352101227798],[76.20188323865052,10.05299725705964],[76.20213650083906,10.05276376844957],[76.2024424663965,10.052736347681206],[76.20251984196948,10.052533770106736],[76.20239604103142,10.052299117455092],[76.20245069031665,10.051940241835743],[76.20273631647964,10.051672035382403],[76.20306023173406,10.051315858241924],[76.2034603716722,10.050797142698208],[76.20371672589503,10.050283444976557],[76.2038956164629,10.0498121484777],[76.20416992076812,10.04896979072439],[76.2042386293994,10.04875360366964],[76.20441017975456,10.048224336960342],[76.20456855414135,10.047681350385652],[76.2049054638599,10.046845066260332],[76.20516146162673,10.046344703126698],[76.20532133839663,10.045912953422695],[76.20551296035956,10.045304131906084],[76.20564285991104,10.04465362919713],[76.20583669209284,10.044293981845456],[76.20618155705608,10.044156444790472],[76.20638794505074,10.044161896636064],[76.2066910713186,10.042915481051837],[76.20691806186707,10.041996184397497],[76.20718811557082,10.04064649257028],[76.20733914733432,10.03988083576861],[76.20764280201905,10.038945882483794],[76.2079732489872,10.03768676706868],[76.20844888958884,10.03604008167838],[76.20881558886626,10.034768696970737],[76.20921535802962,10.033765013259666],[76.20956383975944,10.03266661013036],[76.20981089781637,10.031667846917887],[76.21005017408554,10.030624357433],[76.21039617778419,10.029450230806466],[76.2105761205782,10.028774440910299],[76.2106555252335,10.028496257136903],[76.21103123771768,10.027220676907852],[76.21117191962334,10.026668304496486],[76.21141137032308,10.026443432850913],[76.2118941610606,10.026349521558679],[76.21230904138947,10.026111451143814],[76.21263364102892,10.025559570947554],[76.21284046125761,10.024884516953726],[76.21310316404892,10.023970627952723],[76.21346145057106,10.0230059476036],[76.21367985279608,10.022233339680982],[76.21392009483466,10.021483483010726],[76.21414972585644,10.02079566755593],[76.21437829542974,10.020143384710257],[76.2145332980957,10.019560324892284],[76.21470536587769,10.018839777929854],[76.21484843131735,10.01803404361228],[76.2149633787175,10.01760118047197],[76.21506683129378,10.017261389061394],[76.21525711308985,10.016532460389461],[76.21541529789133,10.015829428966876],[76.21555615206073,10.015268208302679],[76.2157420121392,10.01470380004925],[76.21588799435212,10.014120475585436],[76.21600205666152,10.013554140239425],[76.21627748579337,10.013161108298501],[76.216480675206,10.012784035806288],[76.21673939200399,10.012012446407603],[76.21722738040094,10.01056642509952],[76.21746673191807,10.009683166290882],[76.217765058629,10.008774735804092],[76.21803252644305,10.007847774779888],[76.21833739489355,10.00702851240106],[76.21850397585501,10.006512482404945],[76.21821237061829,10.005348257871946],[76.21821033698343,10.004596433588771],[76.21849990859408,10.003514347316075],[76.21905756428936,10.002141416705891],[76.21936110414646,10.00154011900025],[76.2196650854089,10.001250187161308],[76.22229690843997,10.000007992449985],[76.2222944327857,9.999932260008604],[76.2223062805593,9.999825894016077],[76.22231600634282,9.999799398758034],[76.22244721593536,9.998099361502682],[76.22256569348988,9.996705823254855],[76.22291369859902,9.994789141505676],[76.2233386243487,9.9941777218086],[76.22369246286904,9.993537673392165],[76.22397769034421,9.992944807319033],[76.22452895747963,9.991807417011806],[76.22482762219511,9.991214955136158],[76.22515555139869,9.990040492411222],[76.22584049558183,9.987607962036995],[76.22600883553123,9.987189865734186],[76.22654497564663,9.985945382967548],[76.2267682193751,9.985488784372786],[76.22761777994164,9.983772263355723],[76.22785994217975,9.983111520449082],[76.22796029040545,9.982882879114158],[76.22804887970193,9.982427152336918],[76.22818441590783,9.981897028571746],[76.22853691549835,9.981136903189896],[76.22875423231739,9.98073353633212],[76.22908427382839,9.980141857220746],[76.23002134682325,9.978169675230248],[76.23071546093271,9.977053965045156],[76.23165773875022,9.976055973429473],[76.23268744687776,9.975304953718867],[76.23328915984885,9.974951809299641],[76.23376886620242,9.974799907120259],[76.23407007423727,9.974776773417963],[76.23434184163517,9.974846254370238],[76.23462059272492,9.97499155336451],[76.23468981626459,9.975086793442046],[76.23476169200943,9.975248761036932],[76.23478803759875,9.975271679068342],[76.23506926318174,9.974158368107952],[76.23660604759765,9.97140601743948],[76.23692811322991,9.970943098755539],[76.23810877819106,9.969248810808626],[76.24002301583775,9.967969680798634],[76.24120250433336,9.967649556258202],[76.24116652398762,9.967653050204339],[76.24114857801304,9.967652550863825],[76.24076861785021,9.967602467721715],[76.24006085298532,9.967396983301118],[76.23948189041788,9.967239340651467],[76.23892759043015,9.966997798382906],[76.23852914722302,9.966800481918582],[76.2383216592449,9.966674917771494],[76.23756304793461,9.966192294412716],[76.2370071487076,9.965679420849757],[76.23682184845391,9.965394339965494],[76.23665988733575,9.965078761926636],[76.2365239176436,9.96463038706808],[76.23654257149117,9.964439666352327],[76.2365492020051,9.96402622255837],[76.23672530833494,9.963483891923273],[76.23695074531776,9.962778270430158],[76.237070889814,9.962314454544838],[76.23715089767869,9.961676205261709],[76.2373409714202,9.960782873985975],[76.2375357304214,9.958880102978023],[76.23756375518406,9.95767566030875],[76.23753281301674,9.957323537371439],[76.2376135278554,9.956827549412223],[76.2378255256343,9.95511656121056],[76.23790243884083,9.953926780233589],[76.23799385057153,9.953364406843928],[76.23841757937689,9.952121510378008],[76.23860994986825,9.951641859295732],[76.23871683206718,9.951337796527199],[76.23930136745149,9.950121437982137],[76.23958099229574,9.949564016058503],[76.24026550933466,9.94813240494196],[76.24052099781666,9.947472093993134],[76.2413345795247,9.945576972382725],[76.24139257233875,9.94542289081532],[76.24166388289966,9.94467401816827],[76.24206735578564,9.943515112251896],[76.24265523588677,9.942338924680959],[76.24282903573621,9.941881014574891],[76.24304712505588,9.94094399283794],[76.24316355119126,9.940618047713764],[76.24323639482672,9.940410985354948],[76.24347393198944,9.939750221230772],[76.24356525152365,9.939023277794526],[76.24367796431898,9.938501576950566],[76.24387297933183,9.938088681464517],[76.2441871597672,9.93707870043577],[76.24448215631548,9.936450561915597],[76.24459813919788,9.936306896285162],[76.2446571030181,9.93628179879786],[76.2448029654305,9.935863203347669],[76.24480924193075,9.935796627074474],[76.24509734181613,9.935088303271659],[76.24535741795331,9.93409016527543],[76.24559671937848,9.9335318051699],[76.24567256732145,9.93321359942634],[76.24575990732386,9.932966869575505],[76.24578598555242,9.932829705807734],[76.24583319155325,9.932742028310217],[76.24591814463275,9.932419709180389],[76.24617821917847,9.931755102724654],[76.24621861820441,9.931587158063879],[76.24632956076223,9.931296635237779],[76.24648762059847,9.930589341507035],[76.24674185963109,9.929973442305553],[76.24682071252938,9.929708722327215],[76.24688975297737,9.929310345722344],[76.24690425058294,9.929106205876646],[76.24693978738993,9.928951546496187],[76.2473189344785,9.928027745614184],[76.2477071856439,9.927264209211522],[76.24776570610005,9.927087953200672],[76.24781238100748,9.926853445901013],[76.24782670171446,9.926822747857283],[76.24786489025892,9.92673478316656],[76.24784455839632,9.926658701488462],[76.2480179095259,9.926049615802267],[76.24843639113551,9.925162427051168],[76.24854246991652,9.924885118004209],[76.24863148762881,9.924411689619424],[76.24871891410301,9.924160489011973],[76.24874675973247,9.924125693019747],[76.24873880383893,9.924089909002667],[76.24888298223644,9.923564514163454],[76.24913942669153,9.923366775427096],[76.24974981732855,9.92268032145811],[76.24999954187861,9.921899828467748],[76.25039070240693,9.92069179738833],[76.25126477631663,9.918705085349094],[76.25190247186929,9.916667568417466],[76.25190715689607,9.916658775360695],[76.25201438208718,9.914669602576408],[76.25306461868578,9.911629251017699],[76.25463054408961,9.906077061940676],[76.25578895468897,9.901341236546722],[76.25631551772138,9.899763308797002],[76.25666202105525,9.897540465327006],[76.25829623183692,9.89060319069898],[76.25869019669501,9.88895072557258],[76.25914904010216,9.886553091459547],[76.25972871326606,9.884158683945898],[76.26013531386563,9.88287120557476],[76.26060405211133,9.882109964823242],[76.2608353711348,9.881173542083035],[76.26048056984001,9.880359473345543],[76.26100004316508,9.878372567466757],[76.26106165148936,9.876404714666103],[76.26103318968453,9.876128295579697],[76.26104423852253,9.875381715470073],[76.26110823337423,9.875001069742897],[76.26115083766463,9.874748801568176],[76.26119777308087,9.874167659653978],[76.26128289320053,9.873667533352018],[76.26138560297173,9.872509874529422],[76.26151262002384,9.871784084387192],[76.26157802889716,9.871519125927827],[76.26177231074058,9.870959642855347],[76.26197198409744,9.870533631065928],[76.26243788743827,9.869710143482239],[76.26253007794695,9.869445796639265],[76.26260591630437,9.86912771068029],[76.26262438974389,9.868937008050398],[76.26259681216816,9.868629542862058],[76.26253485099168,9.868432360583478],[76.26245839386563,9.868105829426554],[76.26244928971938,9.867776590409626],[76.26254201055848,9.8671566287137],[76.2625684390795,9.866841668245208],[76.26269792991808,9.866022623000156],[76.26287188055386,9.865218144565624],[76.26293560936332,9.86501534534056],[76.26309709679316,9.864339438981808],[76.26322808973758,9.86363159006256],[76.26338904647953,9.863146790732069],[76.26352843609908,9.862625924124455],[76.2635852702523,9.862178417814361],[76.26376381595769,9.8613695864961],[76.26379545918161,9.861023673796742],[76.26404895825844,9.860092281069578],[76.26420301970126,9.859362877238064],[76.26421548249523,9.859229829488706],[76.26430625756252,9.858854345053102],[76.26449558569355,9.857810219187128],[76.2646493814571,9.85708522936091],[76.26467890315242,9.856819246994577],[76.2647041822037,9.856379865120411],[76.26481139714785,9.855889226211488],[76.26494857558258,9.855452714931577],[76.26502556161417,9.854921333666546],[76.26503104167442,9.854716986058259],[76.26496819774408,9.85455082069519],[76.26503537268962,9.854552591384573],[76.26504483021215,9.854366121565226],[76.2651573481624,9.853849017546628],[76.26521303258039,9.85344150566003],[76.26545928117316,9.852447767520571],[76.26559884541125,9.852086876504632],[76.26585251784604,9.851151168155807],[76.26593666274255,9.850686631014433],[76.26596680286592,9.850398489960083],[76.26604741219478,9.849898303601394],[76.2662008526251,9.849355551032371],[76.26623063913985,9.848911817554747],[76.26624486949025,9.848881054474248],[76.2662977250642,9.848580217442127],[76.26661220645867,9.84737937685854],[76.26680170809989,9.846495285892145],[76.26690379492685,9.845862296714273],[76.26695992055177,9.845605923493931],[76.26697273663605,9.845295133222242],[76.26704662796696,9.844710299728982],[76.26715631586018,9.844295322337702],[76.26741051566013,9.843506302071178],[76.26749863696617,9.843228635534972],[76.26759064721472,9.84280428906909],[76.26762105212445,9.84250279663014],[76.2675856975776,9.84198183195966],[76.26763033269144,9.84165407139711],[76.26773701497248,9.841016731215538],[76.2681792107941,9.839561491434996],[76.26831806510683,9.839231712413834],[76.26840203168045,9.838940583526641],[76.26867505525911,9.837778729195668],[76.26877608002893,9.83718574670146],[76.26884758395371,9.836520799229236],[76.26892545159595,9.836122838865004],[76.26916559476545,9.835186808827922],[76.26938452505978,9.834205767609438],[76.26941713919084,9.833993271243074],[76.2694616853082,9.833332143708873],[76.26948422351668,9.832990452049403],[76.26954945172218,9.83256097606198],[76.26960000797882,9.831842242149017],[76.26966718059792,9.831510621806089],[76.2696852995223,9.831333285190347],[76.26966983214798,9.830572856172843],[76.26976078028325,9.829681794649595],[76.26982052849004,9.829292180770063],[76.26987727158479,9.829013680367368],[76.26989088285316,9.828671805002573],[76.26997935606377,9.828211796769176],[76.27013022882635,9.827762418889025],[76.27023699749745,9.82728961586007],[76.2703273265549,9.826425246842081],[76.2704218096231,9.825907636092236],[76.27044956235449,9.825370577314713],[76.27057842687248,9.824236054183089],[76.27068448811099,9.823789924855829],[76.2707151574701,9.823479611674701],[76.27078630682077,9.823165891202336],[76.27087363044413,9.822581501107125],[76.27119826523594,9.821332105036957],[76.27133464166393,9.820922396876739],[76.27139103058055,9.820657123856384],[76.2713805129004,9.820381290563494],[76.27140252048225,9.82022633045004],[76.27160562642807,9.819502736731168],[76.27173661103882,9.818790568339187],[76.27176568925147,9.81854238469429],[76.27171257068802,9.818012108781062],[76.27173590396974,9.81764382564266],[76.27181571436843,9.817170299228788],[76.27203128175196,9.816482650729608],[76.27228838893106,9.815578181178001],[76.27233620427144,9.815299437933179],[76.27246621595152,9.814791741707833],[76.2725645863637,9.81446536822673],[76.2728656188194,9.813259909589442],[76.27296611012532,9.81268476598195],[76.2730673084177,9.811074074506648],[76.27319687747318,9.810250783710044],[76.27338548595561,9.809393432997618],[76.27351708749913,9.808996876784772],[76.27363322199737,9.80850659771654],[76.27373097287428,9.80820249472035],[76.27383164029393,9.80761849624164],[76.27410836482933,9.80665241021774],[76.27420841329065,9.806094992276359],[76.27433082230442,9.805031504213149],[76.27449326817263,9.804151352311413],[76.2746662312657,9.80337810515139],[76.27475682247444,9.80250050966455],[76.27477467556395,9.801998756944018],[76.27491272759134,9.801189025253974],[76.27513951441505,9.800248383286794],[76.27523134264139,9.799659667887322],[76.27539502475169,9.799068414312124],[76.27547474458375,9.798599382646511],[76.27548596899088,9.79834636718595],[76.27569216206575,9.79716515021774],[76.27590701614852,9.79616638447179],[76.27593379555131,9.79583373425108],[76.27604391805556,9.795063300747097],[76.2761159483764,9.794714141487676],[76.2762064502214,9.794009894670824],[76.27637782024622,9.7934632835938],[76.27644993876753,9.79310964631479],[76.27664039864577,9.791679132580086],[76.27664075216732,9.791665767927206],[76.27680310684637,9.790954513103589],[76.27694151029826,9.790469309610117],[76.27704951084884,9.789947713716758],[76.27711659134324,9.78944729836445],[76.27719719394807,9.789111639962243],[76.27719843126839,9.789067233315812],[76.27800100783372,9.789043811667096],[76.27891661621693,9.78915223513077],[76.27966845327128,9.789354174312617],[76.28142584592828,9.789991303459871],[76.28315413972128,9.790707603879403],[76.28394554516268,9.791106035277288],[76.284101527926,9.79147457335664],[76.28420095027207,9.792117116207676],[76.28415101816975,9.792982421938904],[76.28403215317843,9.793410447176718],[76.28371921517451,9.794562188284221],[76.28346168812207,9.795653215580659],[76.2831220592007,9.796799817897313],[76.28284093452947,9.797934616171144],[76.28279807202364,9.798871241890826],[76.2827158820255,9.799264641287477],[76.28241018781398,9.799638835761643],[76.28192385065367,9.800235018785143],[76.2816988428925,9.800775747938383],[76.28165262169114,9.801334605308657],[76.28166384557899,9.802259267688648],[76.28163114606059,9.803320691214207],[76.28175045507548,9.803888256857173],[76.28194320519201,9.804391013635804],[76.28214214140274,9.804662884913975],[76.28250952304364,9.805001416929754],[76.28289077874575,9.805153592134413],[76.28358691667877,9.805265138491695],[76.28409012749226,9.80538058459217],[76.28495319943536,9.80561649325998],[76.28655737074905,9.806125122607872],[76.2877282304151,9.806413448660606],[76.28863343248433,9.806410453231758],[76.28989971529616,9.806479092768136],[76.29035942361855,9.806548866935636],[76.29091669190464,9.806656797043662],[76.29083892545843,9.80705474789177],[76.29044470190082,9.808737837681003],[76.28994964524644,9.810338275308993],[76.28959580498321,9.811511280267087],[76.28867090239753,9.813771620462038],[76.28856450195616,9.814066596881501],[76.28855964146885,9.814079781002567],[76.28763163863752,9.816624592294069],[76.28691316329329,9.818703628249931],[76.28649550905733,9.81856829209967],[76.28535389057372,9.818018380995012],[76.2836410026528,9.817213536428932],[76.28324339953129,9.818176564407832],[76.28272816634028,9.819349831638617],[76.28216511935558,9.820975126618436],[76.28167886967934,9.822406988909414],[76.28144078167821,9.82276524682065],[76.28093711898765,9.823165396082825],[76.28076018702117,9.82341410147622],[76.280491872163,9.824064914495754],[76.2800688951419,9.82530728627398],[76.279660675973,9.826332212894007],[76.2794817096091,9.82682534361294],[76.27945634497416,9.827611439333946],[76.27952245209624,9.828155460551297],[76.27957141376717,9.82884119716309],[76.27962744569345,9.829598313856463],[76.27959006161906,9.829992936808273],[76.27955691970038,9.83056548880764],[76.27964467948307,9.831141181613503],[76.2798978833666,9.831561133769458],[76.2801770699192,9.83184854749899],[76.28083000535763,9.832238946337416],[76.28114374553279,9.832576088245156],[76.28130423881335,9.832944850160269],[76.2815697239706,9.833747446329166],[76.28198880765477,9.83433619485627],[76.28337658212692,9.835577111639559],[76.28402773440347,9.836541008608638],[76.28419211273318,9.837100859449068],[76.28426458053465,9.838249622423369],[76.28446483891308,9.838979421790496],[76.28479350591802,9.840103734325288],[76.28510529253012,9.841187540626075],[76.28543846506027,9.842649842497508],[76.28544977700425,9.842730135112559],[76.28545764233972,9.842770372264662],[76.28557986429107,9.84356927040222],[76.28564075428866,9.844819935466008],[76.28555140770791,9.84598669069055],[76.2855044808448,9.846910055601475],[76.28539304052556,9.847898385614792],[76.28537439348447,9.848431334868446],[76.28547107527116,9.8488383864036],[76.28568078790039,9.849212833187131],[76.2861780697536,9.849559192373105],[76.28719675383923,9.849852568011027],[76.28853719485244,9.850185454685988],[76.28956902832165,9.850488019027612],[76.29097881665805,9.85073817988488],[76.29174622729826,9.850704866157141],[76.2928832842036,9.850592356541789],[76.2934576855738,9.850567319899891],[76.29432025504234,9.850665401905301],[76.29567688409742,9.851060813116357],[76.29657080955377,9.851497583743003],[76.29727491743355,9.852160502317313],[76.29747966296462,9.852721480255902],[76.29756785278562,9.853452823106233],[76.29757165254615,9.853479593107336],[76.29749654098097,9.854620074623787],[76.29723603607142,9.855315639673888],[76.29663063412549,9.856171185285522],[76.29626479363598,9.856783996601166],[76.29591680240223,9.857735055413277],[76.29561714746521,9.858554119517787],[76.2953246496634,9.859608948202089],[76.2951963392468,9.860561335158367],[76.29522983075177,9.861326840934543],[76.29532261719909,9.861884940976116],[76.29544235580468,9.862777193405257],[76.29557358212335,9.864083156795544],[76.29545057402235,9.865173556651659],[76.29517840052169,9.866815720367708],[76.29492116070527,9.868569493230128],[76.29485983310444,9.86935920075964],[76.29472639687253,9.869995881981684],[76.29436311384481,9.87084886311694],[76.29412124862839,9.871682728188137],[76.29383033818473,9.873017773272293],[76.29373162997071,9.87437115486684],[76.29374453185422,9.876420961223094],[76.29389034072494,9.87835866324769],[76.29387010423062,9.87878493721043],[76.29347809886923,9.880886460989021],[76.29320972122444,9.882044198433578],[76.2928575686382,9.882813046427371],[76.29255613942439,9.883525420847116],[76.29243577963581,9.884175798663883],[76.29251372189016,9.885293781206556],[76.29282001153206,9.886928968654882],[76.29290033954148,9.887789165228241],[76.29289954421489,9.888327111630819],[76.29283008567451,9.888747658971699],[76.2925282145492,9.889646766052834],[76.29255083723335,9.8903142393343],[76.29261013339114,9.890444736750572],[76.29266942952256,9.890575151208644],[76.29333379182611,9.890716976159341],[76.29664309389258,9.891381311170607],[76.29802656262632,9.891119466992999],[76.30066515182965,9.8906991277362],[76.30290676281822,9.890201731603756],[76.30303303345882,9.890173905993096],[76.30357505036902,9.889854612588417],[76.30449172017825,9.889100372584055],[76.30518659657379,9.888424853108877],[76.30711701555059,9.886469988220222],[76.30794379923566,9.885722361280784],[76.30893139122198,9.88482768420166],[76.30949317643005,9.884437727399526],[76.31060189560445,9.883710698759039],[76.31123020693273,9.883518088974904],[76.31257261492794,9.883277258291962],[76.31325905527032,9.883090614539606],[76.3147954706764,9.882632531599988],[76.31577488315271,9.882386721365558],[76.31695617664184,9.882137319224345],[76.31824896088794,9.881908474853232],[76.31984407249446,9.8816030382806],[76.32092187080207,9.881537645403341],[76.32148033634202,9.881440895704607],[76.32221408633984,9.881157576761044],[76.3228412825509,9.880835925240476],[76.3238423695597,9.880275052447047],[76.32516848237002,9.879460215225095],[76.32520037605921,9.879443222447927],[76.32733131653943,9.878369101587392],[76.32880855415087,9.877771543345993],[76.32969050689968,9.877478735775105],[76.33073059048814,9.87730998789592],[76.33289077200246,9.876996733760267],[76.33379663839702,9.87681563490209],[76.33503775541429,9.876843249372385],[76.33614599621157,9.876982965755479],[76.33649662064433,9.877116516843873],[76.33650563138849,9.87711672061754],[76.33684742082995,9.877245582314307],[76.33869169048444,9.87803997782852],[76.34019380118254,9.878545496819278],[76.3412605685811,9.878897509186276],[76.3428862327763,9.879135018724968],[76.34391552415524,9.879379317823823],[76.34508799848037,9.879805148224634],[76.34642467543996,9.880466381390473],[76.34770736735098,9.880961728809744],[76.34946403706961,9.8815092415965],[76.35046359795888,9.881859495840926],[76.35197758795628,9.882774251018862],[76.3526647958984,9.883240917245052],[76.35335862497158,9.8839700680303],[76.35403946605201,9.883307255382922],[76.35713571179467,9.880283540988135],[76.35732287626126,9.879981587987166],[76.35902527462356,9.876419781124172],[76.36030484122531,9.873940812662083],[76.3614834411992,9.871548112895182],[76.36188354806109,9.870815918481421],[76.36237771810764,9.870259563999241],[76.36393608602911,9.869121369276536],[76.36552923412434,9.868024115333727],[76.3666333332935,9.865905171768555],[76.36759566993412,9.864067162748137],[76.36832121554092,9.862538717962137],[76.36999874295772,9.859225255445658],[76.37145307148204,9.856390756590491],[76.37191920921548,9.855526980358883],[76.37196866670322,9.85535038973148],[76.37193837399417,9.855136264030662],[76.37171396044306,9.854801561853375],[76.37064540756352,9.85365851651156],[76.37016310310958,9.853072779590814],[76.36983491251114,9.852593174089606],[76.36970137509094,9.852211871327373],[76.36966984540256,9.851526531367982],[76.36974579926095,9.850501614856574],[76.36981813202264,9.849272176662673],[76.36988454741726,9.848095918181603],[76.37001101919323,9.847196715994265],[76.37030140923666,9.845506090432792],[76.37054763970927,9.844138925299562],[76.37090974251029,9.842103431877137],[76.3711153458045,9.841090738300132],[76.37151144918538,9.838611629165715],[76.3716534632181,9.838148570654843],[76.37206864142539,9.837519086769358],[76.37238410886792,9.837109355882683],[76.37241166365907,9.837083365826972],[76.3724162561237,9.837079061875581],[76.37280202258185,9.836719942017815],[76.37464596712499,9.837513809963092],[76.37538392630393,9.83791929078432],[76.37610139246789,9.838595507347225],[76.37665432624435,9.839396353799028],[76.37712600933301,9.839701731420456],[76.37873312806188,9.84133406490619],[76.3798484205504,9.842571553616356],[76.38041025803861,9.843030352853242],[76.38192955633697,9.84355359808768],[76.38385770820791,9.844042785079896],[76.38689638431693,9.844573448774305],[76.38778218802395,9.844462678601493],[76.38782722424092,9.844454949393555],[76.38841684403609,9.844358797442261],[76.38879346814745,9.843834952281775],[76.38943774454938,9.842144386227996],[76.39003574608333,9.840510519158494],[76.39148764575842,9.836880310676028],[76.39258101930203,9.834805650246297],[76.39407050757423,9.83127421220896],[76.39450698413333,9.830685231832332],[76.39512721456595,9.830443247814063],[76.3955125612707,9.830097381351584],[76.39591397760361,9.82982760706562],[76.39656749066046,9.82985745370736],[76.39707954381686,9.829812673366149],[76.3976501376892,9.829933877378865],[76.39798179092759,9.829933320282864],[76.3985553830508,9.829934542120895],[76.3992535620789,9.829974518979824],[76.3996869309814,9.830025509171692],[76.40032488484295,9.830139470510456],[76.40090376458592,9.830109629832865],[76.40134913646484,9.830045410332481],[76.40214221960413,9.830225484308524],[76.40248110180958,9.830291840380731],[76.40324115543592,9.830364437089534],[76.40370550294797,9.830433984221141],[76.40442299123461,9.830416596991212],[76.40519813199994,9.830422846579125],[76.40529693364351,9.83041646895636],[76.40581760559822,9.830385249104653],[76.40647000985133,9.830112851463293],[76.40680711501416,9.82955239772495],[76.40705963429124,9.828967628889252],[76.4075212312103,9.828445928337908],[76.40786530880617,9.827787950878108],[76.40818907820142,9.827396056666354],[76.40891713703198,9.827316700726515],[76.40949288867442,9.827411306651038],[76.41025325485971,9.827470499217041],[76.41061189330267,9.827639535492697],[76.41093565591947,9.827945558353777],[76.41128087233704,9.828114299666137],[76.41161946607365,9.82802060136659],[76.41192397896394,9.827503816627525],[76.41251428520881,9.82580750798953],[76.41273695163639,9.82551530166221],[76.41313805043674,9.825254383841221],[76.41335850857689,9.824868767811477],[76.4134475039886,9.82454659513222],[76.41351257301628,9.82375702060852],[76.41397238145294,9.822955294659957],[76.41419204359312,9.822427430928242],[76.4143018745252,9.822336911208987],[76.41467030189138,9.822475136729457],[76.4170184833243,9.823178836063656],[76.41762333386247,9.823358519804941],[76.4179468143065,9.823851151895346],[76.41799201675038,9.824012348501332],[76.41805770152385,9.8244229013258],[76.41880027266046,9.824650518605885],[76.41920753287003,9.824847466095767],[76.41948227608994,9.824792168257193],[76.41965716856573,9.824263210563336],[76.41980663479238,9.824026993827712],[76.42023790525829,9.823811120969928],[76.42066237642048,9.823510716048085],[76.42137368035702,9.823386392104059],[76.42216196340169,9.823752926212173],[76.42291289812844,9.824002997432627],[76.42342431876146,9.823984752263312],[76.42426423431387,9.824085891109405],[76.42560469800445,9.824417451036666],[76.42736385920766,9.824848433620868],[76.4285352371706,9.82513120566109],[76.42890053474767,9.825215985050901],[76.42980062080018,9.825594130468117],[76.43032384373218,9.825816243004802],[76.43193852104706,9.82681679907588],[76.43367685236386,9.828065030658745],[76.4343917048401,9.828678567270517],[76.43520109532524,9.829276731076286],[76.43584955746427,9.829679706513007],[76.43664984676118,9.830108644052437],[76.43817635013951,9.830880334149251],[76.44071945298619,9.832033107254148],[76.44138607140975,9.832432010151658],[76.44202664684596,9.832794752668251],[76.44296777595534,9.833325091527982],[76.44336189713265,9.833512705123686],[76.44406813459162,9.833761566702739],[76.44452015633733,9.83378614625996],[76.44487561151044,9.834084001141811],[76.44512249649328,9.834423540686839],[76.44550098783078,9.834517430666656],[76.44608875940011,9.834669976477926],[76.44661500645584,9.835123181074088],[76.44756201631806,9.835778067187821],[76.44787068232216,9.836505813089994],[76.44805559912396,9.837870568473653],[76.44839948189255,9.838799271632354],[76.44908124269001,9.840012011230769],[76.44962354184767,9.840896796063578],[76.45068368429321,9.840976595180308],[76.45235495122071,9.841173958702917],[76.45319547520874,9.841257153116247],[76.45395770565699,9.841422866670738],[76.45404790910442,9.84157628949287],[76.45427509441868,9.842164177637464],[76.45494535057233,9.843127740252582],[76.45569283128147,9.844582114860883],[76.45663262619091,9.846050233225412],[76.45696236479773,9.846658547510359],[76.45777099753973,9.8476476789086],[76.45885852211612,9.848950531316508],[76.45923944482576,9.84930674022635],[76.45976325586227,9.84950657187532],[76.46086665008109,9.850538666468433],[76.4613286748799,9.850879037077075],[76.46133326422976,9.85087472984505],[76.46145850046449,9.850708976590704],[76.46126866028993,9.850064112695117],[76.46117863835316,9.8490173171028],[76.46112312479445,9.848553576392918],[76.46082172723865,9.848243868156631],[76.46056136861304,9.847903957358696],[76.46049985329569,9.847502387493],[76.4603409018175,9.847053930257529],[76.46032889881072,9.846995779413168],[76.4611159759879,9.8468910025753],[76.46231564614843,9.84659635370149],[76.46290307716554,9.846410996491285],[76.46424102614328,9.845790858551018],[76.46582060019072,9.845185671055907],[76.46679800609088,9.844818747134902],[76.46746051984964,9.844675281471428],[76.46822081355403,9.844387417115916],[76.46895542161577,9.84405008177089],[76.4709842209224,9.843402660970527],[76.4727367695314,9.842690526022176],[76.47324843620162,9.842663247480807],[76.47368032437022,9.842242821850737],[76.47374889332433,9.84165773717224],[76.47442699156232,9.842136861116071],[76.47529375904467,9.842425095938047],[76.47606274339972,9.842857565516436],[76.47709840300037,9.843554465392728],[76.4777810725405,9.844033621651763],[76.47847882840823,9.844802137602759],[76.47884680994865,9.845140241139607],[76.47886878291415,9.8451585226906],[76.47927797356473,9.845817669267086],[76.47959274151502,9.84630998094222],[76.48001534298334,9.846436028909707],[76.48033628621639,9.846506199210276],[76.48092848925994,9.846485337522413],[76.48114274414412,9.846343898261111],[76.48125604847877,9.846115571536377],[76.48136502880088,9.845882742944239],[76.48125604847877,9.845759998518862],[76.48103879350721,9.845665737878074],[76.48041870593441,9.845370343106305],[76.4802360411784,9.844970179184987],[76.4802628673229,9.844264044474185],[76.48056845554527,9.843520443697399],[76.48103888175056,9.84317203449137],[76.48209550345032,9.842860425853322],[76.48289886198513,9.842818064495022],[76.48364018172641,9.84328094676028],[76.48426722497531,9.84401205976234],[76.48491976676867,9.844797220727758],[76.48555509842737,9.845555232085841],[76.4858942054279,9.845972639400449],[76.48570069482804,9.846358994979523],[76.48655635716378,9.846553501664847],[76.48800233163139,9.846802616371239],[76.48874565171468,9.847367715688591],[76.48911325121793,9.847541295486053],[76.48947079059059,9.847585646890588],[76.48994771410902,9.847690837301332],[76.49009462914135,9.847907827045967],[76.49023254382215,9.848306868641988],[76.49049804902337,9.848442280496421],[76.49113247101658,9.848524638804811],[76.49145726917034,9.84879934769833],[76.49177086053108,9.849162732787315],[76.49213059847712,9.849473894896382],[76.49262577696663,9.849566095289832],[76.4932473062375,9.849448117900016],[76.49374486280213,9.849447039024358],[76.49431353435372,9.849647820165165],[76.4947933517934,9.849819622082373],[76.4956459542397,9.850138504456147],[76.4963309967885,9.850346576756317],[76.49699335996411,9.850745144296786],[76.49752222457536,9.851104937829584],[76.49810084975175,9.85144369433253],[76.49856521267539,9.851517334616567],[76.4989399310782,9.851410993385091],[76.49910651145667,9.851379535400225],[76.49918371362516,9.85134146386763],[76.4994418773426,9.85123223548975],[76.49961904476368,9.851138870515433],[76.4997963001732,9.85104093165101],[76.49996923204642,9.850938573273346],[76.49999190728005,9.850925758897196],[76.50015072203463,9.850849627334611],[76.5003489755135,9.850810129043671],[76.5004826442433,9.850662239115492],[76.50067966199434,9.850671543130003],[76.50087729705497,9.850654240240964],[76.50099764254246,9.850501566479592],[76.50112672265884,9.850358067997714],[76.50132832736807,9.850363062874811],[76.5015256085217,9.85035897770423],[76.50171141956616,9.850279110436754],[76.50182752927633,9.850117526540975],[76.50197857761894,9.84999231038831],[76.50216879946348,9.849912538064379],[76.50237084369564,9.849899739794637],[76.50251995037235,9.850032355952209],[76.5026275894051,9.850208319073099],[76.50269905461515,9.850396800867781],[76.50273443429097,9.850593227595981],[76.50281489875462,9.850781908052449],[76.5029496236822,9.850949730995685],[76.50313155063778,9.85102533628795],[76.5033294466432,9.850999054067433],[76.50352804817085,9.85094175718584],[76.50371791482864,9.850879695811809],[76.50391210437063,9.850822303337502],[76.50410197046551,9.850755830690765],[76.50429210096473,9.85068046348356],[76.50449423011285,9.850663256636851],[76.50469521199105,9.850694856527088],[76.50489107638352,9.850748553763548],[76.50508199976751,9.850819944620353],[76.5052682468455,9.85090013473253],[76.50544037737436,9.851006552621525],[76.50560315564965,9.851130569199382],[76.50575666993322,9.851263282934946],[76.50591494826264,9.851387201203243],[76.50608249016312,9.851498011725823],[76.50627852890999,9.851547222207941],[76.50646856798797,9.851476343436241],[76.50656261693639,9.851300877557467],[76.50662561028392,9.851111255663543],[76.50681847207893,9.851107155193398],[76.50701803873918,9.85119204527021],[76.50721866379845,9.851232535176091],[76.50741972967396,9.851259726574392],[76.50762123636362,9.851269125174921],[76.50782318386536,9.851256319909384],[76.50802548395211,9.851234623476126],[76.50821957881017,9.851181634617886],[76.50839699890086,9.851074789246033],[76.508594975085,9.851044095395206],[76.50879639172099,9.851057983702766],[76.5089973669219,9.85108517037275],[76.509193665928,9.85112107315276],[76.50939481696027,9.851143772506123],[76.50960134933968,9.851131068111318],[76.50979138354033,9.851060186355575],[76.50995989088506,9.850953228850443],[76.51011992854758,9.850828201406275],[76.51027555483888,9.850698750974043],[76.51043109271971,9.850573624750684],[76.51058671863687,9.850444091038279],[76.51074234436689,9.850314557301544],[76.51089796990978,9.850185023540483],[76.51105350704259,9.850059980424685],[76.51119166408945,9.8499121795891],[76.51139413535716,9.849881581779949],[76.51159193051195,9.8498553722202],[76.51179431293099,9.849829181503432],[76.5119921956964,9.849802975172585],[76.51219466571159,9.849772376664935],[76.51238875431764,9.84971938410829],[76.51255725828042,9.849612341796677],[76.51268676798331,9.849451040762624],[76.51281627755657,9.849289823062975],[76.51299333845954,9.849200770515905],[76.51319130761273,9.849170072342972],[76.51339324642346,9.849161672678198],[76.51359492025539,9.84916225061466],[76.51380100482623,9.8491672512466],[76.51400250158068,9.84917223277127],[76.51420452734598,9.84915942505577],[76.51439817183363,9.849124140162635],[76.51458828721034,9.849048763701077],[76.51475722941039,9.848924010299461],[76.51486027081103,9.848748738367787],[76.51491902554554,9.848550204541834],[76.51492396588235,9.84835024540022],[76.5148884130971,9.848158221330019],[76.51482595309339,9.847965609764225],[76.51476358127994,9.84777291905252],[76.51473261591299,9.847576587686262],[76.51471073724471,9.847376046628826],[76.51472467607412,9.847176370816557],[76.51480998520624,9.846991730104541],[76.51495687204958,9.84685310417375],[76.51514698660515,9.846777727750784],[76.51529819584795,9.846643687280602],[76.51538341638185,9.846463537597323],[76.51534795194289,9.846267027325954],[76.51524005882628,9.846099965393538],[76.51516410131244,9.845911390849768],[76.51514213449698,9.845715260939158],[76.51514804524689,9.845657659465449],[76.51515739658201,9.845640061013906],[76.51515386777639,9.845604465301498],[76.51516948274055,9.84551588077893],[76.51512016767781,9.845336872826758],[76.51495766603206,9.845204058637377],[76.51482242427872,9.845054037008078],[76.51473279235385,9.844873984098356],[76.5146476596118,9.844694113422305],[76.51455352831779,9.844514046139432],[76.51445472126258,9.844342695185325],[76.51435600235259,9.84416693748136],[76.5142757215034,9.843973782793991],[76.51423575750164,9.843777264004379],[76.51424060964379,9.843581807094226],[76.51426804629871,9.843382436111611],[76.51430871605623,9.843187844349652],[76.51436288356591,9.842993631748316],[76.51443495984249,9.84279980999743],[76.51450694785831,9.842610395687418],[76.51458325864017,9.842425650170874],[76.51466406862136,9.842240920224137],[76.5147491131322,9.842065182870572],[76.51484324428388,9.84188523566532],[76.51493737536705,9.841705371919671],[76.51502691892993,9.841529733770557],[76.51512104987944,9.841349787282349],[76.51521950354528,9.841174426202455],[76.5153135461346,9.840998970433562],[76.51540758865555,9.840823431670232],[76.51550604210328,9.840648071245704],[76.51560449547608,9.840472711036668],[76.5157118589701,9.840301954943362],[76.51582804434354,9.840135882572653],[76.51596187353194,9.839983587951684],[76.5161043480925,9.839840463554529],[76.51625546799667,9.839710836644876],[76.51641108690784,9.839581224928793],[76.51656661741256,9.839456186594951],[76.5167267351219,9.839326756461062],[76.51688658797612,9.839206219875141],[76.5170508515752,9.839090271823904],[76.51723231761795,9.839001314810435],[76.5174262222281,9.838952720874921],[76.5176248903442,9.83889541480931],[76.51781967654888,9.838811322338112],[76.51797529357763,9.838681709971842],[76.51802046129693,9.838487307104696],[76.51802548973345,9.838287373312987],[76.51801702078761,9.838087144867082],[76.51800405271324,9.837886818541547],[76.5180090811504,9.837686969409516],[76.51800961045954,9.83748693916829],[76.51801904980594,9.83728710257175],[76.518055395694,9.837088019465313],[76.51816266893513,9.836917263116028],[76.51832287288612,9.836783427044066],[76.51847848930922,9.836653899456339],[76.51863401732724,9.836528778693644],[76.5187939560412,9.836403835889454],[76.51894948367972,9.836278715057356],[76.5191050993486,9.836149187356321],[76.51925612752838,9.836024051356526],[76.51940300932138,9.835885350448113],[76.51952369045343,9.83571946299871],[76.51955553684449,9.835520200692244],[76.51958738322772,9.835320938815421],[76.51960140974857,9.835116880932231],[76.51959302912309,9.834912169170533],[76.51955315498172,9.834715590512014],[76.51946802541309,9.834535743234182],[76.51930526457922,9.834411762794304],[76.51911506791964,9.834309309723468],[76.51895221842382,9.834189736425834],[76.5188534147294,9.834018409187264],[76.51877287201908,9.833834255427757],[76.51869691658034,9.83364571053553],[76.51857076517233,9.833491421675934],[76.51838003812452,9.833411249585264],[76.51818869326887,9.833357680459857],[76.51798808521849,9.833312724496924],[76.51779188777404,9.833272356652435],[76.51759101445256,9.83324078697466],[76.5173941106567,9.833231511655232],[76.51719217809227,9.833239840609329],[76.51720108818587,9.833062293957719],[76.51728189653139,9.832877579751104],[76.51737611405825,9.83269324036769],[76.51747465422592,9.832517895982336],[76.51757742880604,9.832347049594063],[76.5176760570387,9.832167215812653],[76.51774786681372,9.831982306347784],[76.51782417568329,9.831797495457524],[76.5178961618126,9.831608100359892],[76.51795517982255,9.831396215079513],[76.51792262729124,9.831084279985262],[76.51788539918309,9.830781144149904],[76.5180313121334,9.830500290357241],[76.51819945587316,9.83022882103352],[76.5183764211889,9.829962034798504],[76.51855320982676,9.829699651912035],[76.51872567555542,9.829432768282002],[76.5188805857529,9.829152113536795],[76.51903981842189,9.828875960453708],[76.51920363819853,9.828595582859418],[76.51934972609564,9.828310247303527],[76.51946458494231,9.828015249385105],[76.51952607231675,9.827705619501353],[76.51949369661534,9.827389294327125],[76.51945223453359,9.827072687322582],[76.5194106842213,9.826760487954658],[76.51936931033018,9.82644397027452],[76.5193458445353,9.826127759743185],[76.51940292110413,9.82581363219386],[76.51955774227294,9.825537392980277],[76.51974811471524,9.825270990872259],[76.5199336349488,9.825017706243901],[76.519923578224,9.824701874698151],[76.51983350875025,9.824361935637414],[76.51986403181107,9.824215979008741],[76.52019184550117,9.824366226303622],[76.52049901570173,9.824449328530743],[76.52081059598648,9.824536935038596],[76.52111300104853,9.824628831187772],[76.52141972798056,9.824729637945893],[76.52172195518601,9.824830429813876],[76.5219679002128,9.825031961066806],[76.52207243552898,9.825332299869292],[76.52221313904892,9.825620202205638],[76.52239027530003,9.825886775637201],[76.52262695647572,9.82610149952005],[76.52289133668752,9.82628131209672],[76.52315571635837,9.826461125142231],[76.52342477085674,9.826636633908779],[76.52369391300914,9.826807653491871],[76.52398166778102,9.826948054461479],[76.5242845947055,9.827022085133763],[76.52455770468433,9.826851033251051],[76.5248221691588,9.826670812817767],[76.52508645666512,9.826494995063479],[76.52535524250294,9.826319358382872],[76.52561952891857,9.826143623433294],[76.52588840185994,9.825963496723825],[76.52615321646049,9.825765566519818],[76.52641953012976,9.825509784860014],[76.52668998922657,9.825267566497562],[76.52696274127112,9.825109728389785],[76.52724501962396,9.825112196165486],[76.52753303111992,9.825243698237673],[76.52782077733899,9.825388502905394],[76.52810861112819,9.825528901401796],[76.52839635606465,9.825669296566716],[76.52868418857076,9.825809612299143],[76.52896893306034,9.82589214101094],[76.5292426506069,9.82569880833576],[76.52952642355119,9.8254612813603],[76.52983163093305,9.825442121433287],[76.53014848130135,9.825494322869664],[76.53046550731132,9.825542037986773],[76.53078270896161,9.825580939955744],[76.53107265316972,9.825454658123267],[76.5313504238735,9.825279209231379],[76.53166974036188,9.82523365608351],[76.53196823881777,9.8251209476875],[76.53225853319645,9.824981365340472],[76.53253586030657,9.824823703760012],[76.53280886462451,9.8246570478877],[76.53305143663567,9.824454053045397],[76.53332876204178,9.824291897555788],[76.53363175524397,9.824183778149633],[76.53394286280762,9.82410685489999],[76.53425820356179,9.824039004829883],[76.53456904499424,9.823975466419366],[76.53488438421789,9.82390761546518],[76.53519557696741,9.823830777214988],[76.53550244686028,9.823744944581051],[76.53580949243522,9.823650215436627],[76.53611644907343,9.823559892301729],[76.53642340498119,9.823469568738812],[76.53673468222324,9.823388321875036],[76.53704569409845,9.823315883899634],[76.53736085085754,9.823256925499507],[76.53767591864171,9.823202373102749],[76.53799521947413,9.823156810632153],[76.53831425490299,9.823120140278366],[76.53863311313428,9.823092365609211],[76.53895144135377,9.823086785672816],[76.53903549963026,9.822768820528639],[76.53902985458507,9.822453071693053],[76.53899739557048,9.822136744482927],[76.53899192693135,9.82181659525974],[76.53897728508994,9.821500654565561],[76.5389403276636,9.821184233372254],[76.53889428522263,9.820872024275873],[76.53883942236921,9.820555051746862],[76.53879787829585,9.820242942958542],[76.53875192400805,9.81992624818655],[76.53870588149981,9.819614044187997],[76.53863743513533,9.819301273103525],[76.53860497602194,9.818984875421902],[76.53861273798458,9.818669514338456],[76.53864308019769,9.818350320052305],[76.53868674121854,9.818035822712476],[76.53873040222463,9.817721326461509],[76.53877397501192,9.81740682775224],[76.53882213439127,9.81709243137857],[76.53887020554868,9.81677803253496],[76.53891836489208,9.81646363831547],[76.53896643601362,9.816149241626343],[76.53901459532108,9.815834849561144],[76.539067164801,9.815520635895998],[76.53913322943579,9.815206633084998],[76.53918147688469,9.814887838193261],[76.53918015382874,9.814576702616751],[76.53908912754716,9.81427227858372],[76.53897560921642,9.81397169392906],[76.5388576805883,9.813666606951893],[76.53878455949243,9.813362656978171],[76.53907968974103,9.81338758314484],[76.53938663859553,9.813479542675106],[76.53969852610837,9.81354932037029],[76.54002011521419,9.813592698029119],[76.54034276195303,9.813591689949913],[76.54065332411197,9.813537031882385],[76.5409646793453,9.813451289022135],[76.54127188831858,9.813347657808203],[76.54156198535333,9.813216964520585],[76.54186919290302,9.813113332485777],[76.54218883615673,9.813054461430914],[76.5425030101275,9.813035388684069],[76.54282494504142,9.813061055570097],[76.54314229269818,9.813095440121726],[76.54345946317184,9.813134226862696],[76.54378113109459,9.813173194105108],[76.54410632622874,9.813252238497963],[76.54442711053527,9.81332669599272],[76.54473228265635,9.813307425747807],[76.54468888828322,9.813070810230773],[76.54442349432948,9.812748815709362],[76.54425097473639,9.812477977599425],[76.54406945847339,9.812206862319941],[76.54388785375419,9.811940237291314],[76.54376684259955,9.811759495113904],[76.5435843554467,9.811528444931382],[76.54338034702833,9.811261255333442],[76.54319909414184,9.810981253619943],[76.54305832530082,9.810693395200119],[76.54292664102651,9.81040132718535],[76.54280395314551,9.810109455442955],[76.54269026168349,9.809813370597148],[76.54259024133842,9.809508767941486],[76.54252170883493,9.80920043982548],[76.54250715559589,9.808884464434492],[76.54253291041778,9.80856511778397],[76.54256316350676,9.808250362262752],[76.5425979148597,9.807931212903277],[76.54264157454108,9.80761666535067],[76.54269855260809,9.807306979840298],[76.5427690254456,9.8069931785502],[76.54283941004331,9.806683783927902],[76.5429142928626,9.80637448774756],[76.54298908743728,9.806065188998154],[76.54305956011589,9.805755884053381],[76.54311644979705,9.805446117856263],[76.54316460755402,9.805131759327029],[76.54327071331772,9.804827714931411],[76.54353522763833,9.80463859512058],[76.54385442575709,9.804597503569799],[76.5441729174826,9.804583004251565],[76.54436290081773,9.804329829412813],[76.54440647170097,9.804015372427603],[76.5443919186748,9.803699498268971],[76.54437745384718,9.803379136653042],[76.54435831440811,9.803063164059473],[76.54434825958646,9.802747390997185],[76.54435610940342,9.802427596099832],[76.54437286743808,9.802112402576704],[76.54439871008722,9.801793082697456],[76.54441996632376,9.801478072038275],[76.54442322972905,9.801162589957343],[76.54453824266304,9.800863240095778],[76.54487851805821,9.800871489011211],[76.54518130772027,9.800767760718507],[76.54547562952649,9.80064156447871],[76.54574860644726,9.800474914374359],[76.54602581634381,9.800317168523982],[76.54631166913133,9.800173079104946],[76.54658041074458,9.799997357369543],[76.5468704958278,9.79986225499471],[76.5471031631725,9.799876747518402],[76.54712239040204,9.800183896281599],[76.54709275577181,9.80047644123793],[76.54709019802068,9.800760839788548],[76.5473366238802,9.80094458992324],[76.54757449406402,9.801110361406948],[76.54776597174602,9.8013372454255],[76.54796221182022,9.801555336960476],[76.54816780053902,9.801760327748358],[76.54842366145911,9.801922081464822],[76.54870853875546,9.802000063501037],[76.54900320528962,9.802042833189086],[76.54929795934629,9.802081113979627],[76.54958900847086,9.802088132992491],[76.54988120349078,9.802050774400875],[76.55016978180316,9.801977831541876],[76.55044151402986,9.801859955564938],[76.55070477888259,9.801724186595207],[76.55099282617505,9.801668940814118],[76.55128281312277,9.80172042173854],[76.55156706672612,9.801825080479707],[76.55182803620518,9.801960334338835],[76.55208918154493,9.802091103215052],[76.55237863685457,9.802164774536998],[76.55267056095909,9.802136303519559],[76.55295498788631,9.802049880350792],[76.55322662603928,9.801936489276432],[76.5534938539225,9.80181851191706],[76.55379441848254,9.801803613361344],[76.55407425686234,9.801903767882893],[76.55433504487075,9.8020478319607],[76.55461038422354,9.802147806268591],[76.55489057360067,9.802234664543349],[76.55495724747026,9.802254060042095],[76.55498396992414,9.802263534105853],[76.55500169669743,9.802268404627133],[76.55517517200659,9.802321533267333],[76.55545536015379,9.802408308308157],[76.55572540556523,9.802539267418675],[76.55595364729331,9.802731526648634],[76.55613170730926,9.802962455002152],[76.55629124675761,9.803215186623893],[76.55644187862563,9.80346772834698],[76.5566015058811,9.803716056171716],[76.55675672335393,9.803964208066033],[76.55690717829371,9.804221238010676],[76.55703505603502,9.804486514771641],[76.55707289018376,9.804771891410141],[76.55702535496944,9.805063994644884],[76.55695100950626,9.805351113221281],[76.55686793303038,9.805633473042747],[76.55682048593195,9.805921256295138],[76.55680434685918,9.806214206603443],[76.55680602250071,9.806507539803468],[76.556816693691,9.80680106853648],[76.55682745307205,9.807094685063653],[76.55688310198751,9.807380452778112],[76.55702429667133,9.807650518371837],[76.55717951363398,9.807898767461623],[76.55733940454796,9.808138136431621],[76.55750379301345,9.808377686725175],[76.55766809307778,9.808621643869335],[76.55783230474128,9.808865681571213],[76.5580011903097,9.80910533176209],[76.55818833113482,9.809327577836475],[76.55842141897305,9.809506574048289],[76.5586681758988,9.809676967227274],[76.55888706424079,9.809886761120653],[76.55902411178822,9.810143358561518],[76.55902587559096,9.81043671143749],[76.5589962437016,9.810729387948976],[76.5589666118054,9.811021982227864],[76.55893715628278,9.811310091666744],[76.55890752437297,9.811602771068587],[76.55887789245634,9.81189536823691],[76.55884393921013,9.812183383215514],[76.55878749743037,9.812475405518324],[76.55872223659165,9.812758255247555],[76.55871050727522,9.81305124190754],[76.55878864390428,9.813337602575611],[76.55908037708393,9.813500243596723],[76.55925058386308,9.813686546213088],[76.55913188009166,9.813954774543223],[76.55903980963183,9.814237052460628],[76.55894747453549,9.814528140218224],[76.55887313018339,9.814819618172736],[76.55884367463935,9.815103330412999],[76.55888609414824,9.815384354256784],[76.5590140581121,9.815645266141638],[76.55920534239404,9.815885423372848],[76.55942863931479,9.816099741369193],[76.55965687447129,9.816291958918526],[76.5598899596477,9.816470892217962],[76.56012304440159,9.81664990920455],[76.56035621692217,9.816828847004459],[76.56058930083081,9.817007864951472],[76.56081779849377,9.817191192506488],[76.56104215087926,9.817361040843968],[76.56126156431154,9.817548581173304],[76.56146148771978,9.817802322664708],[76.56145460901925,9.818082127857933],[76.5613669496493,9.81836443212592],[76.56127055954876,9.818642142920124],[76.56114727183085,9.818914697141302],[76.5610153414953,9.819178167883056],[76.56092812277,9.819442768887876],[76.56121455977738,9.819640828632595],[76.56143547211964,9.81977060449327],[76.56170559316237,9.81990160765542],[76.56199370401137,9.819846358027451],[76.56227811032262,9.819764331781487],[76.56255810661898,9.819673307759693],[76.56284259986893,9.819586874142962],[76.56312691611454,9.819504843261138],[76.56343001558818,9.81938770219866],[76.56365956644503,9.81953105426408],[76.56375128084869,9.819808834497136],[76.56382941441403,9.820095223850794],[76.56391671935748,9.820372829221771],[76.56400384786816,9.820655005260507],[76.56406866509235,9.82093653621332],[76.56408365682663,9.821234707335845],[76.56421620131884,9.821495660182336],[76.56449160770086,9.82159567364746],[76.56478041779401,9.821695975723225],[76.5650361574873,9.821866597167531],[76.56496216940079,9.822140396249853],[76.5648567870109,9.822417845100599],[76.56474249772721,9.822690693026198],[76.56463261765644,9.822967962613141],[76.56452732318266,9.823241006625961],[76.56456153948679,9.823490778323308],[76.56482063068987,9.823705893632763],[76.56498941889171,9.823950003753747],[76.56512187426371,9.824210963208715],[76.56531385494334,9.824424550771578],[76.56557982310959,9.824542082490016],[76.56585028818351,9.824659711741399],[76.56612066450282,9.824781831302428],[76.56639112843818,9.824899460815596],[76.5666786114883,9.825053058196229],[76.56696750485007,9.825153369934405],[76.56720842519097,9.825012587229843],[76.56744140848767,9.82483154117626],[76.56767007033577,9.824645910999],[76.56790305279512,9.824464864779811],[76.56813162563753,9.824283724651458],[76.56833409568597,9.824066418816802],[76.56854970477251,9.823862705687109],[76.568808523382,9.823726718293495],[76.5690844490185,9.82362229088382],[76.56936460684824,9.823526854043816],[76.56964485224964,9.823431337173668],[76.5699250088568,9.823335899626898],[76.57020507667025,9.823244868675964],[76.5704853202374,9.82314943396152],[76.5707654750108,9.823053995354003],[76.57104562917291,9.822958556393203],[76.57132137363891,9.822862940114414],[76.57160152658801,9.822767500452928],[76.57188176710709,9.822672063977235],[76.57216615152701,9.822585531228865],[76.5724379254444,9.822467701900125],[76.57267971732982,9.822295743364531],[76.57290404899999,9.822101114922793],[76.57311947405167,9.821906295509462],[76.57333930775744,9.821711653013487],[76.57356363827483,9.821517024520995],[76.57378355939987,9.821322302319848],[76.5740033919682,9.821127659786189],[76.57423204213018,9.820942025441688],[76.57446501268221,9.820760974799171],[76.57469366202172,9.820575423530741],[76.57491790199252,9.820385201706854],[76.57516383362166,9.820222312421386],[76.57544459543598,9.820104591262426],[76.57573690804156,9.820062726018831],[76.57603283529815,9.820056538326185],[76.5763287618722,9.820050350310446],[76.57662459958567,9.82004415843488],[76.57688225560177,9.820139289262663],[76.57707853940641,9.820357364823463],[76.57727482291074,9.820575357898008],[76.57747560316577,9.820793532074953],[76.5776719742399,9.821011613362366],[76.5778683450134,9.821225284881326],[76.57806921251651,9.821443464772107],[76.57826549450499,9.821661461480783],[76.5784617761931,9.821879542136465],[76.57866264276689,9.822097724218555],[76.5788315891236,9.822150686779711],[76.57894277968892,9.8221845226736],[76.57924275565789,9.822196138513304],[76.57953761671432,9.822234345268356],[76.57982798012443,9.822272454665256],[76.58012292801097,9.822306253943433],[76.58041787521913,9.822340052994965],[76.58068910260607,9.822426576764636],[76.58079429564825,9.822704669733257],[76.58081863199776,9.822994084278035],[76.58088776131324,9.823280220040807],[76.580966060799,9.823562147607909],[76.58103977513603,9.823843892352201],[76.58111789817906,9.824130225715367],[76.58119170060372,9.824412059393858],[76.5812744968217,9.824689594520526],[76.58135746933581,9.824962727031664],[76.58144493870806,9.825235957739835],[76.5815278229372,9.825509005551819],[76.58161079528736,9.825782141151333],[76.58169376758384,9.826055277779313],[76.58177665165212,9.82632841189839],[76.58185503876952,9.826605860704982],[76.58193351401339,9.826878820018692],[76.58199153275831,9.827071314253805],[76.5820275960683,9.827245534287437],[76.58200308359953,9.82733385040331],[76.5819962941739,9.827427038882389],[76.5818776996033,9.827695340073532],[76.58176801054964,9.827963749516279],[76.58168953520446,9.82824190100032],[76.58161564489173,9.828515659833872],[76.58154157818706,9.828793906514084],[76.58145869396682,9.829067472381931],[76.58137589786779,9.829336631525765],[76.5812841078808,9.829610007870171],[76.58120122349413,9.829883575870927],[76.58113165347288,9.830161923527529],[76.58108439168788,9.830445245454282],[76.58105502941342,9.830728953771011],[76.5810435666618,9.831013131767179],[76.58103210390917,9.831301805019445],[76.5810206411555,9.831585984926127],[76.58100917840082,9.831870165780444],[76.5809977156451,9.832154347582385],[76.58098616471331,9.832442937932496],[76.5809747901306,9.832727125184203],[76.58095883044308,9.833011212538379],[76.58094727950778,9.833299889015581],[76.58093590492163,9.833584079120465],[76.58091994522927,9.833868169312595],[76.58090848246559,9.834152357767536],[76.58089693152574,9.834440954874335],[76.58088555693512,9.834725148779473],[76.58089199371909,9.835009725910352],[76.58089402174684,9.835294293454812],[76.58087797387415,9.835582797111117],[76.58090239838289,9.83586784983402],[76.58103527821001,9.83611547613668],[76.58125933074531,9.836298680098382],[76.58152464864855,9.836447335266747],[76.58177621077957,9.836604510787748],[76.58205043322022,9.8367533577181],[76.58215730045626,9.836964818201826],[76.58207512202854,9.837211719525115],[76.58190741438705,9.837469918989662],[76.58172621582122,9.837732238173674],[76.58158531281785,9.8379955935365],[76.58147139112744,9.838255039024942],[76.58135738116101,9.838518976233805],[76.5812433710932,9.838782914026103],[76.58113385784677,9.83904703304062],[76.58102425633176,9.839311065873275],[76.58091923982846,9.839575200258773],[76.5808185438226,9.83984392035497],[76.58071784773766,9.8401126410961],[76.58062164851435,9.84038145991546],[76.5805209522748,9.840650181952435],[76.5804113502359,9.840914218468159],[76.5802926660238,9.841186963556503],[76.58014638273157,9.841485652587506],[76.57999992292103,9.841793324944037],[76.57987577142744,9.842105889968225],[76.57980575980774,9.842401986092689],[76.5798033790593,9.842681989051883],[76.57990037247869,9.84292877872607],[76.5800411009822,9.843038816484842],[76.58017406987744,9.843099847471512],[76.58024205325803,9.843070365917677],[76.58041796339457,9.843025743609077],[76.58070153531716,9.842974709808102],[76.58098466573735,9.842945966136032],[76.58127246879995,9.842904008346784],[76.58155612700743,9.842853060272219],[76.58183969641286,9.842802108300095],[76.58212335336536,9.842751159516547],[76.58240260098626,9.842695621532442],[76.58268616851939,9.842644668500684],[76.58296991177265,9.842589310491643],[76.58325365439786,9.8425338688851],[76.5835373082217,9.842478506618244],[76.58381672910863,9.842418562251805],[76.5841005580322,9.842358711405037],[76.58437988951853,9.842298762791573],[76.58465930856859,9.842234322415552],[76.58494322379856,9.842170062323072],[76.58522272979253,9.842105624779895],[76.58550655560234,9.842045772143454],[76.5857900280965,9.841999223378087],[76.58607782036977,9.841961754476701],[76.58636093891472,9.841928509255935],[76.58664881807685,9.841886548232658],[76.58693581488255,9.841880094999265],[76.58712776292501,9.842098069229907],[76.58729687446689,9.842328861738437],[76.58747065882713,9.842555264481973],[76.5876397699164,9.842785975347223],[76.58780896895279,9.843016773800702],[76.58797349474258,9.843251880430653],[76.58812902696695,9.843491204993084],[76.58828447083245,9.843734938720567],[76.5884535808474,9.843965653693797],[76.58863653329722,9.844183440115613],[76.58883306361368,9.844392615888985],[76.58902968179808,9.844601795874043],[76.58923370590894,9.844873373902498],[76.58942538600047,9.844918033385385],[76.58960119536304,9.844691096445152],[76.58977770983633,9.844437550122043],[76.58995360688414,9.844210617246128],[76.5901294155216,9.843983681062973],[76.59030090365411,9.84375224297672],[76.59046789496195,9.84352062458196],[76.59061725236747,9.843279807607022],[76.5907621130141,9.843034315348277],[76.5909025650853,9.842788812964201],[76.59104760174544,9.842538916772563],[76.59120603978157,9.84229380442357],[76.59140406500909,9.842076336487661],[76.59158789492169,9.842071813529781],[76.59160332427885,9.84235670398633],[76.59160094374958,9.842641130089364],[76.59152670648128,9.842928249202624],[76.59163189062662,9.843206341166807],[76.5919236373135,9.84319108486224],[76.59221026963043,9.84319801527679],[76.59236606121117,9.843428444381233],[76.59239013086123,9.843726839692028],[76.59240547195452,9.844016061779579],[76.59244796853666,9.844297135221556],[76.59251735607927,9.84457437809034],[76.59275743492317,9.844655692147505],[76.59304953171225,9.844622718842853],[76.59333272301272,9.844589470868804],[76.59357006716931,9.844781889983036],[76.59354158942043,9.845030148866117],[76.59325742874928,9.84510331557831],[76.5929773231204,9.84519437602112],[76.59281906360997,9.845435009642737],[76.59283431648495,9.845728813126836],[76.59292627453088,9.846002139544806],[76.59315497910656,9.845998754091465],[76.593409251563,9.845862618752417],[76.59368071594777,9.845757974574264],[76.59387529886644,9.845864851213832],[76.59397184080285,9.846133867555283],[76.59420495180848,9.846317297280857],[76.5944918435148,9.846315248727768],[76.5947709760083,9.846264188923312],[76.59504693393946,9.846159640113543],[76.59530102630711,9.846032402376045],[76.59554259873566,9.845869281873814],[76.5957403527602,9.84566069749707],[76.59595556310128,9.845474707870093],[76.59621847012227,9.84535206888101],[76.59649698169918,9.84532762078629],[76.59677267141585,9.845418688492856],[76.59703830984223,9.845553972964261],[76.59729045865147,9.845688882623232],[76.59753811061712,9.845828190596746],[76.59779025844138,9.8459631007201],[76.59805175107965,9.846084983370458],[76.59831341950971,9.84619788249357],[76.59857984820358,9.846302065313854],[76.59885994156971,9.84639322732374],[76.59914602937633,9.846426772443126],[76.59942532804146,9.846366806751389],[76.5996883160945,9.846244166085746],[76.59994257556865,9.8461080215931],[76.60019683453736,9.845976289003506],[76.6004555010832,9.845844733085034],[76.60070958270926,9.845717405051483],[76.60098535150865,9.845621832147469],[76.6012726688164,9.845601978568165],[76.6015593683524,9.845608905780782],[76.60185047528014,9.845615843116656],[76.60213708536017,9.845627178389691],[76.60242343031686,9.845647327110044],[76.60271021543277,9.845649761344077],[76.60299832230388,9.84559880279483],[76.60325645422448,9.84548944940754],[76.60348998910932,9.84528612035983],[76.60364373928762,9.84504529186204],[76.60369531255714,9.84476656557113],[76.60371567738092,9.844482508873257],[76.60374053833023,9.844198633484478],[76.60376531111532,9.8439147554754],[76.60379466818185,9.84363097904407],[76.603859817924,9.843348056643134],[76.60395599968834,9.843079283061293],[76.60406549341447,9.842815206422731],[76.60417498704682,9.842551130380093],[76.60428448058538,9.842287054933395],[76.60439397403015,9.842022980082652],[76.60450346738114,9.84175890582788],[76.60461296063832,9.841494832169115],[76.60472254196043,9.841230762641949],[76.60483203502996,9.840966690175113],[76.6049415280057,9.84070261830434],[76.6050901632478,9.840670619481124],[76.60525069969412,9.840705526708861],[76.60541105962234,9.840744922022294],[76.60556709960125,9.840779732128128],[76.60572789992254,9.840801413976093],[76.60588455661997,9.84080961048374],[76.60604200654556,9.840786705253961],[76.60609869199759,9.840668023972459],[76.60607647624023,9.840476337073797],[76.60610733145775,9.840312667535693],[76.60626107848772,9.840254068332046],[76.60642214240848,9.84026685288649],[76.60658320612623,9.840279554120539],[76.60673994993252,9.840283341432137],[76.60690110140692,9.840291634095072],[76.60706242899226,9.84029102659705],[76.6072193485247,9.840290325525114],[76.60738102833575,9.840276412868997],[76.60754217900167,9.840284705178187],[76.60766489315797,9.840398758702536],[76.60769248619557,9.840554949907181],[76.60772915936093,9.840706927010995],[76.60776565620253,9.840863392593898],[76.60779783336099,9.841015273309752],[76.60782093038482,9.841171452012112],[76.60782604346586,9.841331571711383],[76.60783556437485,9.84149178521476],[76.60788572544844,9.841639643248262],[76.60804079268497,9.841714538842393],[76.60819718207799,9.841736043483305],[76.60835859618312,9.841730944268921],[76.60851551412367,9.841730243233561],[76.60867622257875,9.841756332905058],[76.60884098600164,9.841800316587596],[76.60900125326852,9.841844119986977],[76.6091616966456,9.841883518367467],[76.60932284506548,9.8418918107552],[76.60948020259877,9.841868900082178],[76.60962997858066,9.841792407510706],[76.60975815635626,9.841684414237559],[76.60986411890444,9.841562460654696],[76.60994804259072,9.841431132477386],[76.61001424705641,9.841286024416329],[76.61006282048413,9.841131635394369],[76.61010689798876,9.840977066371433],[76.61014665588488,9.840817995644956],[76.61018200602159,9.840654419714053],[76.61022167573941,9.840495345974443],[76.61026584134412,9.840340781460466],[76.61032323016093,9.84019107595967],[76.61039393032684,9.840046066463565],[76.61046903819089,9.839905645783723],[76.61053973827607,9.839765048582203],[76.61061484605439,9.839624628194535],[76.61069436151804,9.83948871332926],[76.61077387693219,9.839348386631357],[76.61085339229683,9.83921255526677],[76.61092841173627,9.839076543845897],[76.61099919972156,9.838931539099603],[76.61115655518965,9.83890862657276],[76.61131717216779,9.838939120942841],[76.61147364570361,9.838956213382529],[76.61162077472945,9.838986333630242],[76.61163029535558,9.839151039707891],[76.6116031439384,9.839345992692394],[76.61169914356616,9.839450482920507],[76.61187227769862,9.839521270281754],[76.6120641883237,9.839552519550692],[76.61222647907738,9.839516401884609],[76.61231895209791,9.83939856994735],[76.61238506718117,9.839257954916551],[76.61245135853692,9.839112851893445],[76.61252646519098,9.83897243100589],[76.61259707598389,9.838831830111417],[76.61266777489098,9.838691316145145],[76.61275160858172,9.838559986036065],[76.61286215260711,9.838438133940057],[76.61300778143227,9.838343826304337],[76.61316531073109,9.83831650746488],[76.61332663040477,9.83832030722273],[76.61348327778354,9.838328498132825],[76.61364450890292,9.838332377431993],[76.61380565166624,9.838340665061404],[76.61396247476195,9.838344367597411],[76.61412361712394,9.838352655061476],[76.61428035167695,9.838356437143974],[76.61444158178969,9.838360232768961],[76.61460281169882,9.83836411155048],[76.61475972196703,9.838363405231357],[76.61492112777768,9.838362795686617],[76.61499605667557,9.838226778920516],[76.6150323751373,9.838023202724814],[76.61512458167093,9.83791867886257],[76.61528113869211,9.837931360230172],[76.61544201493558,9.837948460020955],[76.61559839526501,9.837969958098673],[76.61574975079036,9.838013647629747],[76.61571008279,9.838168225548579],[76.61566133520823,9.838331513674644],[76.6156485532895,9.838491248146678],[76.61576685210224,9.83860070953299],[76.61592314388272,9.83862669968336],[76.61609812345498,9.838617476444831],[76.61625882236719,9.838643559770027],[76.61637306568365,9.838739622923379],[76.61635120431619,9.838899078107424],[76.61627125162185,9.839057205367057],[76.6162004665596,9.839202214250912],[76.61612985775976,9.839342735077459],[76.61605475322568,9.839483242437984],[76.6159796486474,9.839623666696864],[76.6159090397254,9.839764187970564],[76.61584275016507,9.839909294516303],[76.6157899476848,9.840054691864882],[76.61574137643574,9.840209166339216],[76.61569738902728,9.840359246123132],[76.61564881774301,9.84051363779949],[76.61560033459145,9.840663621133805],[76.61553413302205,9.840808732347757],[76.61545902813741,9.840949158110107],[76.6153662929372,9.841075807690896],[76.6152647425266,9.841197858485579],[76.61515428873307,9.841315223677954],[76.61504392299555,9.841432592435918],[76.61493796474562,9.841550137857611],[76.61483641399427,9.84167218884806],[76.6147480859313,9.841803427607791],[76.61466425355154,9.841934763392953],[76.61457574906564,9.842070407448684],[76.61449632417094,9.842206332262661],[76.6144123153218,9.842342073483787],[76.61433289032546,9.842477998544636],[76.61425328897542,9.8426183288478],[76.61417377572793,9.842754250631794],[76.61409875819515,9.842890269491551],[76.61401915669913,9.843030600197592],[76.61393964330581,9.84316643911717],[76.61386004171058,9.843306853340652],[76.61378061637063,9.843442696049758],[76.61369669520302,9.84357402968978],[76.61360827819892,9.843709761945476],[76.61351554165424,9.84383641343054],[76.61341390161869,9.843962874572743],[76.61331243780776,9.844080518356003],[76.61320207047793,9.844197888498332],[76.61309170305269,9.8443108464181],[76.61297692788149,9.844423627652564],[76.6128622407602,9.844532000174345],[76.6127475535359,9.84464045595535],[76.61262845854598,9.844748735024957],[76.6125137711117,9.844857107569933],[76.61239458775032,9.844965383112111],[76.61227990010599,9.845073755671244],[76.61216521235865,9.845182128239248],[76.61205043635464,9.845294992823947],[76.61194015608773,9.845407954451968],[76.61182987572556,9.845520832853417],[76.6117194189604,9.84563819976512],[76.61160913840762,9.845751161470366],[76.61149868145155,9.845868528443553],[76.61139289656765,9.845981587246014],[76.61128243942454,9.846098954284342],[76.61117647805303,9.84621641840718],[76.61107042843925,9.84633837461857],[76.61097328233174,9.84646493379931],[76.6108805438734,9.84659166983292],[76.61079662079986,9.84672741770561],[76.61071710539987,9.846863342481946],[76.6106419976817,9.847003773281415],[76.61056688991934,9.847144204225055],[76.61049618984919,9.847284812109224],[76.6104210820011,9.847425243344746],[76.61034597410884,9.84756567472443],[76.6102664584283,9.847701600301479],[76.61018253495125,9.847837349192972],[76.61010301916896,9.847973275016479],[76.61001900742944,9.848109020610911],[76.60993058787899,9.848244756007926],[76.60984675233642,9.848376096485564],[76.6097582445115,9.848511745312114],[76.60967000109112,9.84863857999281],[76.60952410399365,9.848741788844295],[76.60935184823325,9.848822127708324],[76.60919739967738,9.8489073435779],[76.60911841221592,9.849020979349781],[76.60913269343467,9.849172491392439],[76.60916487024883,9.849324388726574],[76.60919237480685,9.849480594626623],[76.60922446345037,9.849636984776497],[76.60925205615115,9.849793194855023],[76.60928414477969,9.849949502396258],[76.60931182562311,9.850101304148284],[76.60934391423665,9.850257695581288],[76.6093759146866,9.850414000545928],[76.60940350735467,9.850570212220143],[76.60943559594516,9.850726604623036],[76.60946777268303,9.850878505083374],[76.60950426902797,9.851034908490002],[76.60952736574328,9.851191024282587],[76.6095730302292,9.85134330041914],[76.60967484963228,9.85139459259021],[76.61026125729003,9.851795276412746],[76.61081337015717,9.852501889818734],[76.61131558539292,9.853971907195175],[76.61224305194013,9.852878305413986],[76.61558772896903,9.852100147747691],[76.61906489423183,9.85621902147772],[76.62307234054535,9.856581106548536],[76.62488240659984,9.857170864766575],[76.62885626423926,9.855584939827327],[76.63043831587338,9.856151450945857],[76.6318512073764,9.85685615330825],[76.63265230901463,9.857835360095724],[76.63279544733983,9.858220972575472],[76.63279703384744,9.858714410105256],[76.63274353327373,9.859259934676675],[76.63260735790641,9.8597012235697],[76.63227859735804,9.860137957383294],[76.63214180451521,9.860605871818262],[76.6320118864344,9.861345115616812],[76.63217679599737,9.86194471423352],[76.63239934865001,9.86238116443955],[76.63273225143654,9.862518009205903],[76.63452375940503,9.862578187021173],[76.63452340685257,9.862595993620845],[76.63452323057632,9.86260040010016],[76.63452763748212,9.862604990345156],[76.634527549344,9.86260940035896],[76.63452746120588,9.862613893647485],[76.63452728492965,9.8626183001278],[76.63452719679154,9.862622793416797],[76.63452710865343,9.862627203431527],[76.6345270205153,9.862631613446489],[76.6345269323772,9.862636106736199],[76.63452675610097,9.862640513217661],[76.63452666796286,9.862645006507838],[76.63452657982474,9.862649416523729],[76.63452649168661,9.862653826539848],[76.6345263154104,9.862658316296766],[76.63452622727227,9.86266272631335],[76.63452613913415,9.86266721960471],[76.63452605099604,9.86267162962176],[76.63452596285792,9.862676039639037],[76.6345257865817,9.86268052939713],[76.63453019348741,9.86268503637317],[76.63453010534928,9.86268952966579],[76.63453001721116,9.86269393968407],[76.63452984093496,9.8626983461686],[76.63452975279684,9.862702839461921],[76.63452966465871,9.862707249480897],[76.6345295765206,9.862711742774692],[76.63452940024439,9.862716149260146],[76.63452931210628,9.862720559279813],[76.63452922396816,9.862725052574318],[76.63452913583005,9.862729462594448],[76.63452904769193,9.862733955889428],[76.63452887141571,9.86273836237603],[76.63452878327759,9.862742772396858],[76.63452869513948,9.862747265692539],[76.63452860700136,9.862751675713833],[76.63452851886326,9.862756169009991],[76.63453283763076,9.862760672457254],[76.63453274949265,9.86276516575396],[76.63453266135453,9.862769575776257],[76.63453257321642,9.86277398579878],[76.63453239694019,9.862778475562187],[76.6345323088021,9.862782885585174],[76.63453222066398,9.862787378883061],[76.63453213252586,9.862791788906513],[76.63453195624963,9.862796195396184],[76.63453186811152,9.862800688694772],[76.63453177997341,9.862805098718923],[76.6345316918353,9.862809592017989],[76.6345316036972,9.862814002042601],[76.63453142742097,9.862818408533418],[76.63453133928287,9.86282290183319],[76.63453125114475,9.862827311858496],[76.63453116300663,9.862831805158747],[76.63453107486852,9.862836215184515],[76.63453539363594,9.862840801912004],[76.63453530549782,9.86284521193831],[76.63453521735971,9.86284962196485],[76.6345351292216,9.862854115266352],[76.63453495294539,9.862858521759323],[76.63453486480728,9.862863015061297],[76.63453477666917,9.862867425088764],[76.63453468853106,9.86287183511646],[76.63453451225483,9.8628763248851],[76.63453442411674,9.862880734913263],[76.63453433597863,9.862885228216419],[76.6345342478405,9.862889638245045],[76.6345341597024,9.862894048273901],[76.63453398342618,9.862898538043716],[76.63453389528807,9.862902948073033],[76.63453380714996,9.862907441377365],[76.63453371901186,9.862911851407155],[76.63453803777917,9.862916354865119],[76.63453794964107,9.86292084817024],[76.63453786150296,9.862925258200788],[76.63453777336485,9.86292975150638],[76.63453759708864,9.862934158003338],[76.63453750895053,9.862938568034584],[76.63453742081242,9.862943061340884],[76.63453733267433,9.862947471372594],[76.6345372445362,9.862951964679365],[76.63453706825999,9.862956371177471],[76.63453698012188,9.862960781209877],[76.63453689198377,9.862965274517359],[76.63453680384566,9.86296968455023],[76.63453671570757,9.862974177858183],[76.63453653943135,9.862978584357437],[76.63453645129324,9.862982994390999],[76.63453636315512,9.862987487699659],[76.63454077006045,9.862991994696905],[76.63454059378427,9.862996484472033],[76.63454050564614,9.863000894506598],[76.63454041750805,9.86300538781628],[76.63454032936994,9.86300979785131],[76.63454015309372,9.863014204352481],[76.63454006495562,9.863018697662874],[76.6345399768175,9.863023107698597],[76.63453988867941,9.863027601009458],[76.6345398005413,9.863032011045647],[76.63453962426509,9.86303641754797],[76.63453953612698,9.863040910859539],[76.63453944798887,9.863045320896422],[76.63453935985076,9.863049814208464],[76.63453927171267,9.863054224245813],[76.63453909543645,9.863058630749286],[76.63453900729834,9.86306312406204],[76.63454341420359,9.863067631064506],[76.63454323792739,9.8630721208437],[76.63454314978928,9.863076530882276],[76.63454306165117,9.863081024196047],[76.63454297351308,9.86308543423509],[76.63454288537497,9.863089844274363],[76.63454270909877,9.863094334054729],[76.63454262096066,9.863098744094469],[76.63454253282255,9.863103237409417],[76.63454244468444,9.86310764744962],[76.63454235654635,9.863112057490053],[76.63454218027013,9.863116547271593],[76.63454209213204,9.863120957312486],[76.63454200399393,9.863125450628623],[76.63454191585583,9.863129860669979],[76.63454173957962,9.863134267177445],[76.63454165144151,9.863138760494284],[76.63454156330342,9.863143170536338],[76.63454597020856,9.863147760819361],[76.63454579393236,9.863152167327824],[76.63454570579425,9.863156577370647],[76.63454561765616,9.86316107068874],[76.63454552951805,9.863165480732027],[76.63454544137994,9.8631699740506],[76.63454526510375,9.863174380560206],[76.63454517696566,9.86317879060419],[76.63454508882755,9.863183283923462],[76.63454500068944,9.863187693967909],[76.63454491255133,9.863192187287659],[76.63454473627513,9.863196593798424],[76.63454464813702,9.863201003843558],[76.63454455999893,9.863205497164017],[76.63454447186083,9.863209907209619],[76.63454429558463,9.863214396996396],[76.63454870248968,9.86321890400931],[76.63454861435159,9.863223397330792],[76.63454852621348,9.863227807377394],[76.63454834993728,9.863232213890077],[76.63454826179918,9.863236707212256],[76.63454817366109,9.863241117259559],[76.634548085523,9.863245610582217],[76.63454799738489,9.863250020629982],[76.63454782110868,9.863254427143808],[76.63454773297059,9.863258920467178],[76.63454764483248,9.863263330515634],[76.63454755669437,9.863267823839475],[76.63454746855628,9.863272233888397],[76.63454729228008,9.863276640403377],[76.63454720414198,9.863281133727925],[76.63454711600389,9.86328554377754],[76.63454702786578,9.86329003710256],[76.63455134663265,9.863294540586518],[76.63455125849455,9.863299033912082],[76.63455117035645,9.863303443962703],[76.63455108221835,9.863307854013552],[76.63455090594216,9.863312343805644],[76.63455081780405,9.863316753856955],[76.63455072966596,9.863321247183706],[76.63455064152787,9.863325657235483],[76.63455055338977,9.863330067287494],[76.63455037711357,9.863334557080755],[76.63455028897548,9.863338967133227],[76.63455020083737,9.863343460461154],[76.63455011269927,9.863347870514092],[76.63454993642307,9.863352277033057],[76.63454984828498,9.863356770361692],[76.63454976014688,9.863361180415327],[76.63454967200877,9.863365673744433],[76.63455399077556,9.863370177233588],[76.63455390263746,9.863374587287987],[76.63455381449936,9.863379080617879],[76.63455372636126,9.863383490672746],[76.63455363822317,9.863387984003111],[76.63455346194698,9.863392390524224],[76.63455337380888,9.86339680057978],[76.63455328567079,9.86340129391085],[76.6345531975327,9.863405703966874],[76.6345531093946,9.863410197298418],[76.6345529331184,9.863414603820686],[76.6345528449803,9.863419013877404],[76.63455275684221,9.863423507209655],[76.63455266870412,9.863427917266835],[76.63455249242791,9.863432407065334],[76.63455240428982,9.863436817122974],[76.6345568111946,9.863441407426578],[76.6345567230565,9.863445817484763],[76.63455654678032,9.86345022400894],[76.63455645864222,9.863454717342922],[76.63455637050413,9.863459127401798],[76.63455628236603,9.863463620736251],[76.63455619422794,9.863468030795596],[76.63455601795174,9.863472437320928],[76.63455592981364,9.863476930656091],[76.63455584167555,9.863481340716122],[76.63455575353746,9.863485834051758],[76.63456007230404,9.863490337549175],[76.63455998416595,9.863494830885358],[76.63455989602785,9.863499240946396],[76.63455980788976,9.863503651007658],[76.63455963161358,9.863508140810303],[76.63455954347549,9.863512550872032],[76.63456395038003,9.86351714118094],[76.63456386224193,9.863521551243208],[76.63456368596576,9.863525957771456],[76.63456359782766,9.8635304511096],[76.63456800473206,9.863534958144342],[76.63456791659398,9.863539451483033],[76.6345677403178,9.863543858012276],[76.63456765217971,9.863548351351445],[76.63457205908396,9.863552858387418],[76.63457197094588,9.86355735172714],[76.63457179466971,9.86356175825738],[76.63457620157384,9.863566265294272],[76.63457611343576,9.863570758634776],[76.63457602529766,9.863575168700049],[76.63458034406355,9.863579755479075],[76.63458025592548,9.863584165544887],[76.63458466282928,9.863588755858812],[76.63458448655314,9.86359316239089],[76.63458439841506,9.863597572457468],[76.63458880531874,9.863602162772333],[76.63458871718068,9.863606572839448],[76.63458854090452,9.863611062648024],[76.63459294780804,9.863615569688324],[76.63459285966998,9.863620063031725],[76.63459277153191,9.863624473099847],[76.6345971784353,9.863624566538366],[76.63459709029723,9.863629059882319],[76.63460149720045,9.863633566923857],[76.6346014090624,9.863638060268352],[76.63460123278627,9.863642466803267],[76.63460563968935,9.863646973845732],[76.6346055515513,9.863651467191016],[76.6346098703162,9.863655970699812],[76.63460978217813,9.863660464045639],[76.63460969404008,9.863664874116145],[76.63461418908092,9.863664971089346],[76.63461410094287,9.863669464435725],[76.63461841970746,9.863673967945758],[76.63461833156941,9.863678461292686],[76.63461824343136,9.863682871364269],[76.63462256219582,9.863687458150814],[76.63462247405776,9.863691868222933],[76.63462688096013,9.863696375268804],[76.63462679282208,9.863700868617062],[76.63462661654599,9.863705275155647],[76.63463102344821,9.863709865478063],[76.63463543035026,9.863714372525173],[76.63463525407418,9.863718862340228],[76.63463516593615,9.863723272414191],[76.63463957283805,9.863727862737866],[76.63463948470002,9.863732272812367],[76.63464380346375,9.863736859602364],[76.63464371532572,9.863741269677407],[76.63464362718769,9.863745679752673],[76.63464794595129,9.863750266543612],[76.63465235285275,9.863754773593506],[76.63465226471472,9.86375926694529],[76.63465217657671,9.863763677021636],[76.63465649534,9.86376826381383],[76.63465640720197,9.863772673890713],[76.63465631906395,9.863777167243521],[76.63466063782711,9.863781670760957],[76.63466054968909,9.86378608083861],[76.63466046155106,9.8637905741922],[76.6346647803141,9.863795077710558],[76.63466469217607,9.863799571064693],[76.63466909907696,9.86380407811799],[76.63466901093894,9.863808571472676],[76.63466883466292,9.86381297801755],[76.63467324156366,9.863817568347503],[76.63467315342565,9.863821978427238],[76.63467306528764,9.863826388507201],[76.63467738405024,9.86383097530377],[76.63467729591221,9.863835385384274],[76.63467720777422,9.863839878740759],[76.6346771196362,9.863844288821728],[76.63468143839866,9.863848875619544],[76.63468135026065,9.86385328570105],[76.63468126212264,9.86385769578278],[76.63468117398463,9.863862189140525],[76.63468549274694,9.863866692663809],[76.63468540460894,9.8638711860221],[76.63468531647094,9.863875596104837],[76.63468522833293,9.863880089463605],[76.63468954709512,9.863884592988116],[76.63468945895711,9.863889003071618],[76.6346893708191,9.863893496431169],[76.63468928268111,9.863897906515136],[76.63468910640509,9.86390239634081],[76.63469351330515,9.863906903401205],[76.63469342516716,9.863911396761777],[76.63469333702915,9.863915806846746],[76.63469316075316,9.863920213397595],[76.63469307261515,9.863924706758871],[76.63469298447716,9.863929116844538],[76.63469747951507,9.863929213820809],[76.63469730323908,9.863933703648275],[76.63469721510108,9.86393811373448],[76.63469712696308,9.863942607096778],[76.63469703882508,9.863947017183447],[76.63470135758686,9.863951520712558],[76.63470126944887,9.863956014075642],[76.63470118131087,9.863960424163075],[76.63470109317288,9.86396491752663],[76.63470100503488,9.86396932761453],[76.63470082875891,9.863973734168294],[76.63470523565854,9.863978324509512],[76.63470514752055,9.86398273459818],[76.63470505938255,9.863987227962992],[76.63470488310656,9.863991634517754],[76.63470479496858,9.863996127883036],[76.63470470683059,9.864000537972633],[76.63470461869261,9.86400494806246],[76.63470893745412,9.864009534871487],[76.63470884931613,9.864013944961851],[76.63470876117815,9.864018438328394],[76.63470867304017,9.864022848419223],[76.63470849676418,9.864027254975896],[76.63470840862618,9.864031748343143],[76.63471281552557,9.864036255412463],[76.63471272738758,9.86404074878026],[76.63471255111162,9.864045155337932],[76.63471246297362,9.864049648706201],[76.63471237483564,9.864054058798727],[76.63471228669765,9.864058468891482],[76.63471219855967,9.864062962260457],[76.63471651732094,9.86406746579754],[76.63471642918294,9.864071959167061],[76.63471634104496,9.86407636926082],[76.63471625290698,9.86408086263082],[76.63471607663101,9.86408526919064],[76.63471598849303,9.864089679285092],[76.63471590035505,9.864094172655795],[76.63472030725417,9.864098679729427],[76.63472013097821,9.864103169566274],[76.63472004284023,9.864107579661727],[76.63471995470225,9.86411198975741],[76.63471986656425,9.864116483129374],[76.6347196902883,9.864120889691112],[76.63471960215033,9.864125383063541],[76.63472400904931,9.86412989013933],[76.63472392091133,9.86413438351231],[76.63472374463537,9.864138790075042],[76.6347236564974,9.864143200172423],[76.63472356835942,9.864147693546116],[76.63472348022144,9.86415210364396],[76.63472339208347,9.864156597018122],[76.63472771084434,9.864161100561633],[76.63472762270638,9.86416551066025],[76.6347275345684,9.864170004035195],[76.63472744643042,9.864174414134274],[76.63472727015447,9.864178903975262],[76.63472718201649,9.864183314074804],[76.63472709387852,9.864187724174572],[76.63473150077726,9.864192314530788],[76.6347313245013,9.864196721096661],[76.63473123636334,9.864201214473336],[76.63473114822536,9.86420562457411],[76.63473106008739,9.864210117951261],[76.63473088381143,9.864214524518054],[76.63473079567346,9.864218934619524],[76.63473520257207,9.864223524977923],[76.63473511443411,9.864227935079933],[76.63473493815816,9.864232424923886],[76.6347348500202,9.864236835026361],[76.63473476188221,9.864241328405232],[76.63473467374425,9.864245738508169],[76.63473458560628,9.864250148611335],[76.63473890436678,9.864254735437468],[76.63473881622882,9.864259145541174],[76.63473872809085,9.864263638921306],[76.63473863995289,9.864268049025474],[76.63473846367695,9.864272455595406],[76.63473837553899,9.864276948976249],[76.63474278243731,9.864281456062496],[76.63474269429935,9.864285949443886],[76.63474251802342,9.864290356014822],[76.63474242988545,9.864294849396682],[76.63474234174748,9.864299259502545],[76.63474225360952,9.864303669608638],[76.63474657236978,9.864308256438505],[76.63474648423181,9.86431266654514],[76.63474639609385,9.864317159928257],[76.6347463079559,9.864321570035353],[76.63474613167996,9.864325976608203],[76.63474604354201,9.864330469992026],[76.63475045044007,9.864334977081969],[76.63475036230211,9.864339470466343],[76.6347501860262,9.864343877040191],[76.63475009788823,9.864348370425034],[76.63475000975026,9.864352780533828],[76.63474992161231,9.86435719064285],[76.6347542403723,9.864361777476454],[76.63475415223434,9.864366187586013],[76.63475406409638,9.864370680972115],[76.63475397595843,9.864375091082138],[76.63475829471828,9.864379677916991],[76.63475820658033,9.864384088027553],[76.63475811844236,9.864388498138347],[76.63475803030441,9.864392991525705],[76.6347578540285,9.864397398102467],[76.63476226092617,9.864401988473373],[76.63476217278821,9.864406398585166],[76.63476208465026,9.864410891973545],[76.63476190837437,9.864415298551302],[76.63476182023642,9.864419708663794],[76.63476622713395,9.864424299036264],[76.634766138996,9.86442870914929],[76.6347659627201,9.864433199004417],[76.63476587458214,9.864437609117909],[76.63477036961748,9.864437706101448],[76.63477028147953,9.864442199491629],[76.6347701933416,9.864446609605666],[76.63477001706569,9.864451016185415],[76.63477442396295,9.864455606560071],[76.634774335825,9.86446001667487],[76.63477424768706,9.864464510066313],[76.63477407141117,9.864468916647061],[76.63477847830828,9.864473507022973],[76.63477839017035,9.864477917138778],[76.6347783020324,9.864482327254809],[76.63477812575651,9.864486817112981],[76.63478253265349,9.864491324213711],[76.63478244451555,9.864495817606954],[76.63478235637761,9.864500227723989],[76.63478667513651,9.864504814567573],[76.63478658699856,9.864509224685143],[76.63478649886062,9.864513634802945],[76.63479081761938,9.864518221647463],[76.63479072948144,9.864522631765805],[76.63479064134351,9.864527125160855],[76.63479504824004,9.864531632264365],[76.63479487196419,9.864536122125429],[76.63479478382625,9.864540532244769],[76.63479469568833,9.864545025640837],[76.6347990144468,9.864549529211049],[76.63479892630887,9.86455393933116],[76.63480333320511,9.86455852971303],[76.6348032450672,9.86456293983368],[76.63480306879136,9.864567429696537],[76.63480747568745,9.86457193680283],[76.63480738754954,9.864576430200776],[76.6348072994116,9.864580840322432],[76.63481161816965,9.864585427171642],[76.63481153003174,9.864589837293831],[76.63481144189382,9.864594247416253],[76.6348157606517,9.864598834266399],[76.6348156725138,9.86460324438936],[76.63482007940947,9.864607834774684],[76.63481999127156,9.86461224489818],[76.63481981499572,9.864616734763928],[76.63482422189125,9.864621241873618],[76.63482413375336,9.864625735274469],[76.63482404561545,9.86463014539897],[76.63482836437292,9.86463464897503],[76.63482827623501,9.864639142376662],[76.6348281880971,9.864643552501928],[76.63483250685442,9.864648139355516],[76.63483241871653,9.864652549481317],[76.63483682561161,9.864657139870104],[76.63483673747372,9.864661549996448],[76.63483656119791,9.864665956588455],[76.63484096809286,9.864670546978175],[76.63484087995496,9.864674957105287],[76.63484079181707,9.864679450509273],[76.63484511057398,9.864683954088719],[76.63484502243608,9.864688447493254],[76.63484493429817,9.864692857621371],[76.63484925305495,9.864697444478404],[76.63484916491706,9.864701854607054],[76.63485357181156,9.864706444999289],[76.63485348367368,9.86471085512848],[76.63485330739789,9.864715261723324],[76.63485771429227,9.864719852116501],[76.63485762615437,9.864724262246456],[76.63485753801649,9.864728755653344],[76.63486185677283,9.864733259236182],[76.63486176863495,9.864737752643615],[76.63486168049707,9.864742162774576],[76.63486599925325,9.864746749635051],[76.63486591111537,9.864751159766548],[76.6348703180093,9.864755666885515],[76.63487022987144,9.86476016029428],[76.63487005359568,9.864764566891964],[76.63487446048946,9.86476915728859],[76.63487437235159,9.864773567421395],[76.63487428421371,9.864778060831183],[76.63487860296948,9.864782564417407],[76.63487851483161,9.864786974550984],[76.63487842669375,9.864791467961554],[76.63488274544937,9.864795971548698],[76.63488265731151,9.864800464959815],[76.63488706420486,9.86480497208218],[76.634886976067,9.864809465493849],[76.63488679979125,9.864813872094363],[76.63489120668446,9.864818462494448],[76.63489111854659,9.864822872630102],[76.63489094227086,9.86482727923138],[76.63489534916394,9.864831869632402],[76.63489526102607,9.864836279768824],[76.63489517288822,9.864840773182296],[76.63489499661249,9.864845179784574],[76.63489949164327,9.864845276772831],[76.63489940350541,9.864849770186849],[76.63489931536755,9.864854180324276],[76.63490363412248,9.864858767192567],[76.63490354598463,9.86486317733053],[76.63490345784676,9.864867587468723],[76.63490336970891,9.864872080884],[76.6349076884637,9.864876584476685],[76.63490760032585,9.864881077892509],[76.634907512188,9.864885488031701],[76.63490742405014,9.864889981448],[76.63491174280479,9.864894485041914],[76.63491165466694,9.86489889518188],[76.6349115665291,9.86490338859896],[76.63491606155928,9.864903485587918],[76.63491597342144,9.86490789572842],[76.63491579714575,9.864912385611424],[76.63492020403795,9.864916892741507],[76.63492011590012,9.864921386159683],[76.63492002776226,9.864925796301186],[76.63491985148659,9.864930202908292],[76.63492425837865,9.864934793316523],[76.63492417024081,9.864939203458798],[76.63492408210296,9.864943696878228],[76.63492840085705,9.864948200475839],[76.63492831271921,9.864952693895818],[76.63492822458137,9.86495710403909],[76.63492813644353,9.864961514182596],[76.63493245519747,9.864966101058384],[76.63493236705963,9.864970511202426],[76.63493227892181,9.864975004623666],[76.63493219078397,9.86497941476817],[76.63493650953778,9.86498400164521],[76.63493642139996,9.864988411790252],[76.63493633326212,9.86499290521251],[76.63493615698644,9.864997311823371],[76.63493606884862,9.865001721969113],[76.63494047574012,9.865006312382357],[76.63494038760228,9.865010722528632],[76.63494021132664,9.865015212417493],[76.63494012318881,9.865019622564233],[76.63494003505097,9.865024032711206],[76.63493994691315,9.86502852613543],[76.63493985877531,9.865032936282864],[76.63493968249966,9.865037426172897],[76.63493959436184,9.865041836320795],[76.63493950622401,9.865046246468925],[76.63494391311539,9.865050836885288],[76.63494373683973,9.86505524349929],[76.6349436487019,9.865059736925238],[76.63493906553487,9.865064050083186],[76.63493897739704,9.865068460232472],[76.6349388892592,9.865072953659055],[76.63493871298354,9.86507736027413],[76.63493862484572,9.865081853701186],[76.63493853670788,9.8650862638514],[76.63493844857005,9.86509067400185],[76.6349338654028,9.865095070437826],[76.63493377726498,9.865099480588665],[76.63493360098931,9.865103970482135],[76.63493351285149,9.865108380633437],[76.63492892968407,9.865112693792817],[76.63492884154623,9.865117187221607],[76.63492875340839,9.865121597373527],[76.63492417024081,9.865125910533234],[76.63492399396513,9.865130400427958],[76.63491941079737,9.865134713587834],[76.63491932265953,9.86513912374053],[76.63491923452167,9.865143617170583],[76.63491465135375,9.865147930330787],[76.63491006818566,9.865152243491002],[76.63490998004781,9.86515673692161],[76.63490539687955,9.865161050082],[76.63490522060384,9.865165456701149],[76.63490063743541,9.865169853138847],[76.63489605426682,9.865174166299411],[76.63489147109806,9.865178479459992],[76.63488688792911,9.865182875897746],[76.63488679979126,9.865187286052468],[76.63488221662216,9.865191599213233],[76.6348776334529,9.865195995651176],[76.63487305028347,9.865200308811968],[76.63486846711388,9.865204621972774],[76.63486388394412,9.865208935133591],[76.63485938891209,9.865208838138756],[76.6348593007742,9.865213331571601],[76.63485471760411,9.865217644732446],[76.63485022257176,9.865217547737325],[76.63484563940133,9.86522186089804],[76.63484105623075,9.865226174058769],[76.63483647306002,9.865230570496696],[76.63483197802701,9.865230473501077],[76.63482739485595,9.865234786661683],[76.63482289982262,9.865234689665856],[76.63481831665122,9.865239002826332],[76.63481382161758,9.865238905830289],[76.63480923844585,9.865243218990637],[76.63480465527397,9.865247532151002],[76.63480016023983,9.865247435154597],[76.63479566520554,9.865247338158133],[76.63479108203317,9.865251734595418],[76.63478658699856,9.865251554321535],[76.63478218010174,9.865251460859568],[76.63477759692887,9.865255857296582],[76.63477310189378,9.865255677022422],[76.63476860685856,9.86525558002539],[76.63476411182315,9.86525548302829],[76.63475961678758,9.865255386031121],[76.63475512175188,9.865255289033882],[76.63475053857803,9.865259602192996],[76.63474613167996,9.865259508730341],[76.63474163664377,9.865259411732824],[76.63473714160742,9.865259314735239],[76.6347326465709,9.865259217737576],[76.63472815153423,9.865259120739854],[76.63472383277336,9.865254533843704],[76.63471933773637,9.865254436845918],[76.63471484269924,9.865254339848061],[76.63471034766194,9.865254242850137],[76.63470585262448,9.865254145852147],[76.63470135758686,9.865254048854082],[76.63469695068707,9.865253872113588],[76.63469245564916,9.86525377511539],[76.63468796061106,9.865253678117128],[76.6346834655728,9.865253581118791],[76.63467914681043,9.865249077500202],[76.63467465177187,9.865248897224644],[76.63467015673315,9.86524880022618],[76.63466566169427,9.865248703227643],[76.63466116665523,9.865248606229043],[76.63465667161604,9.865248509230373],[76.63465226471472,9.865248415766454],[76.63464785781325,9.86524382533625],[76.63464336277359,9.865243728337449],[76.63463886773376,9.86524363133858],[76.63463437269378,9.86524353433964],[76.63462996579169,9.865243440875457],[76.63462547075139,9.865243343876385],[76.63462097571093,9.865243246877238],[76.63461656880838,9.865238656447396],[76.63461216190566,9.865238562983022],[76.63460766686474,9.865238465983749],[76.63460317182366,9.865238368984407],[76.63459867678242,9.865238271984994],[76.63459418174101,9.865238174985516],[76.63458968669944,9.865237994708835],[76.63458536793388,9.86523349109132],[76.63458087289202,9.86523339409171],[76.63457637784998,9.865233297092033],[76.63457188280779,9.865233200092279],[76.63456738776544,9.865233019815346],[76.63456298086105,9.86523292635031],[76.63455857395647,9.865228419198296],[76.63455407891365,9.86522832219835],[76.63454958387068,9.865228225198337],[76.63454508882755,9.865228044921144],[76.63454068192236,9.86522795145584],[76.63453627501701,9.865223444304169],[76.63453177997341,9.865223347303957],[76.63452728492965,9.865223250303673],[76.63452287802384,9.86522315683817],[76.63451838297976,9.865222976560657],[76.63451397607368,9.865218469409323],[76.63450948102927,9.86521837240884],[76.63450498598472,9.86521827540829],[76.63450057907815,9.865218181942529],[76.63449608403329,9.865218001664761],[76.6344916771264,9.86521349451376],[76.63448718208123,9.865213397513015],[76.63448268703588,9.865213300512194],[76.63447828012853,9.86521320704617],[76.63447378508289,9.865213026768144],[76.63446937817524,9.865208519617484],[76.63446488312927,9.865208422616467],[76.63446047622132,9.86520832915025],[76.63445598117504,9.865208232149095],[76.6344514861286,9.865208051870814],[76.63445157426676,9.865203641721703],[76.63444707922017,9.865203544720488],[76.63444258417341,9.865203447719207],[76.63443817726467,9.865203354252722],[76.6344336822176,9.8652032572513],[76.63442927530856,9.865198666824263],[76.63442478026118,9.86519856982278],[76.63442037335184,9.8651984763561],[76.63441587830414,9.86519837935448],[76.63441138325629,9.865198282352793],[76.63440697634648,9.865193691926102],[76.63440248129831,9.865193594924348],[76.63439807438819,9.86519350145741],[76.6343935793397,9.865193404455523],[76.63438917242928,9.865188814029173],[76.63438467738048,9.865188717027221],[76.63438018233153,9.865188620025208],[76.63437577542062,9.865188526558],[76.63437128037135,9.865188429555845],[76.63436687346015,9.865183839129847],[76.63436237841057,9.865183742127629],[76.63435797149906,9.865183648660233],[76.63435356458739,9.865179058234565],[76.63434906953735,9.86517896123222],[76.63434457448712,9.865178864229804],[76.63434007943675,9.86517876722732],[76.63433576066272,9.86517426361388],[76.63433126561205,9.865174083334344],[76.6343267705612,9.865173986331731],[76.6343222755102,9.865173889329046],[76.63431778045904,9.865173792326294],[76.63431346168426,9.865169288713195],[76.63430896663279,9.8651691084334],[76.63430447158116,9.86516901143052],[76.63429997652936,9.865168914427569],[76.63429565775397,9.86516441081481],[76.63429116270187,9.865164313811796],[76.63428666764962,9.865164216808708],[76.63428226073549,9.865159626384404],[76.6342778538212,9.86515953291617],[76.63427335876847,9.865159435912958],[76.63426886371559,9.865159338909676],[76.63426445680084,9.865154748485715],[76.63426004988595,9.865154655017282],[76.63425555483258,9.86515455801387],[76.63425105977906,9.86515446101039],[76.63424665286371,9.865149870586771],[76.63424215780988,9.86514977358323],[76.6342377508942,9.865149680114532],[76.63423325584006,9.865149583110854],[76.63422884892408,9.865144992687574],[76.63422435386964,9.865144895683835],[76.63421994695335,9.86514480221494],[76.63421545189857,9.865144705211067],[76.6342155400369,9.86514029506892],[76.63421104498198,9.86514019806505],[76.63420654992689,9.86514001778419],[76.63420205487165,9.865139920780184],[76.63419773609293,9.865135417169414],[76.63419324103738,9.865135320165344],[76.63418874598166,9.865135223161207],[76.63418425092578,9.865135042880091],[76.63417993214647,9.865130539269657],[76.63417543709028,9.865130442265391],[76.63417094203395,9.865130345261054],[76.63416644697745,9.865130248256646],[76.6341621281975,9.86512566136965],[76.6341576331407,9.865125564365187],[76.63415313808373,9.865125467360649],[76.6341486430266,9.865125370356042],[76.63414873116497,9.86512087693906],[76.63414423610769,9.865120779934463],[76.63413982918863,9.865120686464726],[76.63413533413105,9.865120589459991],[76.63413092721167,9.865115999038746],[76.63412643215375,9.86511590203395],[76.63412202523408,9.86511580856402],[76.63411753017584,9.865115711559085],[76.63411312325587,9.865111204415049],[76.63410862819732,9.865111024133187],[76.63410413313862,9.86511092712812],[76.63409981435657,9.865106423519352],[76.63409531929756,9.865106326514224],[76.6340908242384,9.865106229509031],[76.63408632917907,9.865106049226911],[76.6340865054559,9.865101642623733],[76.63408201039641,9.865101545618474],[76.63407751533678,9.865101448613146],[76.63407302027699,9.865101351607757],[76.63406861335547,9.86509676118786],[76.63406420643378,9.865096667717348],[76.63405971137351,9.865096570711824],[76.63405521631309,9.86509647370623],[76.63405080939094,9.865091883286674],[76.6340463143302,9.86509178628102],[76.63404190740775,9.865091692810246],[76.6340374123467,9.865091595804458],[76.63403300542393,9.865087005385242],[76.63402851036257,9.86508690837939],[76.6340241034395,9.865086814908425],[76.63401969651628,9.865082307766354],[76.63401520145445,9.865082210760368],[76.63401070639243,9.86508203047751],[76.63400638760723,9.865077526870724],[76.63400189254493,9.86507742986461],[76.63399739748245,9.865077332858426],[76.63399290241982,9.865077235852171],[76.63398858363402,9.865072648968926],[76.63398408857108,9.865072551962614],[76.63397959350797,9.865072454956232],[76.63397509844472,9.865072357949781],[76.63397069151982,9.865067767531913],[76.63396628459475,9.865067674060372],[76.63396178953103,9.865067577053786],[76.63395738260566,9.865062986636257],[76.6339528875416,9.865062889629614],[76.63394848061593,9.865062796157876],[76.63394398555157,9.865062699151096],[76.63393957862557,9.865058192010668],[76.63393508356091,9.865058011727063],[76.63393058849609,9.865057914720152],[76.63392618156963,9.86505782124815],[76.63392177464303,9.865053314108053],[76.63391727957773,9.865053217101014],[76.63391278451226,9.865053036817152],[76.63390828944665,9.865052939809976],[76.63390397065797,9.865048436205193],[76.63389947559205,9.86504833919795],[76.63389498052595,9.865048242190646],[76.63389506866451,9.865043748781767],[76.63389066173683,9.86504365530945],[76.63388616667044,9.865043558302077],[76.63388167160387,9.86504346129464],[76.63387726467573,9.8650388708788],[76.63387276960886,9.865038773871301],[76.6338683626804,9.865038680398719],[76.63386386761321,9.865038583391081],[76.63385946068445,9.865033992975578],[76.63385496561696,9.865033895967878],[76.63385055868788,9.865033802495102],[76.63384606362007,9.865033705487262],[76.63384165669069,9.865029198348813],[76.63383716162257,9.86502901806421],[76.63383266655428,9.865028921056242],[76.63382825962444,9.865028827583199],[76.63382834776303,9.86502441745311],[76.63382385269443,9.86502432044508],[76.6338193576257,9.865024223436984],[76.63381486255678,9.865024043152124],[76.63381054376492,9.865019539549328],[76.6338060486957,9.865019442541104],[76.63380155362633,9.865019345532803],[76.63379705855678,9.865019248524437],[76.63379273976432,9.865014661645294],[76.63378824469447,9.865014564636867],[76.63378374962446,9.865014467628372],[76.6337792545543,9.865014370619807],[76.63377493576124,9.865009783741014],[76.63377044069075,9.865009686732385],[76.63376594562011,9.865009589723693],[76.63376145054931,9.865009492714929],[76.63375695547836,9.865009395706098],[76.63375704361701,9.865004902301468],[76.63375263668455,9.865004808827655],[76.63374814161328,9.865004711818761],[76.63374364654184,9.865004614809797],[76.63373923960893,9.86500002439668],[76.6337347445372,9.86499992738766],[76.63373033760395,9.86499983391358],[76.6337258425319,9.86499973690442],[76.63372143559836,9.864995229768281],[76.63371694052599,9.864995049482422],[76.63371253359215,9.86499495600815],[76.63370803851946,9.86499485899879],[76.63370363158529,9.864990351862984],[76.63369913651229,9.86499025485356],[76.63369464143915,9.864990157844066],[76.63369023450451,9.864989981092904],[76.63368573943104,9.864989884083284],[76.63368133249612,9.864985376947807],[76.63367683742234,9.86498527993812],[76.63367234234839,9.86498518292836],[76.633667935413,9.86498500617695],[76.63366352847746,9.864980499041812],[76.63365903340303,9.864980402031923],[76.63365453832846,9.864980305021968],[76.63365013139246,9.864980211546973],[76.63364563631757,9.864980031260277],[76.63364114124252,9.864979934250114],[76.63363673430605,9.864975427115318],[76.63363223923069,9.864975330105095],[76.63362783229391,9.86497523662984],[76.63362333721824,9.864975056342889],[76.63361884214241,9.864974959332459],[76.63361434706641,9.864974862321963],[76.63360985199026,9.864974765311395],[76.63360553319147,9.864970261711989],[76.633601038115,9.864970081424781],[76.63359654303838,9.864969984414085],[76.6335920479616,9.864969887403321],[76.63358755288466,9.864969790392484],[76.63358314594635,9.864969696916628],[76.63357865086908,9.864969599905661],[76.63357415579168,9.864969502894619],[76.63356974885289,9.86496491248396],[76.63356525377516,9.86496481547286],[76.63356084683606,9.864964721996742],[76.63355635175803,9.864964624985504],[76.63355185667982,9.864964527974196],[76.63354736160147,9.864964430962821],[76.63354286652296,9.864964333951374],[76.63353837144429,9.864964153663307],[76.63353396450425,9.864964060186786],[76.63352946942527,9.864963963175136],[76.63352497434612,9.864963866163418],[76.63352056740563,9.864959359029703],[76.63351616046498,9.864959182276442],[76.63351166538537,9.86495908526459],[76.63350717030559,9.864958988252678],[76.63350267522566,9.864958891240686],[76.63349818014557,9.864958794228635],[76.63349368506532,9.864958697216512],[76.63348927812375,9.864958603739392],[76.63348478304317,9.864958506727131],[76.63348028796246,9.86495832643827],[76.63347579288157,9.864958229425874],[76.63347129780053,9.864958132413406],[76.63346680271934,9.864958035400871],[76.63346239577682,9.864957941923349],[76.6334579006953,9.864957844910679],[76.63345340561364,9.86495774789794],[76.6334489105318,9.864957650885131],[76.63344441544982,9.864957553872253],[76.63343992036766,9.864957373582788],[76.63343551342423,9.86495728010486],[76.63343101834177,9.864957183091779],[76.63342652325915,9.864957086078627],[76.63342202817637,9.864956989065407],[76.63341753309342,9.864956892052119],[76.63341303801033,9.864956795038763],[76.63340863106596,9.864956701560432],[76.63340413598254,9.864956521270427],[76.63339955276008,9.864960917653292],[76.63339505767637,9.864960820639585],[76.63339056259247,9.86496072362581],[76.63338606750841,9.864960543335458],[76.63338157242421,9.864960446321549],[76.63337716547875,9.864960352842672],[76.63337267039422,9.864960255828626],[76.63336817530956,9.864960158814508],[76.63336359208579,9.864964471919867],[76.63335909700079,9.86496437490554],[76.63335460191561,9.864964277891142],[76.6333501068303,9.864964180876674],[76.63334569988376,9.864964087397256],[76.6333411166592,9.864968400502063],[76.63333662157339,9.864968303487315],[76.63333212648745,9.8649682064725],[76.63332754326238,9.86497251957703],[76.63332304817612,9.864972422562001],[76.6333185530897,9.864972325546903],[76.6333140580031,9.864972228531737],[76.63330947477739,9.864976541635851],[76.63330497969048,9.864976444620472],[76.63330057274237,9.864976351140161],[76.63329598951617,9.864980664244003],[76.63329149442878,9.864980567228345],[76.63328699934124,9.86498047021262],[76.63328691120226,9.864984880332061],[76.63328241611455,9.864984783316187],[76.63327792102669,9.86498468630025],[76.63327333779968,9.864988999403687],[76.63326884271149,9.864988902387537],[76.63326425948415,9.864993215490843],[76.63325976439566,9.864993118474482],[76.63325526930699,9.864993021458046],[76.63325068607917,9.864997417837586],[76.63324627912917,9.864997241079594],[76.63324610285117,9.865001730940634],[76.63324169590103,9.86500163745901],[76.63323702453371,9.865005947026761],[76.63323261758325,9.865005853544927],[76.63322812249362,9.865005756527855],[76.63322353926483,9.865010069630506],[76.63321904417488,9.865009972613224],[76.63321446094575,9.865014285715741],[76.63320996585549,9.865014188698245],[76.63320987771647,9.86501859881827],[76.63320538262604,9.86501850180063],[76.63320079939642,9.865022898179546],[76.63319621616664,9.86502721128196],[76.63319172107573,9.865027114263967],[76.63318713784561,9.865031427366251],[76.63318264275438,9.86503133034804],[76.63317805952394,9.865035643450195],[76.63317347629335,9.865040039828886],[76.63316898120162,9.865039859533796],[76.6331643979707,9.865044255912359],[76.6331598147396,9.865048569014409],[76.63315531964743,9.865048471995488],[76.633150736416,9.865052785097408],[76.63315064827692,9.86505727849508],[76.63314615318441,9.865057098199339],[76.63314156995266,9.865061494577821],[76.63313707485982,9.865061397558401],[76.63313249162775,9.865065710660222],[76.63312790839551,9.865070023762048],[76.6331233251631,9.865074336863886],[76.63311874193052,9.86507873324229],[76.63311424683688,9.865078636222233],[76.63311415869778,9.865083046344163],[76.63310966360397,9.865082949323956],[76.63310508037091,9.865087262425694],[76.63310499223182,9.865091755824496],[76.63310049713768,9.865091575527446],[76.63309591390428,9.865095971905767],[76.6330958257652,9.865100382028329],[76.63309133067074,9.865100285007546],[76.633086747437,9.865104598109339],[76.6330866592979,9.86510909150878],[76.633082076064,9.865113404610744],[76.63307758096907,9.865113307589533],[76.63307749282994,9.865117717712717],[76.63307290959573,9.865122114091287],[76.63306841450046,9.865121933793208],[76.63306832636134,9.86512642719329],[76.63306374312678,9.865130740295308],[76.63305924803119,9.865130643273519],[76.63305915989207,9.865135053397339],[76.63305457665719,9.865139449775972],[76.63305440037891,9.86514385636491],[76.63304999342215,9.865143762878025],[76.63304541018694,9.865148075980096],[76.63304523390865,9.865152565845941],[76.63304065067328,9.865156878948177],[76.63303606743771,9.865161192050433],[76.63303148420201,9.865165588429301],[76.63303139606286,9.865169998554531],[76.63302690096613,9.865169901531585],[76.63302681282698,9.86517431165696],[76.63302222959094,9.865178624759407],[76.63301764635473,9.865183021138492],[76.63301306311834,9.865187334240968],[76.63301297497918,9.865191744367047],[76.63300839174264,9.865196140746328],[76.63300372036676,9.865200450313685],[76.63299913712989,9.865204763416353],[76.63299904899071,9.865209256819776],[76.63299446575367,9.865213569922622],[76.63298988251647,9.865217883025469],[76.63298979437728,9.865222376429454],[76.63298529927908,9.865222279404989],[76.6329852111399,9.865226689532479],[76.63298062790237,9.865231002635516],[76.63298053976318,9.865235496040055],[76.63297595652546,9.865239809143263],[76.63297137328759,9.865244122246482],[76.63296670191036,9.865248431814388],[76.63296661377116,9.865252925219641],[76.63296203053294,9.865257238323041],[76.63296194239375,9.865261731728692],[76.63295744729456,9.865261551426455],[76.63295735915537,9.865266044832268],[76.63295277591682,9.865270357935852],[76.63294819267811,9.865274671039447],[76.6329481045389,9.86527916444582],[76.63294352130002,9.865283477549585],[76.63293893806099,9.865287790653372],[76.63293876178255,9.865292280524937],[76.63293417854334,9.865296593628889],[76.63293409040412,9.865301003759493],[76.63292950716473,9.86530540014033],[76.63292941902552,9.865309810271327],[76.63292492392519,9.86530971324447],[76.63292483578597,9.865314123375617],[76.63292025254626,9.865318519756649],[76.63292016440701,9.865322929888189],[76.63291549302791,9.86532723945729],[76.63291540488868,9.865331732865956],[76.63291090978785,9.86533163583852],[76.63291082164862,9.8653360459706],[76.63291073350939,9.865340456102913],[76.63290615026916,9.86534485248448],[76.63290606212993,9.865349262617183],[76.63290147888954,9.865353575722166],[76.6329013907503,9.86535806913202],[76.63289689564898,9.865357972103926],[76.63289671937049,9.865362378701786],[76.63289213612977,9.865366691806948],[76.63289204799052,9.865371185217361],[76.63289195985128,9.865375595351228],[76.63288737661038,9.865379908456719],[76.63288728847112,9.865384401867766],[76.63288279336932,9.865384304839008],[76.63288270523006,9.865388714973426],[76.63288252895155,9.865393204849463],[76.63287794571032,9.865397517955293],[76.63287785757106,9.86540192809033],[76.63287327432965,9.865406324473133],[76.63287318619038,9.865410734608558],[76.63287309805114,9.865415144744215],[76.63286860294882,9.865415047714727],[76.63286851480954,9.86541954112736],[76.63286833853104,9.865423947727985],[76.63286375528929,9.86542826083448],[76.63286366715,9.86543275424774],[76.6328590839081,9.865437067354405],[76.63285899576883,9.86544147749123],[76.63285890762957,9.865445970905121],[76.63285432438748,9.865450284012114],[76.63285414810893,9.865454690614117],[76.63284956486666,9.86545908699813],[76.6328494767274,9.865463497135963],[76.63284938858813,9.865467990550883],[76.63284930044884,9.865472400689177],[76.63284471720641,9.865476713796822],[76.63284462906714,9.86548120721238],[76.63284445278856,9.865485613815844],[76.63283986954596,9.865489926923813],[76.63283978140667,9.865494420340001],[76.6328396932674,9.865498830479535],[76.63283960512811,9.865503323896192],[76.63283502188533,9.865507637004649],[76.63283484560677,9.865512043609344],[76.63283475746746,9.86551653702663],[76.63283466932818,9.86552094716725],[76.63283458118889,9.865525357308101],[76.63282999794593,9.865529753694112],[76.63282982166736,9.865534160299877],[76.63282973352807,9.865538653718271],[76.63282964538877,9.865543063859976],[76.63282955724948,9.865547474001911],[76.63282946911019,9.865551967421013],[76.63282929283162,9.865556374027932],[76.63282920469233,9.865560867447504],[76.63282911655304,9.865565277590369],[76.63282902841375,9.865569687733458],[76.63282894027446,9.865574181153738],[76.63282876399587,9.865578587761812],[76.63282867585659,9.865583081182569],[76.6328285877173,9.865587491326588],[76.63282849957801,9.865591901470838],[76.63282832329944,9.865596391356807],[76.63282823516013,9.865600801501518],[76.63282814702085,9.865605294923455],[76.63282805888154,9.865609705068637],[76.63282797074226,9.865614115214044],[76.63282779446368,9.865618605101183],[76.63282770632439,9.865623015247056],[76.6328276181851,9.865627508670173],[76.63282753004582,9.865631918816508],[76.63282744190653,9.865636328963076],[76.63283176073172,9.86564091588526],[76.63283167259242,9.865645326032364],[76.63283158445313,9.865649819456737],[76.63283140817455,9.865654226068793],[76.63283132003527,9.865658636216592],[76.63283123189598,9.865663129641671],[76.63283114375669,9.865667539789934],[76.63283546258175,9.865672126714296],[76.63283537444248,9.865676536863093],[76.63283528630318,9.865681030289194],[76.63283519816389,9.865685440438462],[76.63283951698882,9.865689944086995],[76.63283942884955,9.865694437513874],[76.63283934071026,9.865698847663907],[76.63283925257097,9.865703341091262],[76.6328391644317,9.865707751241763],[76.6328434832565,9.865712338168928],[76.63284339511722,9.865716748319967],[76.63284330697793,9.86572115847123],[76.63284762580258,9.865725745399336],[76.63284753766331,9.865730155551137],[76.63284744952404,9.865734648980297],[76.63285185648782,9.865739156167747],[76.63285168020927,9.865743646061919],[76.63285159207,9.865748056214724],[76.63285599903364,9.865752646680242],[76.63285591089436,9.865757056833589],[76.63286022971859,9.865761560487046],[76.63286014157933,9.865766053918083],[76.63286005344007,9.865770464072197],[76.63286437226415,9.865775051003743],[76.63286428412488,9.865779461158393],[76.63286869108808,9.865784051626115],[76.63286851480954,9.865788458245754],[76.6328684266703,9.865792868401176],[76.63287283363336,9.865797458869837],[76.63287724059626,9.865802049338814],[76.63287706431775,9.865806455959532],[76.63288147128051,9.865810963151935],[76.63288138314125,9.865815456585949],[76.63288570196463,9.86581996024342],[76.63288561382538,9.86582445367798],[76.63289010892709,9.865824550713976],[76.63289002078783,9.86582896087162],[76.63289433961091,9.865833547807254],[76.63289425147165,9.865837957965438],[76.63289865843383,9.865842548437257],[76.6329029772566,9.865847052096587],[76.63290288911737,9.86585154553287],[76.63290729607924,9.865856052728379],[76.63291161490173,9.865860639665907],[76.6329160218633,9.865865146862037],[76.63291593372405,9.865869640299497],[76.63292025254624,9.865874143960687],[76.63292465950752,9.865878734435041],[76.63292906646863,9.865883241632421],[76.63293338529039,9.865887828571852],[76.6329377922512,9.865892335769859],[76.63293770411198,9.865896829209113],[76.63294211107265,9.865896922709926],[76.63294202293343,9.865901332872168],[76.63294642989395,9.86590592334843],[76.63295092499352,9.865906020384816],[76.6329507487151,9.865910427012116],[76.63295515567532,9.865915017489009],[76.63295956263538,9.865919524688884],[76.63296388145609,9.865924111630855],[76.63296828841585,9.865928618831358],[76.63297278351465,9.865928715867778],[76.63297269537544,9.865933209309524],[76.63297701419572,9.865937712975091],[76.6329815092942,9.865937810011525],[76.63298142115502,9.865942303453897],[76.63298573997498,9.865946807120084],[76.63299023507318,9.865946904156532],[76.632990146934,9.86595139759953],[76.63299455389284,9.865955904801908],[76.63299896085154,9.865955998302802],[76.63300336781009,9.865960588782892],[76.63300327967092,9.865964998949426],[76.63300777476847,9.865965095985898],[76.63301209358757,9.865969682931063],[76.63301658868481,9.865969779967472],[76.63301650054564,9.865974190134695],[76.63302090750358,9.86597878061606],[76.63302531446138,9.865978874116918],[76.63302972141899,9.865983464598608],[76.63302963327985,9.865987874766752],[76.63303412837648,9.865987971803195],[76.63303844719466,9.865992558749957],[76.6330383590555,9.865996968918713],[76.63304285415184,9.865997065955165],[76.63304717296973,9.866001652902566],[76.63305157992662,9.866006160108393],[76.63305598688333,9.866010750591999],[76.63306030570077,9.86601525426289],[76.63306480079632,9.8660153512993],[76.63306471265719,9.866019844747132],[76.63306911961347,9.866024351954216],[76.63307352656958,9.866024445455073],[76.63307793352554,9.866029035939958],[76.63308234048135,9.86603354314767],[76.6330866592979,9.866038130097625],[76.6330911543925,9.866038227134004],[76.63309106625341,9.86604263730597],[76.63309538506965,9.86604722425656],[76.63309988016397,9.866047321292951],[76.63309979202486,9.86605181474304],[76.63310419897992,9.86605632195232],[76.63310851779572,9.866060908903872],[76.63311301288957,9.866061005940281],[76.63311292475048,9.866065416113779],[76.63311724356599,9.866070003065966],[76.63312173865953,9.866070100102391],[76.63312165052044,9.866074510276501],[76.63312605747474,9.86607910076489],[76.63313055256798,9.866079197801326],[76.6331303762898,9.866083604440481],[76.63313478324379,9.86608819492951],[76.63313927833671,9.866088291965958],[76.63314359715133,9.86609279564218],[76.63314350901226,9.866097289095391],[76.63314791596581,9.8661017963078],[76.63315223478013,9.866106383262535],[76.63315664173336,9.86611089047557],[76.6331565535943,9.866115383929953],[76.63316104868645,9.86611548096651],[76.63316536750034,9.866119984644603],[76.63316527936128,9.866124478099609],[76.63316968631406,9.866128985313889],[76.6331740932667,9.866129078814897],[76.63317400512764,9.866133572270526],[76.63317841208014,9.866138079485433],[76.63317832394108,9.86614257294161],[76.63318281903247,9.866142669978277],[76.63318264275438,9.866147076621566],[76.63318704970658,9.866151667115043],[76.63319145665861,9.866156174331191],[76.63319128038053,9.86616066425297],[76.63319568733242,9.86616517146974],[76.63320009428416,9.866169761964485],[76.63319991800608,9.866174168609454],[76.63320432495767,9.86617875910483],[76.63320423681864,9.86618316928592],[76.63320855563106,9.86618767296866],[76.63320846749203,9.866192166427968],[76.63321296258235,9.866192263464981],[76.63321287444333,9.86619667364691],[76.63321719325545,9.866201260608278],[76.63321710511643,9.866205670790748],[76.63322151206742,9.866210261288325],[76.6332214239284,9.866214671471333],[76.63322124765035,9.866219161396698],[76.63322565460122,9.866223668617504],[76.6332255664622,9.866228162079004],[76.63323006155191,9.866228259116346],[76.63322988527389,9.866232665764837],[76.63323429222444,9.86623725626431],[76.63323420408544,9.866241666448932],[76.63323852289683,9.86624617013569],[76.63323843475783,9.866250663598603],[76.63323834661881,9.866255073783991],[76.63324275356908,9.866259664285032],[76.63324257729107,9.866264070935362],[76.63324698424118,9.866268661437035],[76.6332468961022,9.866273071623503],[76.63325121491316,9.866277658590201],[76.63325112677416,9.866282068777208],[76.63325553372397,9.86628665928014],[76.63325544558498,9.866291069467684],[76.63325526930699,9.86629547611985],[76.63325967625666,9.866300066623724],[76.63325958811767,9.866304476812035],[76.63325941183969,9.866308966742784],[76.63326381878922,9.86631347396978],[76.63326373065023,9.866317967436682],[76.63326813759961,9.8663224746643],[76.63326796132164,9.866326881318306],[76.63326787318265,9.866331374785993],[76.63327228013189,9.866335882014532],[76.63327210385391,9.866340371947153],[76.63327201571494,9.866344782137773],[76.63327642266404,9.8663493726451],[76.63327633452505,9.866353782836256],[76.6332761582471,9.866358272769897],[76.63327607010811,9.866362682961514],[76.63328047705707,9.866367190192216],[76.63328038891808,9.866371683662257],[76.63328470772792,9.866376187357954],[76.63328461958895,9.866380680828543],[76.63328453144996,9.86638509102147],[76.63328444331098,9.866389584492532],[76.63328876212069,9.86639408818946],[76.63328867398171,9.866398498383154],[76.63328858584275,9.866402991854997],[76.63328849770377,9.86640740204916],[76.63328832142582,9.866411891985845],[76.63329272837436,9.866416399219938],[76.63329264023538,9.866420892692805],[76.6332925520964,9.866425302887967],[76.63329237581848,9.866429709547718],[76.63329228767951,9.866434203021292],[76.63329678276686,9.866434300060995],[76.63329669462792,9.866438710256928],[76.63329660648894,9.866443203731047],[76.633296430211,9.8664476103918],[76.63329634207204,9.866452103866392],[76.63329625393308,9.866456514063252],[76.63330057274237,9.866461017764777],[76.63330048460341,9.866465511240154],[76.63330039646443,9.86646992143778],[76.63330030832547,9.866474414913629],[76.6333002201865,9.866478825111718],[76.63330004390859,9.866483231774385],[76.63329995576962,9.866487725250941],[76.63329986763065,9.866492135449729],[76.63329977949168,9.866496628926756],[76.63330409830085,9.866501132631038],[76.6333040101619,9.866505626108616],[76.63330392202295,9.866510036308402],[76.63330383388399,9.866514446508422],[76.63330374574501,9.866518939986705],[76.63330356946709,9.866523346651523],[76.63330348132814,9.86652784013028],[76.63330339318918,9.866532250331222],[76.6333033050502,9.866536660532399],[76.63330312877228,9.86654115047619],[76.6333075357203,9.866545657719207],[76.63330744758134,9.866550151199222],[76.63330735944238,9.866554561401395],[76.63330718316448,9.866558968068125],[76.63330709502551,9.866563461548846],[76.63330700688655,9.866567871751716],[76.63330691874759,9.866572365232914],[76.63330683060863,9.86657677543625],[76.63330665433071,9.866581182104124],[76.63330656619176,9.866585675586027],[76.6333064780528,9.866590085790056],[76.63330638991384,9.866594579272428],[76.6333062136359,9.866598985941232],[76.63330612549696,9.866603396145956],[76.633306037358,9.866607889629035],[76.63330594921904,9.866612299834221],[76.63330586108007,9.866616793317776],[76.63330568480215,9.866621199987728],[76.63330559666319,9.866625610193612],[76.63330550852424,9.866630103677869],[76.63330542038528,9.866634513884216],[76.63330533224631,9.86663900736895],[76.63330515596839,9.866643414040052],[76.63330506782943,9.86664782424709],[76.63330497969048,9.866652317732534],[76.63330489155152,9.866656727940036],[76.6333047152736,9.866661217890236],[76.63330462713462,9.866665628098202],[76.63330453899566,9.8666700383064],[76.63330445085671,9.866674531793024],[76.63330436271775,9.866678942001686],[76.63330418643983,9.866683431953053],[76.63329960321377,9.866687745118394],[76.6332995150748,9.866692155327677],[76.63329942693584,9.866696648815402],[76.63329933879686,9.86670105902515],[76.63329925065791,9.86670555251335],[76.63329907437998,9.866709959187826],[76.633298986241,9.866714369398261],[76.63329889810204,9.86671886288717],[76.6332943148758,9.866723176053618],[76.63329422673682,9.866727586264679],[76.63329405045889,9.866732076218476],[76.63329396231993,9.866736486429996],[76.63329387418095,9.866740979920007],[76.63329378604199,9.866745390131998],[76.63328920281555,9.866749703299242],[76.6332890265376,9.86675419325413],[76.63328893839864,9.866758603466739],[76.63328885025966,9.866763096957854],[76.63328876212069,9.866767507170925],[76.63328417889406,9.866771820338805],[76.6332840907551,9.866776313830554],[76.63328391447715,9.866780720508487],[76.63328382633817,9.866785130722407],[76.63327924311137,9.866789527169072],[76.6332791549724,9.866793937383385],[76.63327906683342,9.866798347597925],[76.63327457174543,9.866798250551918],[76.63327448360644,9.866802744044925],[76.63327430732849,9.866807150724087],[76.6332742191895,9.866811644217568],[76.63326963596236,9.866815957386587],[76.63326954782337,9.866820367602136],[76.63326945968439,9.86682486109625],[76.63326487645708,9.866829174265598],[76.6332647001791,9.86683358094598],[76.63326011695162,9.866837977393837],[76.63326002881263,9.866842387610399],[76.63325994067364,9.866846797827185],[76.63325535744599,9.866851194275377],[76.63325526930699,9.866855604492562],[76.63325077421815,9.866855507445232],[76.63325068607917,9.86685991766257],[76.63324610285117,9.866864314110957],[76.63324592657317,9.866868720792883],[76.63324583843418,9.866873131010836],[76.63324125520602,9.866877527459561],[76.633241167067,9.866881937677906],[76.63323658383868,9.866886250848422],[76.63323200061016,9.86689064729734],[76.63323191247116,9.866895057516233],[76.6332273292425,9.866899370686935],[76.63322274601367,9.866903767136048],[76.63322256973564,9.866908173819661],[76.63321798650664,9.866912486990543],[76.63321340327748,9.866916883439847],[76.63321331513843,9.866921293659829],[76.63320873190912,9.866925606830895],[76.63320414867962,9.866930003280393],[76.63320406054059,9.866934413500921],[76.63319956544996,9.866934316451486],[76.63319947731092,9.86693872667217],[76.63319489408109,9.866943123121866],[76.63319471780301,9.866947529807094],[76.63319013457301,9.866951842978525],[76.63318555134283,9.866956239428408],[76.63318096811251,9.866960552599865],[76.63318087997347,9.866964962821642],[76.63317629674297,9.866969275993265],[76.63317620860391,9.866973769493887],[76.63317171351228,9.866973672443358],[76.63316713028146,9.866977985615016],[76.6331670421424,9.866982395837494],[76.63316245891141,9.86698679228778],[76.63316228263331,9.86699119897478],[76.63315787568024,9.86699110545962],[76.63315769940212,9.86699551214677],[76.63315311617079,9.866999908597249],[76.63314853293929,9.867004221769268],[76.63314844480023,9.867008631992839],[76.63314394970763,9.8670085349413],[76.63314386156856,9.86701302844351],[76.63313927833671,9.867017341615714],[76.63313469510472,9.867021654787928],[76.63313460696564,9.867026148290694],[76.63313011187255,9.867026051238652],[76.63313002373349,9.867030461463083],[76.63312544050115,9.867034774635481],[76.63312526422297,9.867039264602909],[76.63312085726865,9.867039087807896],[76.63311627403598,9.86704348425883],[76.6331160977578,9.867047890948053],[76.63311151452497,9.867052204120649],[76.63311142638588,9.867056697624685],[76.63310693129198,9.86705660057177],[76.63310234805881,9.867060913744393],[76.63310225991972,9.867065323970229],[76.63309767668638,9.867069720421545],[76.63309309345289,9.86707403359435],[76.63308851021922,9.867078346767167],[76.63308842208012,9.867082840272243],[76.6330839269854,9.867082743218534],[76.63308383884629,9.867087153445231],[76.6330792556123,9.86709146661823],[76.63307467237814,9.867095863069796],[76.6330700010047,9.86710017270689],[76.63306991286557,9.867104582934283],[76.63306532963107,9.867108896107476],[76.63306074639642,9.867113292559248],[76.6330561631616,9.86711760573247],[76.63305607502245,9.867122015960568],[76.63305157992662,9.867121918905704],[76.63305149178746,9.867126412412532],[76.6330469085523,9.867130725585936],[76.63304232531698,9.867135038759354],[76.6330377420815,9.867139435211365],[76.63303765394235,9.867143845440326],[76.63303298256754,9.867148155077967],[76.63302857561003,9.867148061558275],[76.63302839933172,9.867152551530172],[76.63302381609574,9.867156864703798],[76.63302372795657,9.86716127493346],[76.63301923285958,9.867161177877438],[76.63301464962326,9.867165491051091],[76.6330145614841,9.867169984559668],[76.63300997824761,9.867174297733493],[76.63300539501097,9.867178610907333],[76.63300081177415,9.867183007359793],[76.63300072363498,9.867187417590472],[76.63299622853717,9.867187320533661],[76.63299614039798,9.867191730764493],[76.63299155716084,9.867196127217154],[76.63298697392354,9.867200440391198],[76.63298239068604,9.86720475356526],[76.63298221440768,9.867209243539431],[76.63297763117002,9.867213556713661],[76.6329731360714,9.867213459656048],[76.63297304793221,9.867217869887902],[76.63296846469423,9.867222183062157],[76.63296837655504,9.86722667657304],[76.63296388145609,9.867226579515071],[76.63296379331689,9.867230989747467],[76.63295921007858,9.867235302921909],[76.63295462684009,9.867239699375016],[76.63295004360145,9.86724401254948],[76.63294995546225,9.867248422782582],[76.63294537222345,9.867252819235883],[76.63294087712367,9.867252722177119],[76.63294070084525,9.867257128874504],[76.6329361176061,9.867261442049163],[76.63293602946688,9.867265935561642],[76.63293144622757,9.867270248736473],[76.63292695112732,9.8672701516772],[76.63292686298809,9.867274561911318],[76.63292227974846,9.867278875086171],[76.63292219160923,9.867283368599368],[76.63291769650866,9.867283271539728],[76.63291760836943,9.867287681774396],[76.63291302512944,9.867291994949435],[76.6329084418893,9.867296391403183],[76.632903858649,9.867300704578254],[76.63290368237053,9.86730511127756],[76.63289909913004,9.867309507731504],[76.6328946921679,9.867309414207135],[76.6328945158894,9.867313820906752],[76.6328899326486,9.867318134082014],[76.63288984450934,9.867322627596801],[76.63288526126837,9.867326940772235],[76.63288067802723,9.867331253947675],[76.63287609478593,9.867335567123135],[76.63287600664667,9.867340060638636],[76.63287142340519,9.867344373814264],[76.63286684016356,9.86734868698991],[76.63286225692175,9.867353083444307],[76.63286208064322,9.867357490145688],[76.63285767367978,9.867357396619976],[76.63285749740123,9.867361803321511],[76.6328529141591,9.8673661997761],[76.6328483309168,9.867370512951954],[76.63284374767433,9.867374826127817],[76.6328391644317,9.867379222582452],[76.63283907629241,9.867383632820943],[76.63283458118889,9.867383535758345],[76.63282999794593,9.867387848934243],[76.63282990980665,9.86739234245182],[76.6328253265635,9.867396655627894],[76.63282074332022,9.867400968803981],[76.63281616007676,9.867405281980083],[76.63281157683313,9.867409678434981],[76.63280699358934,9.867413991611107],[76.63280241034538,9.867418304787247],[76.63279782710126,9.867422617963397],[76.6327933319963,9.867422520899508],[76.63279324385697,9.867427014418361],[76.6327885724732,9.867431324058408],[76.63278398922857,9.867435637234594],[76.63277940598378,9.867440033689606],[76.63277482273884,9.867444346865824],[76.63277023949374,9.867448660042053],[76.63276565624845,9.867452973218297],[76.63276107300301,9.86745736967337],[76.6327564897574,9.867461682849644],[76.63275190651163,9.867465996025922],[76.63274732326568,9.867470392481046],[76.63274274001958,9.86747470565736],[76.63273824491266,9.86747460859174],[76.63273815677331,9.867479018833683],[76.63273357352686,9.86748333201002],[76.63272899028027,9.867487728465209],[76.63272449517288,9.867487631399158],[76.6327244070335,9.867492041641572],[76.63271982378659,9.86749635481795],[76.63271532867886,9.867496257751611],[76.63271524053948,9.86750075127319],[76.63271065729224,9.867505064449594],[76.6327060740448,9.867509377626009],[76.63270157893659,9.867509280559243],[76.63270149079722,9.867513690802438],[76.63269690754946,9.867518087257745],[76.63269232430154,9.867522400434202],[76.63268782919285,9.867522303367],[76.63268765291407,9.867526710074472],[76.63268306966582,9.86753110652982],[76.6326784864174,9.867535419706316],[76.63267390316882,9.867539732882825],[76.63266931992007,9.867544046059344],[76.63266923178067,9.867548539582755],[76.63266464853176,9.867552852759443],[76.63266015342208,9.867552755691307],[76.63266006528268,9.867557165936152],[76.63265548203344,9.867561562391758],[76.63265089878402,9.86756587556849],[76.63264631553446,9.867570188745239],[76.63264173228471,9.867574585200895],[76.63264164414528,9.8675789954466],[76.6326371490348,9.867578898377664],[76.63263256578473,9.867583211554448],[76.63263238950589,9.86758761826423],[76.63262780625564,9.867592014720094],[76.63262771811621,9.8675964249665],[76.63262322300524,9.867596327897063],[76.63262313486581,9.867600738143622],[76.63261855161524,9.867605134599682],[76.6326139683645,9.867609447776829],[76.63261388022505,9.867613858023937],[76.63260938511358,9.867613760953992],[76.63260929697414,9.867618254480194],[76.63260471372307,9.867622567657522],[76.63260462558362,9.867626977905177],[76.63260004233238,9.867631374361627],[76.63259986605348,9.867635781073405],[76.63259528280209,9.867640094251074],[76.63259519466263,9.867644587778459],[76.63259061141106,9.867648900956302],[76.6325905232716,9.86765331120512],[76.63258602815931,9.867653214134156],[76.63258594001985,9.867657707662099],[76.63258585188039,9.867662117911305],[76.63258118048901,9.867666427553205],[76.63258109234955,9.86767092108178],[76.6325810042101,9.867675331331608],[76.632576420958,9.867679644510112],[76.63257633281853,9.867684138039317],[76.63257624467907,9.867688548289765],[76.63257166142681,9.867692944747597],[76.63257148514788,9.867697351462143],[76.6325713970084,9.867701761713208],[76.63257130886893,9.867706255243517],[76.63257122072947,9.86771066549505],[76.63256663747703,9.867714978674522],[76.63256646119808,9.86771946866916],[76.63256637305861,9.867723878921312],[76.63256628491914,9.867728372452728],[76.63256619677966,9.86773278270534],[76.6325661086402,9.867737192958186],[76.63256593236126,9.867741682954],[76.63256584422177,9.867746093207307],[76.6325657560823,9.867750586739902],[76.63256566794284,9.867754996993677],[76.63256549166388,9.867759403711364],[76.63256540352442,9.867763897244666],[76.63256531538494,9.867768307499134],[76.63256522724548,9.867772801032904],[76.63256513910599,9.867777211287837],[76.63256496282705,9.867781618006672],[76.63256487468757,9.867786111541154],[76.63256478654812,9.867790521796781],[76.63256469840863,9.867795015331735],[76.63256461026916,9.867799425587823],[76.63256443399021,9.86780383230781],[76.63256892910327,9.867804012660716],[76.6325688409638,9.867808422917342],[76.63256875282433,9.867812833174202],[76.63256866468485,9.867817326710414],[76.63256848840592,9.867821733431398],[76.63256840026645,9.86782622696808],[76.63256831212698,9.867830637225865],[76.6325682239875,9.867835047483878],[76.63257254282148,9.867839634559258],[76.63257245468202,9.867844044817808],[76.63257236654255,9.86784853835575],[76.63257227840309,9.867852948614765],[76.63257210212414,9.867857355337666],[76.63257201398469,9.867861848876311],[76.63257192584521,9.867866259136022],[76.63257633281853,9.867870849749927],[76.6325761565396,9.867875256473827],[76.63257606840014,9.86787975001349],[76.63257598026068,9.867884160274206],[76.63257589212121,9.867888570535147],[76.63257580398174,9.867893064075524],[76.63258012281547,9.86789756787574],[76.632580034676,9.867902061416665],[76.63257994653654,9.867906471678607],[76.63257977025762,9.867910878404421],[76.63257968211815,9.867915371946047],[76.6325795939787,9.867919782208684],[76.63258408909121,9.867919879284164],[76.63258400095175,9.867924372826339],[76.63258382467284,9.867928779553152],[76.63258373653338,9.867933273095801],[76.6325836483939,9.867937683359443],[76.63258356025446,9.867942093623311],[76.632583472115,9.86794658716667],[76.63258779094846,9.867951090970568],[76.632587702809,9.867955584514473],[76.63258761466953,9.867959994779344],[76.63258752653009,9.86796440504445],[76.63258735025117,9.867968895052684],[76.63258726211171,9.867973305318252],[76.63258717397227,9.867977798863336],[76.63259158094505,9.86798230620576],[76.63259140466616,9.867986796215007],[76.63259131652669,9.867991206481575],[76.63259122838724,9.867995616748376],[76.63259114024777,9.868000110294723],[76.63259096396888,9.868004517025591],[76.63259087582942,9.868009010572406],[76.63259528280209,9.868013517916987],[76.63259519466263,9.868018011464343],[76.63259501838373,9.868022418196214],[76.63259493024428,9.86802682846471],[76.63259484210482,9.86803132201278],[76.63259475396536,9.868035732281738],[76.63259466582592,9.868040225830283],[76.632598984659,9.86804472964061],[76.63259889651955,9.868049139910342],[76.63259880838011,9.868053633459665],[76.63259872024065,9.868058043729858],[76.63259854396175,9.868062533743247],[76.6325984558223,9.868066944013904],[76.63259836768286,9.868071354284787],[76.63260277465527,9.868075944913063],[76.63260259837637,9.86808035164807],[76.63260251023692,9.868084845199125],[76.63260242209748,9.868089255471011],[76.63260233395803,9.868093749022542],[76.63260215767914,9.868098155758467],[76.63260206953969,9.86810256603105],[76.63260198140024,9.868107059583284],[76.63260638837252,9.868111566934632],[76.63260621209363,9.868116056950985],[76.63260612395419,9.868120467224568],[76.63260603581476,9.868124877498383],[76.63260594767532,9.868129371051873],[76.63260585953586,9.868133781326152],[76.63260568325697,9.86813827134368],[76.63261009022912,9.868142778697178],[76.63261000208968,9.868147272251688],[76.63260991395023,9.86815168252697],[76.63260973767136,9.868156089266042],[76.63260964953191,9.868160582821261],[76.63260956139247,9.868164993097235],[76.63260947325303,9.868169486652922],[76.6326137920856,9.868173990472135],[76.63261370394618,9.868178400748876],[76.63261361580673,9.868182894305349],[76.6326135276673,9.868187304582554],[76.63261335138841,9.868191794603053],[76.63261326324898,9.868196204880718],[76.63261317510954,9.86820061515862],[76.63261758208144,9.868205205795947],[76.63261740580256,9.86820961253793],[76.63261731766312,9.868214106096133],[76.63261722952369,9.868218516375038],[76.63261714138426,9.868223009933706],[76.63261705324483,9.868227420213076],[76.63261687696595,9.868231826956206],[76.63262128393771,9.868236417595721],[76.63262119579828,9.868240827875857],[76.6326210195194,9.868245317899321],[76.63262093137998,9.868249728179919],[76.63262084324053,9.86825422174032],[76.6326207551011,9.868258632021384],[76.63262066696167,9.868263042302678],[76.63262498579388,9.868267629407903],[76.63262489765445,9.868272039689733],[76.63262480951502,9.868276533251395],[76.63262472137558,9.868280943533684],[76.63262454509672,9.86828535027973],[76.63262445695729,9.868289843842096],[76.63262436881786,9.868294254125086],[76.63262877578936,9.868298844768972],[76.6326285995105,9.868303251516014],[76.63262851137108,9.868307745079399],[76.63262842323164,9.86831215536339],[76.63262833509222,9.868316565647609],[76.63262824695278,9.868321059211706],[76.63262807067393,9.8683254659599],[76.6326279825345,9.868329959524466],[76.63263238950589,9.868334466891193],[76.63263221322703,9.86833887364015],[76.63263212508761,9.8683433672055],[76.63263203694818,9.868347777491417],[76.63263194880876,9.86835227105724],[76.63263186066933,9.868356681343618],[76.63263168439047,9.868361088093726],[76.63263609136173,9.868365678742295],[76.6326360032223,9.868370089029442],[76.63263591508289,9.868374582596521],[76.63263573880403,9.868378989347628],[76.63263565066461,9.868383482915174],[76.63263556252518,9.868387893203252],[76.63263547438576,9.86839230349156],[76.63263979321746,9.8683968906058],[76.63263970507803,9.868401300894645],[76.63263961693862,9.86840579446345],[76.63263952879919,9.868410204752758],[76.63263935252036,9.868414611505779],[76.63263926438093,9.868419105075288],[76.63263917624151,9.868423515365293],[76.63264358321251,9.868428106018232],[76.63264340693367,9.868432512772252],[76.63264331879425,9.868437006342782],[76.63264323065484,9.868441416633788],[76.63264314251542,9.868445826925024],[76.63264305437599,9.868450320496263],[76.63264287809716,9.86845472725143],[76.63264278995774,9.868459220823146],[76.63264719692862,9.868463728198797],[76.6326471087892,9.868468138491261],[76.63264693251035,9.868472628527222],[76.63264684437094,9.868477038820151],[76.63264675623152,9.86848153239312],[76.63264666809212,9.868485942686519],[76.63265098692344,9.86849052980729],[76.63265089878402,9.86849494010122],[76.6326508106446,9.868499350395384],[76.63265072250519,9.868503843969608],[76.63265054622637,9.868508250727688],[76.63265045808696,9.868512744302388],[76.63265036994754,9.868517154597477],[76.63265477691816,9.868521745256974],[76.63265460063933,9.86852615201605],[76.63265451249991,9.868530562311907],[76.63265442436051,9.86853505588786],[76.6326543362211,9.868539466184187],[76.63265424808169,9.868543959760615],[76.63265407180288,9.868548366520836],[76.63265398366345,9.868552776817852],[76.63265839063394,9.868557367479847],[76.63265830249453,9.868561777777407],[76.63265812621572,9.868566267818522],[76.6326580380763,9.868570678116539],[76.63265794993688,9.868575088414788],[76.63265786179748,9.868579581993176],[76.63265768551867,9.868583988755315],[76.63266218062843,9.868584085840563],[76.63266209248903,9.8685885794195],[76.63266200434963,9.868592989718751],[76.63266191621021,9.86859748329816],[76.6326617399314,9.868601890061296],[76.63266165179199,9.868606300361241],[76.63266156365259,9.868610793941356],[76.63266147551319,9.868615204241769],[76.632665794344,9.868619791371554],[76.6326657062046,9.868624201672498],[76.6326656180652,9.868628611973675],[76.6326655299258,9.868633105555046],[76.6326654417864,9.868637515856689],[76.63266526550758,9.868642005901945],[76.63266517736818,9.868646416204049],[76.63266958433827,9.868651006872602],[76.63266949619889,9.868655417175248],[76.63266931992007,9.868659823941528],[76.63266923178067,9.868664317524628],[76.63266914364128,9.868668727827963],[76.63266905550188,9.86867322141154],[76.63266887922308,9.86867762817874],[76.63266879108367,9.868682038482767],[76.63267319805364,9.868686629153816],[76.63267310991425,9.868691039458385],[76.63267293363543,9.868695529506606],[76.63267284549605,9.868699939811643],[76.63267275735666,9.868704350116905],[76.63267266921726,9.86870884370244],[76.63267698804769,9.868713347558705],[76.63267689990829,9.86871784114479],[76.6326768117689,9.868722251451056],[76.63267672362952,9.86872674503761],[76.6326766354901,9.868731155344344],[76.63267645921132,9.868735562114685],[76.63267637107194,9.868740055701945],[76.63267628293252,9.868744466009367],[76.63268060176284,9.868749053148168],[76.63268051362346,9.86875346345613],[76.63268042548407,9.868757873764318],[76.63268033734467,9.868762367352842],[76.63268024920526,9.868766777661493],[76.63268007292649,9.868771267713855],[76.63267998478709,9.868775678022974],[76.6326798966477,9.868780088332327],[76.63268430361728,9.868784679010243],[76.6326841273385,9.868789085783492],[76.63268403919912,9.868793579373742],[76.63268395105973,9.868797989684095],[76.63268386292035,9.868802483274814],[76.63268377478094,9.86880689358563],[76.63268359850217,9.868811300360031],[76.63268800547162,9.868815891040132],[76.63268791733223,9.868820301351715],[76.63268774105346,9.868824791407052],[76.63268765291407,9.868829201719095],[76.63268756477468,9.868833695311544],[76.6326874766353,9.868838105624056],[76.63268738849591,9.868842515936795],[76.63268721221712,9.868847005993295],[76.63269161918646,9.86885151339571],[76.63269153104709,9.868856006989414],[76.6326914429077,9.86886041730316],[76.63269126662892,9.868864824080475],[76.63269117848954,9.868869317674882],[76.63269109035015,9.86887372798932],[76.63269100221076,9.868878221584207],[76.63269091407139,9.868882631899108],[76.6326952329012,9.86888721904754],[76.63269514476183,9.868891629362981],[76.63269505662244,9.868896039678647],[76.63269496848305,9.868900533274786],[76.63269479220429,9.86890494005425],[76.6326947040649,9.868909433650863],[76.63269461592552,9.868913843967459],[76.63269452778614,9.868918254284289],[76.63269435150738,9.868922744344927],[76.63269875847647,9.868927251752572],[76.63269867033708,9.868931745350435],[76.63269858219769,9.868936155668269],[76.63269840591894,9.868940562449643],[76.63269831777956,9.868945056048219],[76.63269822964017,9.868949466366741],[76.6326981415008,9.868953959965788],[76.63270246033036,9.868958463838897],[76.63270237219099,9.868962957438491],[76.63270228405162,9.868967367758016],[76.63270219591223,9.868971778077771],[76.63270210777287,9.868976271678074],[76.6327019314941,9.868980678461602],[76.63270184335474,9.868985172062374],[76.63270175521535,9.868989582383058],[76.6327060740448,9.868994086258613],[76.63270598590543,9.868998579860168],[76.63270589776604,9.869002990181622],[76.63270580962669,9.869007483783653],[76.6327057214873,9.86901189410557],[76.63270554520855,9.869016300891007],[76.63270545706918,9.869020794493743],[76.6327053689298,9.869025204816353],[76.6327097758985,9.869029795511437],[76.63270959961976,9.869034202297875],[76.63270951148039,9.869038695901633],[76.63270942334101,9.869043106225245],[76.63270933520164,9.869047516549085],[76.63270924706227,9.86905201015355],[76.63270907078353,9.869056416941138],[76.63271347775209,9.86906100763841],[76.63271338961273,9.869065417963252],[76.63271321333399,9.869069824751607],[76.63271312519463,9.869074318357322],[76.63271303705525,9.869078728682862],[76.63271294891588,9.869083222289056],[76.63271286077651,9.869087632615058],[76.63271268449776,9.869092039404558],[76.6327170914662,9.869096630104327],[76.63271700332685,9.869101040431095],[76.63271691518747,9.869105534038546],[76.63271673890874,9.869109940829043],[76.63271665076938,9.869114434436964],[76.6327210577377,9.869118941857835],[76.63272096959834,9.869123435466307],[76.6327207933196,9.869127842257802],[76.63272070518023,9.869132252586265],[76.63272061704087,9.869136746195444],[76.63272502400905,9.869141253617851],[76.63272484773033,9.869145743690833],[76.63272475959096,9.869150154020303],[76.63272916655899,9.86915474472414],[76.63272907841963,9.869159155054145],[76.63272890214091,9.869163561847632],[76.6327333091088,9.869168152552408],[76.63273322096946,9.86917256288318],[76.63273304469074,9.869177052957957],[76.63273745165849,9.869181560383147],[76.63273736351913,9.869186053995223],[76.63273727537978,9.869190464327],[76.63274159420803,9.869194968216354],[76.63274150606867,9.869199461829217],[76.63274141792932,9.869203872161762],[76.63274573675743,9.869208459332599],[76.63274564861808,9.869212869665681],[76.63274556047874,9.86921736327956],[76.63274996744606,9.86922187070753],[76.63274979116736,9.869226277504612],[76.63274970302803,9.86923077111928],[76.63275410999519,9.869235278548171],[76.63275402185585,9.869239772163382],[76.63275384557717,9.869244178961464],[76.63275825254419,9.869248769671888],[76.63275816440485,9.869253180007279],[76.6327580762655,9.869257673623512],[76.63276248323238,9.869257767181558],[76.63276239509305,9.869262177517484],[76.63276680205979,9.869266768229169],[76.63276671392045,9.869271178565633],[76.63276653764179,9.869275585365553],[76.63277094460837,9.869280176078178],[76.63277085646904,9.869284586415413],[76.63277076832972,9.869289080033527],[76.63277059205105,9.869293486834442],[76.6327749990175,9.869298077548319],[76.63277491087817,9.869302487886557],[76.63277482273884,9.869306898225021],[76.63277914156582,9.86931148540305],[76.63277905342649,9.869315895742055],[76.63277896528717,9.86932038936197],[76.632783284114,9.869324893260256],[76.6327831959747,9.869329386880716],[76.63278310783537,9.86933379722073],[76.63278301969605,9.869338207560965],[76.63278733852273,9.869342794741174],[76.63278725038343,9.86934720508195],[76.63278716224411,9.86935169870367],[76.63278707410478,9.86935610904491],[76.63279139293135,9.869360696226375],[76.63279130479204,9.869365106568148],[76.63279121665272,9.869369516910156],[76.63279112851339,9.86937401053313],[76.63279095223477,9.869378417338798],[76.63279086409544,9.869382910962244],[76.63279077595612,9.86938732130518],[76.63279518292188,9.869391912025625],[76.63279500664325,9.869396318832289],[76.63279491850393,9.869400729175993],[76.63279483036463,9.869405222800694],[76.6327947422253,9.869409633144864],[76.632794654086,9.86941412677004],[76.63279447780737,9.869418533577852],[76.63279438966806,9.869422943922713],[76.63279430152875,9.869427437548595],[76.63279421338943,9.86943184789392],[76.6327940371108,9.869436337983453],[76.63279394897148,9.869440748329243],[76.63279386083217,9.869445158675257],[76.63279377269285,9.86944965230232],[76.63278918944842,9.869453965551223],[76.6327891013091,9.869458375897864],[76.63278892503047,9.869462865988721],[76.63278883689115,9.869467276335826],[76.63278874875184,9.86947176996399],[76.63278416550722,9.869476083213533],[76.6327840773679,9.869480493561255],[76.63278390108925,9.869484983653214],[76.63277931784447,9.869489296903078],[76.63277922970514,9.86949370725142],[76.63277914156582,9.869498200880848],[76.63277905342649,9.869502611229658],[76.63277447018153,9.869506924480001],[76.63277429390287,9.86951141457321],[76.63277420576355,9.869515824922637],[76.63277411762422,9.86952031855317],[76.6327695343791,9.869524631804003],[76.63276944623975,9.869529042154046],[76.63276486299443,9.869533438685936],[76.6327647748551,9.86953784903637],[76.63276459857644,9.869542255850169],[76.6327645104371,9.869546749481966],[76.63275992719163,9.86955106273345],[76.63275983905228,9.869555473084732],[76.63275975091294,9.86955996671716],[76.63275516766728,9.869564279968971],[76.63275499138861,9.869568770064918],[76.63275490324925,9.869573180417055],[76.63275040814277,9.869573083316897],[76.63275032000342,9.86957749366919],[76.6327502318641,9.869581987302649],[76.63275014372473,9.869586397655404],[76.63274556047874,9.869590710907866],[76.63274538420005,9.869595201005064],[76.63274529606069,9.869599611358442],[76.63274071281451,9.869603924611226],[76.63274062467517,9.869608418245944],[76.63274053653582,9.869612828599946],[76.63273595328947,9.869617141853055],[76.63273577701077,9.869621631951507],[76.63273119376424,9.869625945204783],[76.63273110562487,9.869630438840533],[76.63272652237819,9.869634752093987],[76.63272643423882,9.869639162449147],[76.63272634609947,9.86964365608553],[76.63272176285261,9.869647969339308],[76.63272158657388,9.869652376158168],[76.63272149843452,9.869656869795183],[76.63271691518747,9.869661183049288],[76.63271682704811,9.869665593405687],[76.63271224380092,9.869669989940968],[76.63271215566154,9.869674400297763],[76.63271206752218,9.869678810654783],[76.63270739613542,9.86968320365347],[76.63270730799604,9.869687614010884],[76.63270272474851,9.869691927265647],[76.63270263660912,9.869696420904479],[76.63270254846975,9.869700831262511],[76.63269805336141,9.869700734159418],[76.63269796522204,9.869705227798645],[76.63269787708265,9.869709638157069],[76.63269320569538,9.869713947875384],[76.632693117556,9.869718441515241],[76.63268853430795,9.869722754770674],[76.63268844616856,9.869727165129873],[76.63268835802917,9.869731658770368],[76.63268377478094,9.869735972026124],[76.63268368664156,9.86974038238594],[76.63267919153256,9.869740285281894],[76.63267901525376,9.86974477538598],[76.63267892711437,9.869749185746187],[76.6326743438658,9.869753499002286],[76.63267425572641,9.869757992643963],[76.63266967247768,9.86976230590023],[76.63266958433827,9.869766716261209],[76.63266949619889,9.869771209903526],[76.63266482481056,9.86977551962314],[76.63266473667116,9.86977992998474],[76.63266015342208,9.869784326522607],[76.63266006528268,9.8697887368846],[76.63265548203344,9.86979305014153],[76.63265539389403,9.86979754378503],[76.63265530575461,9.86980195414764],[76.63265063436579,9.869806347149032],[76.63265054622637,9.869810757512035],[76.63264596297678,9.86981507076946],[76.63264587483737,9.869819564413985],[76.63264129158762,9.869823877671587],[76.63264120344819,9.86982828803536],[76.63263662019827,9.869832684574279],[76.63263644391941,9.869837091401433],[76.63263635578,9.869841501765833],[76.6326317725299,9.869845898305087],[76.63263168439047,9.869850308669871],[76.63262710114022,9.86985462192813],[76.63262701300079,9.869859115574478],[76.63262242975034,9.869863428832911],[76.63262225347147,9.869867835661445],[76.63261767022087,9.869872232201226],[76.63261758208144,9.869876642567183],[76.63261749394199,9.869881052933362],[76.63261291069122,9.869885449473486],[76.63261282255178,9.869889859840052],[76.63260823930084,9.86989417309915],[76.63260806302195,9.869898663210275],[76.63260347977084,9.86990297646954],[76.63260339163138,9.869907470118104],[76.63260330349195,9.869911880485683],[76.63259872024065,9.86991619374527],[76.6325986321012,9.869920687394467],[76.63259404884975,9.86992500065423],[76.63259387257084,9.86992940748553],[76.63258928931921,9.869933804026699],[76.63258920117977,9.869938214395443],[76.63258911304031,9.869942624764418],[76.63258452978852,9.86994702130592],[76.63258444164906,9.869951431675286],[76.6325798583971,9.869955744935716],[76.63257968211815,9.869960235049659],[76.6325795939787,9.869964645419644],[76.63257501072655,9.869968958680394],[76.63257492258708,9.869973452332038],[76.63257033933478,9.869977765592958],[76.63257025119532,9.86998217596372],[76.63257016305585,9.869986669615997],[76.63256549166388,9.869990979340159],[76.63256540352442,9.869995472992835],[76.63256082027176,9.86999978625425],[76.63256073213229,9.870004196626018],[76.6325606439928,9.870008690279324],[76.63255614887947,9.870008593168905],[76.63255606073999,9.87001300354107],[76.63255597260051,9.870017413913459],[76.63255130120804,9.870021806919587],[76.63255121306855,9.870026217292363],[76.6325466298154,9.870030530554443],[76.63254654167591,9.870035024208939],[76.63254645353642,9.870039434582335],[76.63254187028309,9.870043747844743],[76.6325417821436,9.870048241499864],[76.63253711075062,9.870052551225331],[76.63253702261112,9.870056961599502],[76.63253243935745,9.870061358143596],[76.63253235121795,9.87006576851816],[76.63253226307845,9.870070262174314],[76.6325276798246,9.870074575437387],[76.6325275916851,9.870078985812574],[76.63252741540612,9.870083475932228],[76.63252283215209,9.870087789195626],[76.63251824889792,9.870092102459033],[76.6325181607584,9.870096596116376],[76.63251807261891,9.870101006492572],[76.63251348936456,9.870105319756307],[76.63251340122504,9.87010981341428],[76.63251322494602,9.870114220253948],[76.6325086416915,9.870118533518012],[76.63250855355197,9.870123027176614],[76.63250397029728,9.870127340440847],[76.63250388215778,9.870131750818432],[76.6324992989029,9.87013614736425],[76.63249921076338,9.870140557742229],[76.63249903448435,9.870145047864703],[76.6324944512293,9.87014936112943],[76.63249436308979,9.870153771508027],[76.63249427495026,9.87015826516829],[76.63248969169506,9.870162578433344],[76.63248510843968,9.87016689169841],[76.63248502030014,9.87017138535923],[76.63248484402109,9.87017579220167],[76.63248026076553,9.870180105467057],[76.632480172626,9.87018459912851],[76.63248008448647,9.870189009508735],[76.63247550123076,9.870193322774455],[76.63247541309123,9.870197816436537],[76.63247082983533,9.870202129702422],[76.63247065355625,9.870206536546243],[76.6324660703002,9.870210933093778],[76.63246598216065,9.87021534347517],[76.63246139890443,9.870219656741394],[76.63246131076488,9.870224150404663],[76.63246122262534,9.870228560786677],[76.63245663936894,9.870232874053228],[76.63245646308984,9.870237364179928],[76.63245187983327,9.87024167744665],[76.63245179169371,9.870246171110947],[76.63244720843697,9.870250484377838],[76.63244712029741,9.870254894761016],[76.63244703215786,9.870259388425946],[76.63244244890096,9.870263701693165],[76.63244227262183,9.870268108539744],[76.63244218448227,9.87027260220531],[76.63243760122519,9.870276915472846],[76.63243301796795,9.870281228740403],[76.63243292982838,9.870285722406521],[76.63243284168881,9.870290132791327],[76.63242825843139,9.870294446059212],[76.63242808215226,9.870298936188728],[76.63242799401269,9.870303346574154],[76.6324234107551,9.87030765984236],[76.63242332261552,9.870312153509738],[76.63241882749733,9.870312056392144],[76.63241873935776,9.870316466778117],[76.63241865121819,9.870320877164321],[76.63241406796026,9.870325273714442],[76.6324138916811,9.87032968056379],[76.63241380354152,9.8703341742322],[76.6324092202834,9.87033848750107],[76.63240913214383,9.870342897888284],[76.63240454888556,9.870347294438922],[76.63240446074597,9.870351704826522],[76.63239987748753,9.870356018095734],[76.63239970120836,9.87036050822807],[76.63239961306877,9.870364918616291],[76.63239502981016,9.870369231885824],[76.63239494167055,9.870373725556055],[76.63239035841177,9.87037803882576],[76.63239027027218,9.870382449214757],[76.63238568701323,9.870386845766266],[76.63238551073404,9.870391252618376],[76.63238092747491,9.870395565888417],[76.63238083933531,9.870400059559831],[76.63238075119571,9.87040446994984],[76.63237616793641,9.870408783220208],[76.63237607979681,9.870413276892256],[76.6323759035176,9.870417683745593],[76.63237149653733,9.870417590162798],[76.63237132025813,9.870421997016287],[76.63236673699849,9.87042639356866],[76.63236664885889,9.870430803959833],[76.63236206559908,9.87043511723071],[76.63236197745947,9.870439610903944],[76.6323573941995,9.870443924174992],[76.63235281093937,9.870448237446055],[76.63235263466012,9.870452727582535],[76.63234805139982,9.870457040853767],[76.63234346813934,9.870461354125007],[76.63233888487869,9.87046575067796],[76.63233430161789,9.87047006394923],[76.63233421347826,9.870474474342194],[76.6323296302173,9.87047887089534],[76.63232513509578,9.870478690491804],[76.63232504695615,9.870483184166794],[76.63232046369485,9.870487497438258],[76.6323158804334,9.870491810709735],[76.63231138531141,9.87049171358748],[76.63231129717175,9.870496207262942],[76.63230671390997,9.870500520534453],[76.632302130648,9.870504833805969],[76.63229763552553,9.870504736683284],[76.63229754738587,9.870509230359229],[76.63229296412358,9.870513543630775],[76.63228838086113,9.870517856902332],[76.63228388573818,9.870517759779213],[76.6322793024754,9.870522073050642],[76.63227921433572,9.870526566727229],[76.63227471921245,9.870526469603822],[76.63227013594934,9.870530782875276],[76.63226555268605,9.87053509614674],[76.6322609694226,9.870539409418223],[76.63225629801931,9.870543802434103],[76.63225171475554,9.870548115705605],[76.63224730777098,9.87054802211878],[76.63224272450688,9.870552335390157],[76.63223814124262,9.870556648661546],[76.6322336461179,9.870556551536994],[76.63223346983848,9.87056104167733],[76.63222888657388,9.870565354948745],[76.63222430330914,9.870569668220169],[76.63221989632363,9.870569574632578],[76.63221522491882,9.870573884366484],[76.63221513677911,9.870578378044838],[76.63221064165357,9.870578280919565],[76.63220605838816,9.870582594190891],[76.63220147512257,9.870586907462226],[76.63219706813628,9.870586813873999],[76.63219239673064,9.870591123607802],[76.6321923085909,9.87059561728672],[76.63218772532484,9.870599930558095],[76.63218323019834,9.870599833432037],[76.63217864693192,9.870604146703283],[76.63217855879219,9.87060864038268],[76.63217406366536,9.870608543256331],[76.63216948039862,9.870612856527607],[76.63216489713173,9.870617169798892],[76.63216480899197,9.87062166347877],[76.63216031386465,9.870621483070192],[76.63215573059743,9.870625879623306],[76.63215564245768,9.870630290021698],[76.63215105919028,9.870634603293174],[76.63214656406247,9.870634506165969],[76.63214647592271,9.870638999846486],[76.63214189265499,9.870643313117993],[76.63214180451521,9.870647723517084],[76.63213730938709,9.870647626389516],[76.63213272611902,9.870652022942876],[76.63213254983948,9.870656429804834],[76.63212796657126,9.870660743076536],[76.63212338330287,9.870665139630086],[76.63212329516308,9.870669550030039],[76.63211871189453,9.870673863301924],[76.63211862375475,9.870678356984106],[76.63211404048602,9.870682670256166],[76.63211395234623,9.870687080656893],[76.63211377606666,9.870691570802249],[76.63210919279776,9.870695884074626],[76.63210910465797,9.870700294475974],[76.63210452138891,9.87070469103039],[76.63210443324911,9.87070910143213],[76.63210434510931,9.870713511834097],[76.63210416882974,9.870718001980698],[76.63210408068994,9.870722412383127],[76.63209949742068,9.870726725656315],[76.6320994092809,9.870731219341026],[76.6320993211411,9.870735629744079],[76.6320992330013,9.870740123429261],[76.63209905672171,9.87074453029529],[76.63209896858191,9.87074894069903],[76.6321033755716,9.870753531514845],[76.63210328743182,9.870757941919127],[76.63210311115223,9.870762432068076],[76.63210302301243,9.870766842472824],[76.63210293487263,9.870771336159736],[76.63210284673285,9.870775746564938],[76.63210267045326,9.870780153432888],[76.63210258231346,9.870784647120505],[76.63210698930304,9.870789154656867],[76.63210690116325,9.870793648345035],[76.63210672488367,9.870798055213973],[76.63210663674388,9.87080254890261],[76.63210654860409,9.870806959309514],[76.6321064604643,9.87081136971665],[76.63210637232451,9.870815863405998],[76.63211069117415,9.870820367407006],[76.63211060303436,9.870824861096898],[76.63211051489458,9.870829271505034],[76.63211042675479,9.870833681913403],[76.63211025047521,9.870838172066488],[76.63211016233542,9.870842582475323],[76.63211007419564,9.870847076166395],[76.63211439304516,9.870851580169544],[76.63211430490537,9.870856073861164],[76.63211421676559,9.870860484271002],[76.63211412862582,9.870864894681064],[76.63211404048602,9.870869388373395],[76.63211386420645,9.870873795246396],[76.63211377606666,9.870878288939195],[76.63211368792687,9.870882699350188],[76.63211809491605,9.870887206893313],[76.6321179186365,9.870891697049371],[76.63211783049671,9.870896107461126],[76.63211774235693,9.870900601155185],[76.63211765421714,9.870905011567405],[76.63211756607737,9.87090942197986],[76.6321173897978,9.870913912137087],[76.63212188492663,9.870914009269374],[76.63212179678685,9.870918419682365],[76.63212170864706,9.870922913377678],[76.6321215323675,9.870927320253594],[76.63212144422772,9.870931813949376],[76.63212135608795,9.870936224363295],[76.63212126794816,9.870940634777442],[76.6321211798084,9.870945128473934],[76.63212549865753,9.870949632483821],[76.63212541051776,9.870954126180864],[76.63212532237797,9.870958536596012],[76.6321252342382,9.87096294701139],[76.63212505795865,9.870967437171586],[76.63212496981886,9.87097184758743],[76.63212488167909,9.87097634128565],[76.63212479353932,9.870980751701959],[76.63212911238834,9.87098533899645],[76.63212902424856,9.87098974941329],[76.63212893610878,9.870994159830369],[76.63212884796901,9.870998653529842],[76.63212867168946,9.871003060409821],[76.63212858354969,9.87100755410977],[76.63212849540992,9.87101196452777],[76.63213290239858,9.871016472079818],[76.63213272611902,9.871020962242978],[76.63213263797925,9.871025372661748],[76.63213254983948,9.87102986636295],[76.63213246169973,9.87103427678219],[76.63213237355995,9.871038687201654],[76.6321321972804,9.871043177365983],[76.63213660426894,9.871047684920185],[76.63220077000477,9.871360403913037],[76.63407672209095,9.872205067212269],[76.63563076934147,9.87282419279504],[76.63742576196782,9.87330682363582],[76.63687041514157,9.874773951257122],[76.63666435185584,9.87551152103433],[76.63620718630935,9.877185512582997],[76.63617907061872,9.877233691205168],[76.63590311346348,9.877898425400133],[76.63576368039678,9.87828637352809],[76.63566152927311,9.878808502465402],[76.63576517873018,9.879157739819393],[76.63559983312766,9.880625285506666],[76.63546225061559,9.881497752832454],[76.63557145289069,9.881989408152748],[76.63575045980731,9.882931663916146],[76.63596066701729,9.883141099569828],[76.63610750337817,9.883558061985319],[76.63614399209943,9.883905622705852],[76.63596877563228,9.88429274171537],[76.63521608243151,9.885386258299082],[76.63521599429387,9.885390752816265],[76.63521149927428,9.885390655493023],[76.63510952398293,9.885530495814413],[76.63480774010121,9.885776757944992],[76.63462661654599,9.88584802908663],[76.63437136850959,9.885837521698491],[76.63419844119966,9.885757853549872],[76.63401643539301,9.885495649570807],[76.63384853150046,9.885207191754068],[76.63371667610997,9.885097355614082],[76.63353308311623,9.88508856166974],[76.63338959306454,9.88508962560141],[76.63313213907142,9.88516799002557],[76.63292827321564,9.885256504298367],[76.63274679442961,9.885345584954424],[76.63237273049182,9.885799012071255],[76.63208839180605,9.886063463326439],[76.63155805350966,9.886304282134049],[76.6311779925313,9.886446436197112],[76.6313730471593,9.887282423511188],[76.63120011577796,9.887758435204663],[76.63084676035493,9.888283588087118],[76.63046370046284,9.888736826967627],[76.6305403830461,9.889645546226891],[76.63043426138985,9.889958653250105],[76.63050812348222,9.89024051446941],[76.63054567149842,9.890730419005656],[76.63065214562504,9.891146460998623],[76.63086712084618,9.8915293832388],[76.63083089503482,9.89191536587561],[76.63062182518745,9.892403857962016],[76.63055395673993,9.892615633598295],[76.6307639081059,9.892647320481055],[76.63097491681272,9.892821248886248],[76.63115560485944,9.893136740948433],[76.63101352237788,9.893453412293624],[76.63084006166446,9.893764990151789],[76.63105248049345,9.894254620535582],[76.6311626560951,9.894706235616654],[76.63116371378042,9.89521752559465],[76.63102445180517,9.895601045654027],[76.63060560727601,9.896235733505995],[76.63018587995849,9.896723684089874],[76.6299805991268,9.897425702936784],[76.62959612636578,9.898123513291646],[76.6295271115314,9.89875321546276],[76.62921226943709,9.899350365993612],[76.62875789768586,9.899597415592325],[76.62875904353324,9.89973525604721],[76.6286666705725,9.900035368583094],[76.62861810422753,9.900189869764901],[76.6283744789437,9.900437489904974],[76.62820004506975,9.900789035235297],[76.62795395099208,9.901138862376817],[76.62809691831139,9.901346731944853],[76.62837950305881,9.901344614198004],[76.62943570868552,9.901796452854727],[76.62964927569554,9.901863787017028],[76.62996570325281,9.902315834383023],[76.63022043127248,9.903468983790829],[76.63025683353958,9.903816619866348],[76.63029570374549,9.90424875464461],[76.63054091189134,9.904494660639799],[76.63117711112697,9.904700991757208],[76.63149353488916,9.905153058131893],[76.63164072896191,9.905743449766552],[76.63157338989824,9.906306459372429],[76.63157647480377,9.907106848696113],[76.63140433696111,9.90773854928038],[76.6311223759062,9.908087544359885],[76.63070273843215,9.90875335539197],[76.63063689726633,9.909067483431153],[76.63067550293395,9.910255518903126],[76.63057528682734,9.911062279325275],[76.63036427745855,9.911444138454666],[76.63005058326888,9.911623387032204],[76.62888764280125,9.911871476562755],[76.62899773213319,9.91232760326378],[76.62924611588097,9.912813637440228],[76.62938643750032,9.913128255751072],[76.62945959506719,9.913441167999267],[76.63122541207521,9.914968113076181],[76.63140257415557,9.915247979988312],[76.63175874851773,9.915909950435504],[76.63204079630374,9.916116721962117],[76.63253605307669,9.916221846915997],[76.6333477270792,9.916218817862267],[76.63359222423912,9.91649590507521],[76.63430129860343,9.917401935546097],[76.63546322012773,9.917567265140853],[76.63578166039626,9.917565934385342],[76.63652051278632,9.917423304733823],[76.63718700102808,9.917492497292246],[76.63768047506422,9.917486385690726],[76.63905750340501,9.917656789729879],[76.64027622803889,9.917512236636636],[76.64039327011425,9.917492703200956],[76.64136882219918,9.917578006952724],[76.64192344432831,9.917640100555753],[76.64266693207767,9.91842237385479],[76.64305171789036,9.918644873981743],[76.64310477346996,9.918677261233864],[76.64314469733834,9.918696036212928],[76.6435825370858,9.918950924499306],[76.64437201968063,9.919498648170663],[76.64494390237037,9.9197744396793],[76.6455636373418,9.919922491012898],[76.64618248799192,9.91992375357574],[76.64707224576628,9.92022043368841],[76.64780847683865,9.920749104346347],[76.64812917754884,9.92121462257866],[76.64846838442682,9.921467213153308],[76.64880811916873,9.921510816096655],[76.64910713786718,9.921384437591504],[76.6495775643275,9.9212177104851],[76.64983278185079,9.921045898312537],[76.65010976631066,9.920901213754426],[76.65034356786809,9.920688870396264],[76.65047029465386,9.920456214384163],[76.6505998413765,9.920290341464764],[76.65083267263716,9.920117960802747],[76.65115363009485,9.919823124301283],[76.65153680394404,9.91955204364687],[76.65153742082833,9.919338645272267],[76.65153742082833,9.919151889988836],[76.6517936038024,9.91894011529835],[76.6520707602393,9.918791019781521],[76.65236677498375,9.918602348913751],[76.65268719981229,9.918516579473193],[76.65309187159805,9.918285947582717],[76.6536897118768,9.918224510941304],[76.65402960890545,9.918076855359113],[76.65447710482475,9.917927363285232],[76.65477302583668,9.917929856810737],[76.65511336058502,9.917951221342962],[76.65558059235549,9.918286784898136],[76.65602843530178,9.918688572264974],[76.6562304135399,9.919240223555473],[76.65654915428559,9.919790161794483],[76.65688974864086,9.920171640870889],[76.65716927326086,9.920298315214772],[76.65744289307615,9.92029582744465],[76.65765958545181,9.920234211378169],[76.65787090201982,9.920025786609367],[76.65810327934089,9.919684451914497],[76.65844765875217,9.919159031979119],[76.6587238313306,9.918676454594111],[76.6591506022602,9.917895009389525],[76.65957781235842,9.917282591555617],[76.66000290612766,9.916945765105172],[76.66057789076993,9.916714803985508],[76.66155848691976,9.916399903080311],[76.66283303909938,9.916358744681357],[76.66438664660566,9.91646189050841],[76.66551595425699,9.916866317103613],[76.666453599761,9.917035025739152],[76.66758103858456,9.917332704233964],[76.67059374912034,9.918492650325934],[76.67176555971244,9.919000298301446],[76.67179683956697,9.91900547276131],[76.67287109963019,9.919088492605809],[76.67321191448565,9.919087523706361],[76.67385221747521,9.918937992220291],[76.67455181550018,9.91837196728949],[76.6751718464391,9.917946257865474],[76.67572438246557,9.917527919781257],[76.67659983566364,9.917294987236488],[76.67706778124241,9.91704359655908],[76.6780463995539,9.916808636051627],[76.67861081755149,9.917021909887739],[76.67935876003433,9.917252807035917],[76.68003682964483,9.917588742240692],[76.68059278057828,9.917592821148007],[76.68110405944735,9.917591437765621],[76.68137806812378,9.917571189623906],[76.68152670216402,9.9169788451365],[76.68118793612129,9.91632626025407],[76.68110194490865,9.915226043911735],[76.68108106383693,9.914594239892676],[76.68108361890495,9.914109641497763],[76.68139709892944,9.912996574282024],[76.68178335318116,9.911836271461167],[76.68254722387982,9.91101381396511],[76.68325276494487,9.910572279474158],[76.68416957479097,9.910295809338356],[76.68561693318071,9.910151792838883],[76.68627311991325,9.90970910251219],[76.68687053937877,9.90947406028705],[76.68717096603342,9.909285438582758],[76.68761446847641,9.908926800410768],[76.6882975155806,9.908484767125376],[76.68937771448981,9.90793640639077],[76.69014250841369,9.907642983614814],[76.69018294606984,9.907639521620382],[76.6902188906422,9.90763587945923],[76.69071788482626,9.907580802329843],[76.69133528168314,9.9072617986259],[76.69295091252276,9.907201565890146],[76.69435694119821,9.907474350322994],[76.69544096452799,9.90827766616613],[76.69635909549945,9.908890331430504],[76.69695153398138,9.909628790257852],[76.6970156669321,9.91013714729179],[76.69699496467821,9.911203654017458],[76.69725061525226,9.911961055722358],[76.69752458893178,9.913078906073693],[76.69801377582732,9.914957668315157],[76.69876063449847,9.915801984369434],[76.69925131418834,9.915911174905036],[76.70020703294244,9.915697710400078],[76.70109931835132,9.91607862523779],[76.70135742718082,9.916164653146133],[76.70151334932379,9.916586139887334],[76.70149846185066,9.916648053405888],[76.70143530018478,9.91666435729221],[76.70105941274116,9.916820146907693],[76.70054680511682,9.917070636910957],[76.6999737638836,9.91759975066379],[76.6996109979274,9.918338251434667],[76.69912120056769,9.9189493044447],[76.69871315210771,9.919517879803353],[76.69816212602584,9.919304987812103],[76.69792894128273,9.918734863177821],[76.6976733801762,9.917786364502003],[76.69735227629467,9.917521025327218],[76.69642736922083,9.917001513563553],[76.69626782889296,9.916922269158645],[76.69603314303056,9.916605558557269],[76.6958209210926,9.916098223203738],[76.69562922508786,9.915293425049123],[76.69509809525353,9.915187693374707],[76.69464950948395,9.91595088566535],[76.69464906900227,9.916351090072155],[76.69460924944991,9.91689698808853],[76.69422814398439,9.917461701275466],[76.69312102872902,9.918387428232682],[76.69286492930911,9.91897724835733],[76.69299240645022,9.91946486278866],[76.69352451420602,9.92009524334788],[76.69352354513765,9.920517615554626],[76.69322797893511,9.920879822491031],[76.69269278651083,9.921320844610221],[76.69230920852117,9.921614256339078],[76.69163102850975,9.92165629345896],[76.69086263153467,9.921722878781603],[76.69058767431635,9.921783102761493],[76.69041464742311,9.922081464368262],[76.69039473698129,9.922543422889142],[76.69016004020956,9.922795801187048],[76.68949832335396,9.923091626719948],[76.6887344065373,9.923345088064849],[76.68756055050324,9.923491145878321],[76.68667010770929,9.92340811873352],[76.68634862345823,9.923725186796908],[76.68594520317738,9.923906936642114],[76.68516135362808,9.923866443662138],[76.6846700906047,9.92378386059652],[76.68420226123881,9.923652875800071],[76.6835620106,9.923611231288673],[76.68315937437048,9.923948620244756],[76.68330923977763,9.924245615472914],[76.68394543892099,9.924647255109816],[76.68486118650894,9.925366695254045],[76.68594441025571,9.926210149665652],[76.68707334947435,9.92682339595991],[76.68781833459201,9.926991946969814],[76.68835152134022,9.927013203288404],[76.68977900942498,9.927331037155986],[76.68998983191779,9.92770943569094],[76.68982129729127,9.92819462705101],[76.68973073076035,9.928610517118994],[76.68994155333368,9.929366860512863],[76.69075021718513,9.930443905708659],[76.69149553302839,9.931163813400332],[76.6916723466738,9.93146142493426],[76.69194395379968,9.931921230506424],[76.69239193249018,9.932322939268673],[76.69290060882597,9.93243265983312],[76.69337007985142,9.932492455410845],[76.69382888940643,9.932245221217842],[76.69417132164241,9.93160851934087],[76.69436319605272,9.931083808920992],[76.69455207489374,9.930870327600408],[76.69491573634454,9.930852093472712],[76.69544501693419,9.930851098691654],[76.69589342368768,9.930852606150452],[76.69693787929673,9.931063697938843],[76.69768130865677,9.93110764658315],[76.69853291266597,9.93055824300098],[76.69864065113153,9.930365172824054],[76.6986595031512,9.930134355824352],[76.69827937893947,9.92971204573948],[76.69840790774074,9.929208132833622],[76.69863906544751,9.929102296340941],[76.69891867408973,9.92922889258582],[76.69923554551701,9.9296720005416],[76.69966262034417,9.930388873799776],[76.7000039796508,9.93112598711317],[76.70021267085998,9.932162469074616],[76.70068061713773,9.932858084843916],[76.70087494823349,9.93336498671006],[76.70106425779383,9.934080851710414],[76.70129796529592,9.934441954538883],[76.70176881456541,9.934822004889693],[76.70236281329883,9.935689444166652],[76.70281110739215,9.93721614973952],[76.70332229637494,9.937979499602728],[76.70362030547085,9.938844591864143],[76.70419447531233,9.93922248347859],[76.70523595530157,9.9393711226401],[76.70549106065125,9.939964052887733],[76.70593608435638,9.940681339618806],[76.70646804946867,9.941138334480424],[76.70700027660051,9.941008394902063],[76.7078319981174,9.941116593615732],[76.70840702965512,9.941454512523924],[76.70904354281842,9.942042858608016],[76.70934453332399,9.942783481401765],[76.70974673373837,9.943415370041723],[76.71016196952613,9.943687350609782],[76.71080032361594,9.94381329809515],[76.71158868249168,9.943858225116958],[76.7122689573662,9.943540453513917],[76.71288783430968,9.943159015503403],[76.71316538545022,9.942991986728508],[76.7135899467865,9.943437596244843],[76.7135263507604,9.94404528257449],[76.71376109216546,9.944553229357203],[76.71427232484162,9.944934126774527],[76.71450671252705,9.94545982598198],[76.7145495206029,9.94573644842279],[76.7145246813508,9.946220555988116],[76.71431187394052,9.946687025903334],[76.7130775662567,9.947676779456678],[76.71165131056637,9.948817659848768],[76.71143321322658,9.949506304475305],[76.71158128339218,9.950456904361577],[76.71206733283805,9.951339718895925],[76.71204495945418,9.95248203137653],[76.71260120992602,9.953433152257283],[76.7136836671875,9.95356047489218],[76.71438736071616,9.953581175800723],[76.71475026033654,9.953980932760656],[76.71515552637136,9.954488298898141],[76.7156449091348,9.954277318992427],[76.7158985841172,9.9539808132104],[76.7159407751498,9.953519287801697],[76.71626227211573,9.953010869641167],[76.71675358835962,9.95252420420426],[76.71721319368116,9.952819437745957],[76.7177035373332,9.953137588753526],[76.71804158884161,9.953452206005077],[76.71861674995324,9.95379011286296],[76.71889481694836,9.95379211475572],[76.71910805701233,9.953494646535994],[76.71910603118937,9.953201120367224],[76.71904472800996,9.952946240322929],[76.71838377919161,9.952250577806442],[76.71812808337567,9.951871148488559],[76.71838369111185,9.951681373876696],[76.71906498624783,9.951510370089016],[76.71981251294655,9.951767716314409],[76.72032002176844,9.95231311474381],[76.72057571313334,9.952883757172957],[76.72080947254202,9.953053672452743],[76.72106666023694,9.952988455212658],[76.72127989662259,9.95288661537767],[76.72155540348732,9.952612827824979],[76.7216440975447,9.95227249679042],[76.72196302570927,9.952253120716675],[76.7225781557941,9.952800928879542],[76.72302725874975,9.953540623381786],[76.72368571705984,9.954534072978875],[76.72404480262395,9.95586308901427],[76.72475046398485,9.956951036162216],[76.72443110250619,9.957179378961934],[76.72200151546626,9.95787481667527],[76.72061957608486,9.958847935509846],[76.71927655251997,9.959688515679657],[76.71850911663414,9.960662486928864],[76.71797940434354,9.96163301385846],[76.71563988847896,9.964024809426876],[76.71491382907128,9.965715612989062],[76.71491400523567,9.96666287947807],[76.7154706834517,9.967405037060978],[76.7153412031368,9.967953529894812],[76.71529584095417,9.968543943938968],[76.71523515249403,9.96940972655232],[76.71504084352658,9.9702323556845],[76.71438709646849,9.970942160680714],[76.71328218400195,9.971192251951653],[76.71229881785213,9.971614293145933],[76.71172459682525,9.972183506882823],[76.71142616645649,9.973048245020951],[76.71129659390108,9.974548432486431],[76.71102168119253,9.977076980805634],[76.71133579159505,9.979552437903301],[76.71169922850969,9.980881679131798],[76.71222870295364,9.982023614717935],[76.71271968259144,9.98251078598509],[76.71339968711143,9.983162488218618],[76.71378302482974,9.983460475951084],[76.71403881754821,9.983457442072993],[76.71470075807126,9.98335266327886],[76.71514583734856,9.98331404916328],[76.71542408817004,9.983311585663824],[76.71563442741447,9.983334245703876],[76.71574408906721,9.983630293914606],[76.71567397608578,9.984131228110302],[76.71518203905717,9.985018237348118],[76.7153530061098,9.985377993345356],[76.71582415522568,9.985758029814582],[76.7159479097489,9.986410193027915],[76.71626121514075,9.987013362251727],[76.7163343225561,9.987148449425256],[76.71667519633016,9.987151933754582],[76.71707895880088,9.987152364242883],[76.7175235892738,9.9871315010538],[76.71810042627042,9.98702470414303],[76.71841901109248,9.987023200082875],[76.71869655004697,9.986856117131186],[76.71884707790069,9.986752903275757],[76.71920203754544,9.986729923561853],[76.71982202545281,9.986121580003166],[76.72022921289486,9.985401635501969],[76.72073698427143,9.98460391309789],[76.72110241985429,9.984136472897838],[76.72144134301385,9.98384189482501],[76.72191238127425,9.98346137928264],[76.72214349588683,9.98297751773385],[76.72244304586414,9.982641980352234],[76.72274004090379,9.982030643261682],[76.72314519314922,9.981586413534318],[76.7233809735404,9.98148062755104],[76.72385059532687,9.981544839357495],[76.7248055991167,9.981758065417397],[76.72587095308718,9.982053898181714],[76.72680867906502,9.982431346897704],[76.72737886800044,9.98260454858799],[76.72767532295026,9.982780407668026],[76.72835216414889,9.983191732683572],[76.72846278352225,9.983256584087934],[76.72912482434644,9.983720955882555],[76.72963440933583,9.984186365743941],[76.72997480673085,9.984398785581133],[76.73039913523334,9.98467089635343],[76.7308472414871,9.984885819744223],[76.73167783672857,9.98505165939348],[76.73216988541941,9.98492514747151],[76.73265682413754,9.984820702881098],[76.733404005871,9.984717808635711],[76.73408345829421,9.984822330372019],[76.73459390386806,9.985056446198213],[76.73499285315775,9.985265718404841],[76.73550426378327,9.985264115279437],[76.73607846438154,9.985077249340579],[76.7362673687593,9.984863610830853],[76.73641637844571,9.984822557238918],[76.73661039020166,9.984969352220117],[76.73697075985837,9.985288943264788],[76.73722861903693,9.985583970334398],[76.73742060401055,9.985815195889097],[76.73769334546171,9.98604825465893],[76.7381440676856,9.986343206246318],[76.7385667834247,9.98668199899554],[76.7390141560324,9.98693243507171],[76.73935514447736,9.98712260982284],[76.73956650048676,9.987292049594028],[76.74014490961372,9.987692176822954],[76.74137939204584,9.988623378801945],[76.74165608775571,9.988878715645985],[76.74182569787348,9.989109469573744],[76.74197434871247,9.989468698365862],[76.7422282347799,9.989741308385753],[76.74273776662855,9.990206674977951],[76.74363424177051,9.99062746537316],[76.7440814201994,9.990691102260488],[76.74474038464172,9.990715038645114],[76.74565762779677,9.99043807986321],[76.74640279486349,9.990037136968219],[76.74685075596561,9.989682636156417],[76.74697685756394,9.98946761557903],[76.74738298838656,9.989174506402273],[76.74757539812867,9.989005455223577],[76.74793626466622,9.988920355810304],[76.7485330394809,9.988920669526689],[76.74867754362394,9.989070737205482],[76.74900300755577,9.98915816863688],[76.74999682969252,9.988869589522936],[76.75012785934945,9.9888281378845],[76.750539615633,9.988677417811743],[76.75097215200095,9.988407139858976],[76.75146976070423,9.988231754471263],[76.75206731121106,9.988000816563297],[76.75256570807043,9.987794256945302],[76.75299726883877,9.987755210491795],[76.75335001869189,9.9878299665917],[76.7537264543475,9.987847438963021],[76.75426341253811,9.987908659571689],[76.75459229609262,9.98784946325573],[76.75523553171487,9.98758397706619],[76.75568733562447,9.987256228680584],[76.75620456148783,9.986814471340839],[76.75690801693507,9.986465800388803],[76.7579218522733,9.985892988627079],[76.75860293298358,9.98554383132848],[76.7594103632369,9.984966308010385],[76.75965884290665,9.984700718309695],[76.75976564850976,9.98435176270193],[76.75997054243322,9.984027356243935],[76.76052490781026,9.983337298495218],[76.76079319652635,9.98318330123783],[76.76104440299812,9.983184631610241],[76.76156037405168,9.982987353838485],[76.76187074810682,9.9827587074237],[76.76243285337355,9.9823179140456],[76.76311153224715,9.981875293953294],[76.76410744369012,9.98129757377778],[76.76499522545397,9.980930922656675],[76.76555053709825,9.98097465742207],[76.76557703914621,9.981184294428068],[76.76545729562912,9.981706344843394],[76.76512342192355,9.982757176288127],[76.76477308249703,9.983740945215718],[76.7646874125157,9.984148156197591],[76.7643376001541,9.984722805023454],[76.76400301907991,9.985222143833855],[76.76348670589921,9.985819727063683],[76.76317959363854,9.986101826470184],[76.76274304916882,9.986545510084305],[76.76216395182675,9.987337227793732],[76.76164956814969,9.988237261555975],[76.76112875472528,9.989217141009767],[76.76096515810875,9.989889403526407],[76.76084364918098,9.990291357342718],[76.76057359956938,9.990716628140365],[76.76028285753685,9.991065807464226],[76.76011644219936,9.991275471229295],[76.76005357412544,9.991469690200462],[76.76014074413546,9.991582915659402],[76.76027986382374,9.991581666748928],[76.7608001524782,9.991393320416096],[76.761626587248,9.990967465887147],[76.76268211948484,9.990528955950142],[76.76365206018168,9.990106275984907],[76.76435274432893,9.989686456712606],[76.7646268359673,9.989474775986398],[76.76491747986626,9.989321248403238],[76.76504303500434,9.989324123734871],[76.76515406226909,9.989375559862685],[76.7651913941742,9.989505386494049],[76.7651121519095,9.989632531933049],[76.76483674062605,9.989901982992972],[76.76436691997931,9.990233793272601],[76.76381424452136,9.99065705907408],[76.76349489437521,9.990885444728582],[76.76337074645583,9.991016042533225],[76.76333253352537,9.991117469775393],[76.76337497277,9.991416467418423],[76.76345553685664,9.991618373565652],[76.7636775060556,9.991912573833558],[76.7638303572863,9.992093940378714],[76.76402150911,9.9921694598552],[76.76435203994875,9.992234811244854],[76.76483656453169,9.99223250723097],[76.76484959551402,9.992833217236464],[76.76493130326419,9.993181946312335],[76.76521780825128,9.993401981550218],[76.76555256217189,9.993476265328388],[76.76592112502686,9.993449107807228],[76.76665736702179,9.993234547844189],[76.76700999036098,9.9931224721117],[76.76721971493194,9.993171786722616],[76.76796334506577,9.993219777009203],[76.76807401756012,9.992897633299092],[76.76826349005191,9.992270425100756],[76.76909462993459,9.992418300965173],[76.76905404155795,9.992813184657818],[76.76900121501767,9.99315893156436],[76.76904021861539,9.993413328807097],[76.76919174263475,9.993647966451624],[76.76959234273164,9.993981814066668],[76.76980179884302,9.994044385123232],[76.76995323389637,9.994092275166619],[76.7700204111317,9.994289481088769],[76.770187165476,9.9944533894821],[76.77044768567777,9.99444149480835],[76.77046265302671,9.994762103779157],[76.77037865976298,9.99490250295539],[76.77014384810698,9.994968333932594],[76.76980382384785,9.994925047340278],[76.76962042871229,9.995094328638146],[76.76948228788777,9.995246820549598],[76.76964860273043,9.99542848735557],[76.76967175824684,9.995593553508378],[76.76955184256038,9.99573317709114],[76.7692898237441,9.995811682156706],[76.76905280893894,9.995775203655866],[76.768738754826,9.995581256346064],[76.7683385922195,9.995425403894783],[76.76795207530748,9.995452174876416],[76.76760579388002,9.995488823516762],[76.76738233487579,9.99564380909923],[76.76717894985603,9.995901570368293],[76.76713941740474,9.996056356008609],[76.76726065608553,9.996245892431972],[76.7676369618891,9.99646796255052],[76.76783946571373,9.996632645886415],[76.76784069834471,9.996775053092616],[76.76763590534654,9.996899331801506],[76.76728927086232,9.996949232594774],[76.76677798984888,9.996942112721255],[76.76655840338925,9.9969281944864],[76.76636787176244,9.997017247296492],[76.76619688610917,9.997235758444749],[76.76615673702386,9.997417223472494],[76.7662238282513,9.997618855369568],[76.76653146131915,9.997897166581858],[76.76755164604921,9.998987779525367],[76.76797584745269,9.999464382823563],[76.76825380512668,9.999862091702932],[76.76834035311386,10.000002010220502],[76.76888578894955,10.001442083306355],[76.76798104210606,10.002924752194732],[76.76471039285559,10.011043074995147],[76.76516401157507,10.015865940908325],[76.76616624601893,10.01812605730667],[76.76679753601867,10.019545969069657],[76.76686876505303,10.019569872695012],[76.77281937183815,10.021502095562068],[76.77412651811787,10.021255998830652],[76.77577744538033,10.021858290273629],[76.77728159087475,10.022408428944319],[76.77902658825782,10.023800176226963],[76.77783667189404,10.028301336776272],[76.77785049386416,10.030619057983726],[76.77855594053864,10.031555854674183],[76.77960146980435,10.033505593901852],[76.7809456082486,10.03477264701467],[76.78401934179797,10.035963158787624],[76.78571133754492,10.034600266511967],[76.78868759220639,10.033982542906637],[76.79162653991709,10.0330347550877],[76.79341147714935,10.03133134094987],[76.79430882165218,10.028994043965671],[76.79680504974071,10.02973531755278],[76.79744375498379,10.029669681101291],[76.79880961903609,10.029211189490482],[76.8030821937067,10.02665629345139],[76.80533108998587,10.026826927420602],[76.80693794771044,10.025639816681027],[76.80726097149137,10.024268212054052],[76.8086822661697,10.02314811769592],[76.80988579468791,10.022325570795402],[76.81052232049598,10.02117445742624],[76.81122344568047,10.020932216091646],[76.81249674439583,10.020591564079595],[76.81337740497882,10.020344503246479],[76.81434184702344,10.019378691005947],[76.81737330423483,10.01769859173779],[76.81807122245525,10.017002490157985],[76.81994343693512,10.015972493835248],[76.82300124739488,10.014310676281148],[76.82415553037634,10.013673766886821],[76.82633681078556,10.012668305355753],[76.82944110469901,10.013102320075676],[76.82992326432152,10.013010778765311],[76.83074651300751,10.01252652695437],[76.83201309970764,10.012274571398391],[76.83350706227542,10.011694127929102],[76.83459454518476,10.011820657268512],[76.83784567327372,10.01171509042523],[76.83681066469511,10.022148965358856],[76.83845495331839,10.023057367534205],[76.83930999942392,10.023743537697387],[76.83937573134419,10.02381171333329],[76.83962994723785,10.024475647935878],[76.8392570266864,10.024694230848857],[76.83811669942871,10.02511366172892],[76.83669081362831,10.025455595610206],[76.83577467951093,10.025484155860864],[76.83470014262902,10.025375695877624],[76.83359382894261,10.02527990188261],[76.83255676090143,10.02530126522854],[76.83194665988727,10.025487780007065],[76.83107897896744,10.025953260505938],[76.83027931674827,10.026384730486823],[76.82935398312192,10.027017966808092],[76.82835912077748,10.027743008515557],[76.82758540188914,10.028219430189907],[76.82683403104764,10.02850070477775],[76.8259664023973,10.028766039008868],[76.8254577380919,10.029030416785277],[76.82465812767317,10.029657582319311],[76.82284829265438,10.031093904365743],[76.82153998509195,10.031785216647082],[76.82057075845206,10.03237291648498],[76.8200103232185,10.032938628357671],[76.8186091360695,10.033965942364725],[76.81768345147876,10.034607987712139],[76.81721902241473,10.034900097727984],[76.81632773972132,10.035017993198139],[76.81461019610367,10.035548876918321],[76.81375374773587,10.035712082325855],[76.81256724323892,10.035587645051926],[76.81240142567178,10.035379335096225],[76.81204092132381,10.03524669366496],[76.81106449145946,10.03594979286626],[76.81081840246426,10.03591760328032],[76.81067044958304,10.035714102299758],[76.81033722490052,10.035368556926988],[76.8097235821839,10.035314739901347],[76.80888734388621,10.03577197687747],[76.80865410096337,10.036158113690647],[76.80846574598215,10.036545389073664],[76.80834014649749,10.037134161903703],[76.80790543223617,10.037498086759356],[76.8065974955813,10.03836718753311],[76.80581087860877,10.039203574485473],[76.80530750099103,10.039823913323309],[76.80434650970844,10.040238296654657],[76.80230743733392,10.04069511183108],[76.80149139413979,10.040854637206461],[76.8006231485915,10.040550397957746],[76.80048002480892,10.040529438620343],[76.79992161162764,10.040610240366803],[76.7992870561589,10.040880686999904],[76.79865909920997,10.04106222224049],[76.79730590900787,10.041552210441294],[76.79636562990044,10.0418423982046],[76.79580931089374,10.042421506424514],[76.79547745486119,10.04299671674073],[76.79505061804478,10.043405279201288],[76.79435213064083,10.043918875759012],[76.7937106807279,10.04410010455084],[76.79315778293788,10.044332328006954],[76.79229819409971,10.044824480472498],[76.79110347461368,10.045251267468284],[76.78972423367522,10.04589179975038],[76.78906031228583,10.046268251113348],[76.78837746078634,10.046880076538269],[76.7875727704733,10.047715947553572],[76.78707372078388,10.048336356686045],[76.78666032408118,10.048749630952944],[76.78609876789186,10.049355245893302],[76.78545357817494,10.049887846187529],[76.78607191806564,10.051885904091668],[76.78568959352025,10.052308708843098],[76.7852895732168,10.0529180190464],[76.78475609344086,10.053671086226496],[76.78450440639874,10.054461669688726],[76.78413202484965,10.055236196198216],[76.7837987292164,10.055673513783391],[76.78350839330955,10.056196325589353],[76.7833023054657,10.056765548312388],[76.7829896076691,10.057283452897728],[76.78226966027233,10.058139075487711],[76.7816006812202,10.058728942194552],[76.78108813819308,10.059153263962727],[76.78028401715518,10.05957106660441],[76.77946782988909,10.059926247342089],[76.77876934331562,10.06004383336259],[76.77816619781022,10.060114746282895],[76.77706510420705,10.059978554723076],[76.7765177671896,10.059966121714355],[76.77619994613897,10.059927806325133],[76.77577498027482,10.059864783889862],[76.77555373685712,10.059726318603902],[76.77544676864966,10.060275497302193],[76.7753915677364,10.060527804713658],[76.77527799640283,10.061170336531251],[76.77521363926799,10.061431295302306],[76.77508536509879,10.06173535148045],[76.77481464190056,10.062182968136598],[76.77472845055442,10.062416823801874],[76.77471445215856,10.062634474534805],[76.77471797376774,10.062870371745044],[76.77475451045697,10.063231537172104],[76.77474852372308,10.063685187506684],[76.77475407025595,10.063836570598001],[76.77467905998097,10.063972754144087],[76.77450905413244,10.064142426977934],[76.77422635616873,10.064331761654705],[76.77406656242468,10.064448231690905],[76.77382295360755,10.064500514162763],[76.77351243311531,10.064533471135459],[76.77330747332059,10.064662311340088],[76.77311888888278,10.06485820713753],[76.77286444911118,10.064990390796233],[76.77250567934942,10.064977800638369],[76.77215993877935,10.064978848730853],[76.77171233230271,10.065119920421788],[76.77141140320839,10.065317700965807],[76.77111628421252,10.065462267457294],[76.7709171313224,10.065533382065652],[76.77064252520366,10.065567203377173],[76.77049373228084,10.06559492344642],[76.77021093719652,10.065597429413238],[76.76996406325654,10.06559629406182],[76.769787711852,10.065650040684108],[76.7696338113717,10.065704444973683],[76.76953819576056,10.06576454788793],[76.76950544343497,10.06582159879992],[76.7695042108204,10.065874997711978],[76.76953793162895,10.065969145893087],[76.76960607756936,10.066126403894799],[76.76973752693357,10.066267349348077],[76.7700212035235,10.066425060649788],[76.77021868501558,10.06642503339464],[76.7705698015842,10.06638411971177],[76.77088525978714,10.066328985168042],[76.77125415910454,10.066297308466215],[76.77155024624211,10.066304025428432],[76.77183647194636,10.066350597337582],[76.77206943154074,10.06636920814949],[76.77267190213021,10.066329523710708],[76.7730040829046,10.066328178635002],[76.77328607930203,10.066365725736357],[76.77369036400489,10.066352681339744],[76.77407783163204,10.066290266644849],[76.77431069901024,10.06631780824313],[76.7748664095038,10.066357070964708],[76.7754496739602,10.066370304525398],[76.7759012288303,10.066447278286995],[76.77640032316143,10.066609857615667],[76.77693691997654,10.066697702839585],[76.77734805986586,10.066778135767265],[76.77784565177289,10.066807277157412],[76.77826374365345,10.066781172015002],[76.77845865903629,10.06670102644879],[76.77881168928536,10.066575576808116],[76.77901153389695,10.066473331051863],[76.7791293276196,10.066427064780598],[76.77919218610776,10.066428520523472],[76.77927185963627,10.066474753119635],[76.77940963749658,10.066535695515073],[76.77964777714611,10.06671903978179],[76.779865667925,10.06680852722388],[76.7802312833963,10.066919103990712],[76.78061177589531,10.06696338429577],[76.7808944594148,10.066969718181506],[76.78122890726213,10.067066339699092],[76.78155234978786,10.067251546935948],[76.78182878067845,10.067333462393494],[76.78197439084424,10.067247812430095],[76.78217528681607,10.067101090255465],[76.78224219337825,10.066924647823464],[76.78232424190294,10.066677326174476],[76.78229695109061,10.06610729932348],[76.78224826778803,10.065883759700501],[76.78227960821647,10.065693187302472],[76.78234809935012,10.065641335396295],[76.78253235615944,10.065632162786867],[76.78293097674506,10.065672326892091],[76.78340151994642,10.065705208247579],[76.78397594118923,10.065713807560941],[76.78455590588727,10.06567352135984],[76.7851219586945,10.065655138057506],[76.78542848886357,10.065599791592366],[76.7856005926349,10.065532498504945],[76.78580042638373,10.065434755997682],[76.78596363838003,10.06536276043859],[76.7862660289743,10.065293966244699],[76.78649139092042,10.06525463142155],[76.78675002846497,10.065131452534315],[76.78698542513804,10.065047757067996],[76.78727768964916,10.065027660981844],[76.78747003805789,10.065054306948072],[76.78770376078263,10.0650417839863],[76.78805562049607,10.064969640867183],[76.78844586054414,10.064787133425604],[76.78869577903161,10.064654914252792],[76.78936392779605,10.064296300539402],[76.78980090747713,10.064030323831778],[76.79014598301734,10.063860187784845],[76.7904463388076,10.063684570504181],[76.79073172895595,10.06357090313139],[76.79098806896447,10.063550019469657],[76.79126095781783,10.063591773906106],[76.79151007841111,10.063690780288853],[76.7918522442949,10.06384089876245],[76.79204977930448,10.063840857693974],[76.79223410982003,10.063827254465153],[76.79244960188251,10.063827687679192],[76.79271438900507,10.063829192507042],[76.79286130688345,10.063881477496265],[76.79297098902134,10.063990721932077],[76.79312855789493,10.06416771287586],[76.79335469969021,10.064288508798123],[76.79357916856378,10.064289136977541],[76.79381719315542,10.064285635262197],[76.7939894614097,10.064405174685122],[76.79422361205336,10.064570559492495],[76.79450256764103,10.064737002088881],[76.79480484951401,10.06486838980899],[76.79492306846302,10.064995686818033],[76.79507112807578,10.065194763538061],[76.7952185713323,10.065420459014945],[76.79549312341523,10.065586809434322],[76.79575790407544,10.065588396475826],[76.79605190853798,10.065492692046334],[76.79635682740383,10.065308227676038],[76.79663480994633,10.06512768680979],[76.79689958818177,10.064937843021504],[76.79732448213356,10.06480950262057],[76.79769541592208,10.064684412128384],[76.7980931078275,10.064568836699877],[76.79848314042253,10.064395238783728],[76.79895177648272,10.064121080420865],[76.79917702748564,10.063890384723072],[76.79942938910654,10.063651345465797],[76.79963087313105,10.063477904182397],[76.7997945071428,10.06338820920313],[76.79993375872536,10.063386896442978],[76.8000810201854,10.063421319300659],[76.80026630707108,10.063563430633037],[76.80041110351917,10.063709003070251],[76.80063124661119,10.063896369886633],[76.80095182214153,10.06421056579704],[76.80129581056313,10.064476346886568],[76.80206617218074,10.06494299924005],[76.80249289694977,10.065130520515172],[76.80288097932466,10.065237136402372],[76.803282615583,10.065339621842162],[76.80392718493817,10.065420838850807],[76.80482137306153,10.065578861476894],[76.80538002833403,10.0656848411404],[76.80589264757329,10.065843170052343],[76.80630237176983,10.065985821426848],[76.80659731954583,10.066041403841801],[76.80685820383607,10.066020523429774],[76.80704400874457,10.065944661766405],[76.80715851935298,10.065844875778813],[76.8072235641482,10.065748523419067],[76.80725850700794,10.065593575733807],[76.80725718674894,10.065455624282066],[76.8071667929824,10.065284512552724],[76.80703617519409,10.065108103647844],[76.8068991319899,10.065016045225201],[76.80669581135122,10.064878048346609],[76.80646837349875,10.064810658176983],[76.80617368947136,10.064741724649116],[76.80582980253968,10.064667298215433],[76.80549603678756,10.064539658413137],[76.80533161809764,10.064464787711863],[76.80524826442833,10.064382830552965],[76.80513850507647,10.064273582283898],[76.80502284836524,10.064226487308016],[76.80481565182708,10.064257467613464],[76.80454719360777,10.06422024444051],[76.80440618679651,10.064105893836183],[76.80414327292117,10.063824175887165],[76.80399980110464,10.063620692816626],[76.80378705762213,10.063500275446408],[76.80350037706286,10.063280325376882],[76.80310903987045,10.06292001568375],[76.8027723621522,10.06272561214115],[76.80259579302951,10.06259705089663],[76.80253497080618,10.06250673434091],[76.80235444041409,10.062160111412632],[76.80224194986683,10.06197517178463],[76.80205481747943,10.061717399744602],[76.80194039019906,10.061616987609113],[76.80173230832143,10.061492168429728],[76.80142212132394,10.061316126086856],[76.80120206765088,10.061124344086759],[76.80096960252845,10.060887797542243],[76.8008400345022,10.060662418263151],[76.80081345191495,10.060452719539402],[76.80078651723466,10.060256369892057],[76.80084971690013,10.06004428069569],[76.80093500999115,10.05985045458277],[76.80110691632225,10.059596315784697],[76.80121263023607,10.059487498501825],[76.80128621622134,10.059409038084693],[76.80148100762095,10.059333378437827],[76.80171030302641,10.059120556774337],[76.80178925800692,10.059006651502916],[76.80181487215373,10.058864872104433],[76.80186759678986,10.05852349790877],[76.80187146971718,10.0583545350505],[76.80200200490157,10.058143995434992],[76.80213588474291,10.057982363842205],[76.80238551172889,10.057863399247724],[76.80265230221764,10.057776027109783],[76.80295922940074,10.05770288387332],[76.80326685998826,10.057598533928168],[76.80359640676183,10.057517031722615],[76.80382974717921,10.057517754303925],[76.80437397173482,10.057667892741787],[76.80468599978228,10.057763905081314],[76.8050088533678,10.057775585267553],[76.80538038040841,10.057824053572014],[76.80577593534275,10.057797323566977],[76.80611542151958,10.057871642196158],[76.80647259835429,10.057955359537846],[76.80693988409529,10.05813045623477],[76.8072749662357,10.058200254114741],[76.80757484066201,10.058238065390068],[76.80789935907619,10.058178653766976],[76.80822801342373,10.058137114034386],[76.80842552247492,10.058137057437746],[76.80865286873544,10.058204516015762],[76.80899551564433,10.058336754436114],[76.80944694908625,10.058422515345162],[76.80976908620121,10.058465314717395],[76.8101551215472,10.058465088345223],[76.81054617254746,10.058442680785207],[76.8109014883597,10.058410647761358],[76.81118665562965,10.058505992218205],[76.81129861000885,10.058517435935787],[76.81129658567743,10.058606384920234],[76.81118647960069,10.058710688641636],[76.81104935295163,10.058818831005876],[76.81083864585491,10.058805161037052],[76.81053499464937,10.058736047204238],[76.81022095691304,10.05872898625425],[76.80975553181483,10.058865404364532],[76.80946780880993,10.059081394608667],[76.80928843267522,10.05926859520128],[76.80924539292633,10.059383285151151],[76.8092251492765,10.059485197055317],[76.80922330094309,10.059565216996338],[76.80927936704428,10.059664358839436],[76.80990260562984,10.05989184799633],[76.8104250639288,10.060010374585497],[76.81109520854237,10.060149970646616],[76.81152929556218,10.060208642130002],[76.81164521027051,10.060242379047942],[76.81164397807221,10.060295698743646],[76.81157576707551,10.060334208443852],[76.81138275175584,10.0603343632401],[76.81115787488855,10.060356034657193],[76.81080317591173,10.060356938321073],[76.81056923246004,10.060382837387749],[76.81036987849443,10.060462915123246],[76.81017835756265,10.060592084132528],[76.80993085856903,10.060817800778553],[76.8096085458416,10.061170960207553],[76.80927910299677,10.061443819741664],[76.80877274685193,10.061797242978388],[76.8085937217808,10.061971181374524],[76.80855376236399,10.062148221603314],[76.8085463689903,10.062277047198725],[76.80866448688394,10.06240867886789],[76.80881173802061,10.062447607352619],[76.80901021432186,10.06240758544243],[76.80932302289207,10.062272281609504],[76.8096085458416,10.06215408493105],[76.80987083206753,10.062066522156975],[76.8100558403414,10.062026206912018],[76.81017219649837,10.062042173383176],[76.81017087627028,10.06210000053954],[76.80999229328691,10.062251658570059],[76.80987558490008,10.062449242600197],[76.8098542851676,10.06259554928128],[76.80988306621022,10.062711886511027],[76.80995312645739,10.062789045978304],[76.81008312507785,10.062796459068126],[76.81029550574112,10.062734529364606],[76.81051994409208,10.06273505907605],[76.8107184176691,10.062695035762955],[76.81127528618816,10.062680820326005],[76.81188152807717,10.062672185694717],[76.81217223796996,10.062718734020272],[76.81255421723846,10.062700639765966],[76.81292757003521,10.062664490410393],[76.81325612309001,10.062627369923659],[76.81369407512959,10.062517065803451],[76.81443954058966,10.062306900269146],[76.81485020477746,10.062209358986442],[76.81527785384807,10.062156685142037],[76.81586471377231,10.062014124493329],[76.81618445797339,10.061967875122642],[76.8168619644391,10.061782860034027],[76.81732736294848,10.061650936810649],[76.81754888428208,10.061580264803151],[76.81770721414715,10.061526006311178],[76.81787460881579,10.061471862363346],[76.81791016475213,10.0614859904105],[76.81790039567163,10.061521428223577],[76.81783157203765,10.061586559616003],[76.81765863268693,10.061689508247806],[76.8173159216293,10.061953163969081],[76.81718689868025,10.062101564706643],[76.81717985786062,10.062212617868353],[76.81718610658805,10.062332893140423],[76.81732305045138,10.062429368717815],[76.81741185265743,10.06247136799925],[76.81757880767393,10.06243508060102],[76.81773247297858,10.062389571104847],[76.8178633435665,10.062356924482428],[76.81795839407528,10.062323419164757],[76.81802510540747,10.062351665473361],[76.81816724091011,10.062417112152765],[76.81825586649423,10.06246804126208],[76.81840196215532,10.062555781520237],[76.81851250189081,10.062629477076287],[76.81861054421726,10.062662828000407],[76.81869529708167,10.062686956924251],[76.81883382344594,10.062712333696428],[76.81908420901763,10.062757919992498],[76.81925415408668,10.06278397787728],[76.81946625506389,10.062735308992647],[76.81961525358372,10.06269863089661],[76.81969692546683,10.06266040956354],[76.81980596790814,10.062600572191235],[76.82004271024802,10.062454670514208],[76.82015650482565,10.062386003805473],[76.82025692207326,10.062312621916886],[76.82033903357477,10.06225662738134],[76.82042070498227,10.062218405817601],[76.82053766749718,10.062207665548225],[76.82078039296692,10.062190882641856],[76.82103183070741,10.062187563837169],[76.82148938096428,10.06220223620201],[76.82177584405865,10.062239834912408],[76.82201627893254,10.062325276831146],[76.8221860439787,10.062360179360448],[76.82238713913249,10.062400269483646],[76.82251730076749,10.062403173541853],[76.82266171929825,10.062366392596463],[76.82278818438203,10.062333649383016],[76.82296534089043,10.062239719168659],[76.82314663342937,10.06216366276754],[76.8232412398677,10.062148011721336],[76.82332255734408,10.06212756563781],[76.82337060855512,10.06218646513618],[76.8234279883652,10.062227782444333],[76.82368998142502,10.06235376638173],[76.82374859316593,10.062341760554169],[76.82382568604432,10.062307863600585],[76.82393446084612,10.062261377333737],[76.82401076156044,10.062263113824361],[76.8240862701797,10.06229588991723],[76.82418765230959,10.062378236456523],[76.8242760975897,10.062438094799255],[76.82439129637255,10.062502872832987],[76.82449003810142,10.062505095412295],[76.82465654358404,10.062486576174457],[76.82485561062815,10.062419837233348],[76.82495065578867,10.062381985363622],[76.82504147665188,10.062339452942519],[76.82511892074636,10.062287862165478],[76.82518237206504,10.062262519694295],[76.82522716638839,10.062263571812268],[76.825280937156,10.06226924522181],[76.82532564343933,10.06227914753056],[76.82534755655263,10.062301830230908],[76.82534676451246,10.062337380405996],[76.82534139624005,10.062372913364692],[76.82527732897101,10.062429302781622],[76.82517700378553,10.062498180932812],[76.82508609501676,10.062545136789623],[76.82490559735128,10.062590071716022],[76.82454090502199,10.062835485079262],[76.82410466329794,10.063065905050493],[76.82379488410092,10.063268090960303],[76.82331516484844,10.06363549627042],[76.82330205196816,10.063621854380722],[76.82291288921333,10.06395573772166],[76.82273027623854,10.064089541891482],[76.82250198764103,10.064257923727224],[76.82207876376137,10.064511000112562],[76.82136177046385,10.064850801911811],[76.82078382526711,10.064998077629998],[76.82044349904008,10.065159521066972],[76.82020191701778,10.065318678628637],[76.81985050014481,10.065573308817136],[76.8195597201929,10.065922680772701],[76.81908456105323,10.066485971694728],[76.81881067705656,10.06688021252327],[76.81859857496072,10.067129098511927],[76.81844834309132,10.0672191008695],[76.81806831813786,10.067544245599782],[76.81729039868274,10.068194148517899],[76.81669474442826,10.068723599575826],[76.81633390048074,10.068995807646068],[76.81618428195148,10.069259326027169],[76.8161800574257,10.069441669378891],[76.816379930145,10.069735320440044],[76.81659846080422,10.069993806831022],[76.81674825485621,10.070313006131625],[76.81687190962214,10.070600496580386],[76.81693061258898,10.07078421154655],[76.81694020572485,10.070953500130999],[76.81709131951979,10.071214952502313],[76.8172717405254,10.071570392700636],[76.81730835275604,10.071740271565739],[76.81721382981165,10.071947296717191],[76.81707688582803,10.072046524009012],[76.81690623369906,10.072047159047932],[76.81654891079312,10.07216815393396],[76.81631092964766,10.072367471371502],[76.81611756963159,10.072576691440863],[76.81602806241266,10.072761532477296],[76.81597349554157,10.073187441979425],[76.81596064592007,10.073551967961626],[76.81602225368235,10.07419842227078],[76.81612232222548,10.074534344820421],[76.81611897780758,10.074876789089936],[76.8159671587421,10.075233793869625],[76.81580178576363,10.075795084061566],[76.81573560130614,10.076136166750102],[76.81578198323682,10.076266183994441],[76.81573472119344,10.076371956007213],[76.81558474989775,10.0764531167406],[76.81531059415674,10.076660502728124],[76.81518596970997,10.076813442275855],[76.8151569258591,10.07710197806584],[76.81507102643013,10.077322475827076],[76.81482820180135,10.077735210273483],[76.81463985616656,10.078118066073479],[76.81456795030459,10.07832108614066],[76.81446330387794,10.078576834590033],[76.81443610811431,10.078785336015562],[76.81442334634615,10.078949643555184],[76.81442704285844,10.079381273876603],[76.81444121282121,10.07954616853089],[76.81443786835808,10.079692980140406],[76.81439544647601,10.07978098946566],[76.8143609456816,10.079913678436577],[76.81426369211519,10.080045003659091],[76.81415728518483,10.08018498177061],[76.81399463818732,10.080426028890955],[76.81396427387041,10.080576596197616],[76.81398786122449,10.080723911942375],[76.81404647754026,10.080907645987939],[76.81413765842099,10.081043155418572],[76.81432178022736,10.0812386411403],[76.8145142629142,10.081460947739767],[76.81473649335499,10.081559310438063],[76.81497632576144,10.081671500036498],[76.81518579368665,10.081738437044386],[76.81530179299935,10.081772193313208],[76.81549929082149,10.081772147345372],[76.81575452372776,10.081800163322638],[76.81594286767442,10.081813281373115],[76.81604953711019,10.081860111157225],[76.81607145185919,10.081882884082336],[76.81603888777293,10.08193111007782],[76.81600984412125,10.082023839364032],[76.81596707073099,10.082129715401338],[76.81599796262543,10.082348341212045],[76.81604478451352,10.0824606755899],[76.81610894455332,10.082600026317193],[76.81616861600094,10.08273927962674],[76.81616192716753,10.08303274866865],[76.81618278576528,10.083300179255275],[76.81621077324537,10.08345202281165],[76.8162744051342,10.083613660410133],[76.81633293236142,10.083801826476195],[76.8164291281803,10.083915237828789],[76.81668629541122,10.08405887620032],[76.81695217514105,10.084211638885467],[76.81710311290084,10.084286240742129],[76.817339068297,10.084371544077358],[76.81751684864282,10.084451156576494],[76.81770439783114,10.084495406089424],[76.81794114417353,10.084549662442408],[76.81814242221486,10.084580848247597],[76.81826220317706,10.08464583769826],[76.81838603245602,10.084728702408922],[76.81851329397453,10.084856152336485],[76.81864046735356,10.084988026904822],[76.81881683769295,10.085129825110428],[76.81892068837453,10.085301278640928],[76.81900104057964,10.085516564908657],[76.81916966562981,10.085800666553105],[76.81930423107202,10.08600385681477],[76.81938282285546,10.086103527721907],[76.81951553988642,10.086186586094618],[76.81964808075871,10.086283005106067],[76.81984460358474,10.086327450968483],[76.82001005919375,10.08635777593892],[76.82020658144744,10.086402221685203],[76.82038523777203,10.086441852138513],[76.82050528059662,10.086493486200926],[76.82050431250978,10.086537978366739],[76.82040327940629,10.086633572062537],[76.82022057473533,10.086771819595054],[76.82011822127868,10.086929687216308],[76.82009683529213,10.087080548051535],[76.82010836436353,10.087165314349686],[76.82014664791353,10.08725959956932],[76.82023800033691,10.08738618914382],[76.82032864862903,10.087548426057507],[76.82037001239084,10.087700568822099],[76.82042545741166,10.088026646147094],[76.82043100191238,10.08817801173604],[76.82034035369493,10.08841180010561],[76.82027804400809,10.088583903606196],[76.82012420583392,10.088834106668914],[76.81997115954378,10.089048665976485],[76.81998788111426,10.089102396024755],[76.82023298387611,10.08918356427194],[76.82060904185963,10.089427766068042],[76.8210132611192,10.089619215358713],[76.82139934956966,10.08981920705234],[76.82186358700028,10.089936296776722],[76.82229895652745,10.090337551996942],[76.82260653929443,10.090629207507613],[76.82273766876901,10.090592142017284],[76.82296331674895,10.090539342231205],[76.82351740224952,10.090458279917476],[76.82376927447932,10.090437202356084],[76.82399527260722,10.090371047241076],[76.82427521753748,10.0903016393412],[76.8245840274816,10.090148423182455],[76.82487030743087,10.089999059488667],[76.82525515183173,10.089856432327023],[76.82550552446394,10.089706286594582],[76.82569640575552,10.089603786954665],[76.82597168263868,10.08954312867573],[76.8262444068007,10.08939355040425],[76.82645851992932,10.08926040515348],[76.82689968157415,10.089007754154355],[76.82704435901945,10.08896647063859],[76.82735060998995,10.088924356376234],[76.82771978221038,10.088879183452926],[76.82795914954741,10.088817825329677],[76.82822289309729,10.088667965952558],[76.82840602601004,10.08851192855682],[76.8288450686878,10.088161348878147],[76.82924010896838,10.087965486373642],[76.82938108761913,10.087884114206593],[76.82951168193176,10.087869164639171],[76.82976715005852,10.087888246732739],[76.83008932251319,10.087935503818791],[76.83039415795822,10.087955574961777],[76.83071430477031,10.087895969641405],[76.83102230669633,10.087773877876598],[76.83117305136037,10.087661566353558],[76.83133567587144,10.087420478682061],[76.83184326009605,10.08701358811145],[76.83216190717629,10.086820404077182],[76.83239026601385,10.086647556851],[76.83257172079053,10.086567063805676],[76.83275027132778,10.086611112750477],[76.83284777442053,10.086666681000443],[76.83304357236726,10.086746684635166],[76.83324878588365,10.086804592591463],[76.8335152461523,10.086734880223272],[76.83372776276613,10.086668506120333],[76.83406444465638,10.086667047001486],[76.8342831201986,10.086529567197342],[76.83444063674877,10.08631509209233],[76.83477397278875,10.085868666454864],[76.83523296836212,10.08542513689927],[76.83554588691666,10.085089513804904],[76.835887579701,10.084674424637447],[76.83617260162538,10.084578470651248],[76.83636716237142,10.084511620903623],[76.83668843772493,10.084398579732852],[76.83690754862262,10.084238891866256],[76.8371045721073,10.084065279546753],[76.83724835769532,10.084059629866879],[76.83747521123998,10.08415366293927],[76.83771887154779,10.084096728825406],[76.83786177646765,10.08413106420567],[76.8381642169403,10.084057700315324],[76.83837487768906,10.083875529388232],[76.83858641803067,10.083653373155215],[76.83880737346801,10.083413549643318],[76.83902533668967,10.08310701615877],[76.83930040801633,10.082654817979526],[76.83957723862015,10.082523104775598],[76.83987782703096,10.082334031034614],[76.84010273989678,10.08211659191268],[76.84054666882754,10.081743803968159],[76.84070206557612,10.0816226531175],[76.8409313766171,10.08160557504438],[76.84119632449423,10.081602548639307],[76.8414208829955,10.081598646560925],[76.84163505792681,10.081656737392311],[76.84188882922338,10.08155567425201],[76.8420937641249,10.081426742929237],[76.84222619289562,10.081327307458864],[76.84236706879473,10.081250352838815],[76.84258396985034,10.081188492086577],[76.84284363467158,10.081020742460534],[76.8430136352019,10.080850968018943],[76.84314324725078,10.080675890489633],[76.84328693784305,10.080478905593928],[76.84347066445682,10.080296149430417],[76.84368474785421,10.080158479086068],[76.84448273979903,10.079611211561568],[76.84492286944554,10.079407450882458],[76.84523083608126,10.079285257197638],[76.84555525610634,10.079234574566769],[76.8458590856442,10.079098929289698],[76.84614654835232,10.07909195719961],[76.84641755635512,10.079022412959137],[76.84660866943436,10.078906456954762],[76.84675534764277,10.078771834965666],[76.8469239349791,10.078664329210344],[76.84704949544009,10.078671556960431],[76.84715666607626,10.078696174183381],[76.84735648891132,10.078794033976164],[76.84758112423661,10.078785700283118],[76.84786189582312,10.078676277179655],[76.84816387194903,10.078625105137812],[76.84851089721701,10.078566054710363],[76.8487262917218,10.078370617372792],[76.84891801715253,10.078228115801469],[76.84913939410481,10.078166262059083],[76.84935549141576,10.07813987066563],[76.84969767404917,10.07809850280622],[76.85043051714008,10.078048045016335],[76.8508954377981,10.077938260205531],[76.85131997112819,10.077823089351238],[76.8519066605961,10.077489030001718],[76.85226344174872,10.077394607914098],[76.85276099796448,10.077427914337916],[76.85313880500867,10.077396162933542],[76.8535965007725,10.077206126124471],[76.85399691718912,10.07697033866972],[76.85447000694373,10.076696034591608],[76.85482792449243,10.076548266998934],[76.85506257636476,10.07649563073188],[76.85520625312579,10.076494309150343],[76.8553395477059,10.076555147528682],[76.8553987603677,10.076716605824283],[76.85546958676845,10.076962832377616],[76.85567757859786,10.077096439652903],[76.85589252071748,10.077119039373992],[76.85625316160932,10.077051335164555],[76.85650734286025,10.076927965223595],[76.85667142982167,10.076820354312547],[76.85673741647402,10.076679471598206],[76.85678105562742,10.076337841786582],[76.85680586659086,10.076231647049424],[76.85684334697297,10.076161302979973],[76.85695226877016,10.076110291498336],[76.85723689029956,10.076032092000498],[76.85794954102421,10.075883214092626],[76.85855625870144,10.075651956157856],[76.85911247261116,10.075472888668367],[76.85955642136769,10.075295905939411],[76.85987007029136,10.075120367052879],[76.86006714522492,10.074942312928176],[76.86024134512786,10.074781552546108],[76.86047229159053,10.074693253953612],[76.86075250605266,10.07461044494216],[76.86112852910848,10.074458633568097],[76.86175608211992,10.074298970403985],[76.86207218885824,10.074216934297551],[76.8622772663015,10.07407913626322],[76.86244979150617,10.073994001526614],[76.86287877205235,10.073883332944934],[76.86359508530612,10.07377009261596],[76.86436004556377,10.07368913323094],[76.86465705473385,10.073655619511124],[76.86478136552826,10.073720686472102],[76.86487673196943,10.073869558941347],[76.86501107184056,10.074086084972738],[76.86508514785635,10.074385743815009],[76.8650655291534,10.074856924663441],[76.86496523618386,10.075526471470528],[76.86493039755433,10.075877151692211],[76.8648494592862,10.076284716338808],[76.86483291972054,10.076622432667797],[76.86474599898801,10.077292279069438],[76.86468723068482,10.078109646009953],[76.8646106031098,10.078526166686963],[76.86449517778652,10.078866181914542],[76.86439796353963,10.078997462137925],[76.86422992787368,10.079082781165171],[76.86400910578726,10.079122362647558],[76.86375036514337,10.079245643506113],[76.86361751951561,10.079367302528158],[76.86349681462274,10.079542589834881],[76.86349672664537,10.079747292762459],[76.86345018660778,10.08001763967462],[76.86338789859052,10.08019419105852],[76.8631933803007,10.08046134500201],[76.86305754283309,10.080711892587198],[76.8630157534267,10.080973492648717],[76.86306071002963,10.081170234528523],[76.86318220714675,10.081355266290124],[76.8632576918994,10.081592758866407],[76.86324898212261,10.081779405937391],[76.86325012583072,10.081930687855374],[76.86336027366887,10.082222300447635],[76.86343707797398,10.08260222905272],[76.86341816282882,10.082842027756335],[76.86333502413318,10.083147175338993],[76.86334786884535,10.083374382631488],[76.86342133001611,10.083700788821744],[76.86356174190483,10.084046434410613],[76.86370963169786,10.084458978555057],[76.86384054172986,10.084826722798331],[76.86385171482428,10.085129488714164],[76.86391338676825,10.085580182493459],[76.86388277074286,10.086344777550773],[76.86384115756974,10.086597461028601],[76.86375300445903,10.086724518915197],[76.86359411755579,10.086801100816126],[76.8634710372506,10.086882967366606],[76.86340056734234,10.087023772451182],[76.86334259019668,10.08720485547822],[76.86333942300736,10.087347199662231],[76.86343619819985,10.08763403297993],[76.86370901585731,10.088080536466755],[76.86388690566628,10.088556062308342],[76.86413262544121,10.089010840129582],[76.86426854970402,10.089356413137581],[76.86433294872006,10.089887294596124],[76.86429274332737,10.090277926126788],[76.86415963435194,10.090608664112494],[76.86401966302746,10.090841439511209],[76.86400329930477,10.090970055545924],[76.86432019208704,10.09145311741663],[76.86461808111862,10.091784497596198],[76.86503922425085,10.092225382873313],[76.86542966232962,10.092830163373122],[76.86577831070245,10.093300561223815],[76.86614648865046,10.093700214263233],[76.8667514065957,10.094154026610799],[76.8669812851953,10.094515023399856],[76.86744042528925,10.095063506673267],[76.86800495676567,10.095716605979618],[76.86855672946646,10.096338276562417],[76.86914307323359,10.097018591857204],[76.86948036259552,10.097395294674568],[76.87004031016731,10.098052828826333],[76.87054078590315,10.098562137826336],[76.8710406438066,10.099098169791294],[76.87164738518489,10.09987235435966],[76.87211891187575,10.100470021960268],[76.8726253612055,10.10111297916966],[76.87290343680816,10.101528440923738],[76.87313347989719,10.10188054104627],[76.87353110594648,10.10236985771987],[76.87393312921179,10.102863617592615],[76.87429090242573,10.103329772934705],[76.87464454003947,10.103778045919542],[76.8749534882896,10.104220928176275],[76.87522205799368,10.104658425990412],[76.87562996965585,10.105290266663609],[76.8758115369752,10.105605747198197],[76.87608195214843,10.105963172105906],[76.87633398137132,10.106337995983909],[76.87660087667827,10.106851083298006],[76.87692143178151,10.107374276219774],[76.87716879700538,10.107757947135914],[76.87738660466532,10.10805634276181],[76.87747316463019,10.108405288276634],[76.87759086497277,10.108763848374913],[76.87769290703244,10.10901972046543],[76.87785969283789,10.10919244164669],[76.87807098972121,10.109379577887943],[76.87832354268188,10.10953193258783],[76.87858427602153,10.109720058125147],[76.87878132109478,10.109942397214885],[76.87900730677565,10.11028108695473],[76.87919757777719,10.110605634247833],[76.87935996324495,10.110974030446272],[76.87955964605685,10.111285418687814],[76.87985336393145,10.11160335501321],[76.88011330234755,10.111827063759982],[76.88041379223316,10.112243076036004],[76.88065727998755,10.112599869193263],[76.88087261846799,10.113013960360787],[76.88104749274163,10.113427176071681],[76.88127496967013,10.113894925709085],[76.88147139469268,10.114348637679647],[76.88181718289957,10.11515269143507],[76.88195986093586,10.115400527448722],[76.8822265681417,10.115922535267135],[76.88240337570093,10.116251247795432],[76.88259689612191,10.116633718224984],[76.88277845318613,10.116949166601115],[76.88295613958897,10.117237876955569],[76.88311711269321,10.117468317281796],[76.88325838181262,10.117578170848356],[76.88349737783098,10.11773468046362],[76.88377111874463,10.11794542366262],[76.88396402127917,10.118154331138964],[76.88408435430789,10.118397264915286],[76.8841191875311,10.118647203736753],[76.88422025660037,10.118947546949977],[76.88437841325438,10.119302524498346],[76.88461872653599,10.11960145974465],[76.88491243235926,10.11992378222282],[76.8851849386637,10.120187819130937],[76.88533764044824,10.12039143508975],[76.88549852248084,10.120826618774672],[76.88571350065918,10.121254036841027],[76.88590499277146,10.12172983551787],[76.88599330598343,10.12199882874436],[76.88615902502717,10.122420673529174],[76.88642044548597,10.122982650044085],[76.8866010293485,10.123342564833756],[76.88702843062634,10.123912576884907],[76.88745873311133,10.124553857871714],[76.88792738463967,10.12508474376857],[76.8883669197478,10.125512628697575],[76.8886589454085,10.12591065877151],[76.88878015344632,10.126113523913498],[76.88881718432523,10.126265591485307],[76.88884471558904,10.126439766538308],[76.88904851711735,10.12696927060667],[76.8893518878658,10.127661229343376],[76.88966977105521,10.128108639924776],[76.88996469625799,10.128577953063251],[76.89005590918846,10.128717829522822],[76.89005555735473,10.128935867942134],[76.89007974592195,10.129261247661919],[76.89013401625365,10.129444868796766],[76.89027369408008,10.12962591415729],[76.89039613194375,10.12977541272416],[76.89062033717026,10.12978921855812],[76.8907045129777,10.129840019550027],[76.8908742717456,10.130084067077759],[76.89112134509904,10.130280815506204],[76.89125257787838,10.130439449335238],[76.8913195135786,10.1306589519537],[76.89136199705933,10.130971365013881],[76.89147097635595,10.131120574730014],[76.89166624168254,10.131222762439048],[76.8922846677977,10.131285156420619],[76.89243287498874,10.131284025140788],[76.89283228588376,10.131297202728879],[76.89299465338655,10.131465372002957],[76.89320082286488,10.131888153061546],[76.89329493595055,10.132099308216832],[76.89346741778344,10.132218806251709],[76.89378625786334,10.13242154826703],[76.89423861355854,10.132680678710178],[76.89471779390145,10.13294473784986],[76.89500575857737,10.133120149226196],[76.89521192468781,10.133342682821938],[76.89534148196876,10.13357692823814],[76.89550463775316,10.133914205648543],[76.89556743728048,10.134320518550915],[76.8956156363357,10.134575233660644],[76.89569875327531,10.134674911169567],[76.89586824129466,10.13472756714607],[76.89608944611672,10.134879303763253],[76.89621187819724,10.135028813939785],[76.89629437905636,10.135155224741144],[76.89646395420934,10.135408064223121],[76.89674329534196,10.135569923056334],[76.8970988035113,10.135737863705394],[76.89744217311846,10.1358477023716],[76.89770207442535,10.13587565805855],[76.89807983186051,10.136053025247106],[76.89838080563885,10.13625539274944],[76.89871458487397,10.136591954210681],[76.89909005244918,10.136876012813124],[76.89930315991197,10.136987457387777],[76.89963764025755,10.137297376015592],[76.89989586585027,10.137601127518565],[76.90025321188509,10.137889309714453],[76.90069481380836,10.138027947286076],[76.90110712662067,10.138068068794341],[76.90155681689846,10.138242571297734],[76.90187115056969,10.138649855589971],[76.90210369012733,10.13909992049445],[76.9022841630362,10.139669058742045],[76.90258213624571,10.140004862706403],[76.90280359284456,10.140143157751215],[76.90325301307232,10.140130672074575],[76.90370313524697,10.140087105892176],[76.90401843086511,10.140249672077797],[76.90426415860495,10.140508696011555],[76.9043488527694,10.14094219255232],[76.904375501077,10.141565773218327],[76.90450478486353,10.142213901909921],[76.90465376886797,10.142586444027945],[76.90483828363622,10.142973215773077],[76.90505525083834,10.143316139471077],[76.9054524220736,10.143836514691007],[76.90540880014059,10.143982442808735],[76.90532639334187,10.144256514600142],[76.9047073291891,10.145435635781746],[76.90406319662094,10.14653422326297],[76.90361070114821,10.14688477851679],[76.90337763674673,10.147266850634661],[76.9032126444732,10.148024247772028],[76.90314307676914,10.14812506020623],[76.90298045880927,10.148166084872697],[76.90289145418852,10.14812853905975],[76.90278301270088,10.147952635350153],[76.9025931299306,10.148010791238233],[76.90244546267313,10.148185559980009],[76.90245232274023,10.148283602012404],[76.9026185473263,10.148482997008472],[76.90263156384523,10.148505601058265],[76.90305521560498,10.14884409460309],[76.90341035373841,10.149034304368792],[76.90412423281187,10.149250113578974],[76.9046149837933,10.149398710680558],[76.90486167776724,10.149617748257441],[76.90502455708229,10.149968389593157],[76.9051736284045,10.150336540478873],[76.90545031133524,10.150618513628435],[76.90591203448332,10.151064603333117],[76.90610543000659,10.151255735960246],[76.90617130226406,10.151728928504799],[76.9063227467595,10.152595574735937],[76.90640339395532,10.153416132465003],[76.90614702891294,10.154038087736236],[76.9060760557175,10.154405908089899],[76.90625511564609,10.154837016997531],[76.90659520566648,10.155098065906525],[76.90718515012627,10.155231028462469],[76.9077152006717,10.155433921631927],[76.90825114127485,10.155774892138082],[76.90866079039283,10.15634454338623],[76.90975350382683,10.157912608439709],[76.91054930969192,10.159095836474492],[76.91098507036126,10.159701700484153],[76.91110959825244,10.159962514519242],[76.9111895387601,10.160409314044841],[76.91129885226339,10.160950149338369],[76.91157596111866,10.161214284014232],[76.91186274306183,10.161451959584449],[76.91227150071221,10.161856920085068],[76.91248141939853,10.162115167029643],[76.91261860946472,10.162411800782188],[76.91265932674334,10.162804333283523],[76.91270435317826,10.16320582480109],[76.91272906494511,10.163713736506699],[76.91273082378953,10.164243393562176],[76.9127011872576,10.164567595593821],[76.91259424944492,10.165134944537233],[76.91257261563268,10.165303631089058],[76.91260462663807,10.16547783048657],[76.91268315909669,10.165586402546891],[76.91283433173962,10.165656417367728],[76.91304337004404,10.165750016647571],[76.91329136622477,10.165911106848357],[76.9135000519846,10.16602242636338],[76.91379061091799,10.166086610282306],[76.91420639744528,10.166175760450846],[76.91473017390098,10.166258312792248],[76.91517787964095,10.166325914114841],[76.91581430316,10.16639310466638],[76.91605138920443,10.166438314069548],[76.9166173687264,10.166641941678412],[76.9168245538654,10.16682004015403],[76.91687749330578,10.167270645751142],[76.91694775674702,10.167548119577116],[76.917015645791,10.167727622706254],[76.91712170036224,10.167805604889082],[76.91722485285484,10.167812279842119],[76.91740460004314,10.16781167444447],[76.91767923283672,10.167782023977308],[76.9178836021505,10.167884387736525],[76.9179760255107,10.167970938027938],[76.9181123300538,10.168107445642516],[76.91815427664726,10.16824181660751],[76.91823808185288,10.168515156767269],[76.91843576693807,10.169124709159396],[76.91854516192844,10.169460824466936],[76.91861990925322,10.16993867928901],[76.9186435645736,10.170290827820935],[76.91872191729361,10.17081317191079],[76.91884503033289,10.171341008188133],[76.91900138371473,10.171789459678735],[76.91916732209725,10.172207012392553],[76.91934222987916,10.172629112783396],[76.91952030315669,10.172904436007846],[76.91964156871234,10.173107358228076],[76.91978569781371,10.173297400549036],[76.92003922040429,10.173614425478643],[76.92025721599725,10.173912866244091],[76.92039087990466,10.174169501089052],[76.92044918194499,10.174375489002404],[76.9204761785063,10.174576364425034],[76.92050528554134,10.174888512901216],[76.92047380421614,10.175092548988324],[76.92065354664587,10.175497041348798],[76.92113279988033,10.175970276128819],[76.92171739835538,10.17635230916577],[76.92226488531566,10.176582248676722],[76.92267756540708,10.176608959317056],[76.92309780650254,10.176702655806453],[76.92355119745707,10.176921599275559],[76.92398884652302,10.177042353384188],[76.92460552719544,10.17718924733638],[76.92513858019875,10.177463365959616],[76.92553515887445,10.17760990368436],[76.92603927798699,10.17797681290307],[76.92640833090546,10.178354249163297],[76.9270654481125,10.178706676043436],[76.927639642387,10.17895050040521],[76.92837518747847,10.17900647948574],[76.92917060879874,10.178787764209863],[76.9299499337901,10.17848857640853],[76.93086572005316,10.178112231371387],[76.93137157581981,10.17778492915107],[76.9317061446693,10.177485015254387],[76.93201785122471,10.176793032059477],[76.93218368406473,10.176195732313086],[76.93241634206103,10.175831383446676],[76.93278432064294,10.175438779296876],[76.9333023904073,10.175169532683158],[76.93398725557722,10.174668065536988],[76.93475424023143,10.174315154618846],[76.93568379492629,10.174126008331656],[76.93704734006803,10.173407693082275],[76.9381550114857,10.17267495181445],[76.93955264322791,10.172037481144713],[76.94067049094937,10.17145623975756],[76.94216041116829,10.171114465363011],[76.94353021441107,10.170925799360372],[76.94432922991345,10.170951897342974],[76.94601138314414,10.170654241369474],[76.94774925268838,10.170477958528277],[76.9493468716805,10.17034311771317],[76.951206983093,10.169920151913999],[76.95187434105401,10.169596219639722],[76.95236815370829,10.169201794130588],[76.95296719668143,10.168511498036498],[76.95373397443468,10.167753495476447],[76.95437494489924,10.16699285527951],[76.9549910329401,10.166342906605932],[76.95534496567481,10.16597665118937],[76.95585441250773,10.165684924510614],[76.95615559612429,10.16546889667842],[76.95701527522232,10.165184653857924],[76.95811160124511,10.164967825216722],[76.95983347519329,10.164697515673945],[76.96099597032355,10.164535458433193],[76.96184040743967,10.164330985277482],[76.96244098626816,10.163978906918338],[76.96293616269583,10.163517758277342],[76.96351010069242,10.162946999570083],[76.96413836147595,10.162150445855382],[76.96473998385353,10.161335505961468],[76.96512368798477,10.160631611712121],[76.96547723972658,10.160278720009252],[76.96590084997447,10.160007369089314],[76.96629966989897,10.159846791724915],[76.96654342672899,10.159789660461552],[76.96685970334677,10.159912134983047],[76.96718626380783,10.160181680774073],[76.96754745711911,10.160509844068176],[76.96810783644743,10.160766535610854],[76.96858277239402,10.16082117968599],[76.96919905242802,10.160780857752394],[76.96989628633213,10.160737931172699],[76.9705117686211,10.160524058197378],[76.97137266508493,10.160181917532649],[76.97220744932577,10.160008308222745],[76.97346370225138,10.160075089706803],[76.97428309002434,10.160194930245485],[76.97476169361404,10.160289619149927],[76.97536308778285,10.160520508050421],[76.97632309728665,10.160994874091331],[76.97708788245093,10.161562971174252],[76.97799092221524,10.16259235601035],[76.97888077108507,10.163403439942005],[76.97959377054501,10.164081676535014],[76.98044097934297,10.164785056680428],[76.98154720243666,10.165355938984922],[76.98228514767368,10.16571431943774],[76.98280388639559,10.165823259210057],[76.9831870941978,10.165755731729734],[76.98384408183132,10.16549813703089],[76.98464889783575,10.165252668249506],[76.98555346353913,10.164969198975525],[76.98653782588329,10.164318101191753],[76.98714988431131,10.163641263043617],[76.98788647725407,10.162811289155291],[76.98835131687187,10.16187762328812],[76.98836704879231,10.161566422045215],[76.98817431065468,10.16092147212896],[76.98887178748407,10.160865038322498],[76.98965090726263,10.161397807298743],[76.99029423759865,10.161767499160156],[76.990749049,10.16171479605541],[76.99114998471259,10.161660934650643],[76.99163441031597,10.161902595873435],[76.99216919214516,10.162514761424319],[76.99254762466917,10.162883201526952],[76.9930853026671,10.163152690554826],[76.99407355881957,10.163151338850218],[76.99493455231712,10.162804586669559],[76.99659834323157,10.162510445483932],[76.99766408197127,10.162457298686622],[76.99890574764886,10.163204501175494],[76.99999501783238,10.164776151174436],[77.00026146791433,10.164919796146387],[77.00059444181584,10.165100332348993],[77.0008043845112,10.165572062839034],[77.00088646330643,10.1657251342497],[77.00101749047589,10.166110613264054],[77.00117575985962,10.166478861682235],[77.00145284063281,10.167170101911694],[77.00156717032041,10.167497432106844],[77.00174925396652,10.168012996048297],[77.00193133733963,10.168528647254233],[77.00217511069452,10.169308191685161],[77.0023726599036,10.169939867485837],[77.00257574507665,10.170522733619656],[77.00366955193492,10.170211971776803],[77.00483338605886,10.169778073620263],[77.00538006086073,10.169629373365316],[77.00595854398907,10.170095498227054],[77.00649879887014,10.170458503089321],[77.00700811958433,10.170798511757114],[77.00754916065861,10.171125902789043],[77.00805953144734,10.171417001929123],[77.00867042699313,10.171630207032068],[77.0093089993569,10.17180828692011],[77.00956839919753,10.171862706876675],[77.00994589878768,10.17206195028186],[77.0104506356967,10.172406384883114],[77.01100949932277,10.172743033019959],[77.01165447395472,10.173041376275439],[77.01185578617908,10.173081249133345],[77.01227993790378,10.172992225951052],[77.0128247338822,10.172727779314062],[77.0135517690899,10.172547210200575],[77.01437633456474,10.172644620841512],[77.01470944547606,10.173239094970077],[77.01494141876977,10.173737965265387],[77.01514492224831,10.17409384644013],[77.01547108945994,10.174599177160127],[77.01574312911394,10.175112216775299],[77.01618246835136,10.17578453428243],[77.01664034601,10.176007849188139],[77.01719663296642,10.176255363254523],[77.01783779642692,10.17652251679905],[77.01809102738139,10.176656866822071],[77.01834416994058,10.176795732861029],[77.01911853159143,10.177136855067122],[77.0198537004982,10.177419245208377],[77.02074051896471,10.17775826559014],[77.02149799544513,10.17805008777274],[77.02213333716197,10.178170212809038],[77.02257959441168,10.178308619652467],[77.02335876142695,10.178427310699227],[77.023673835885,10.177979955094807],[77.02397757532135,10.177429956298472],[77.02411402498502,10.177139065701946],[77.02438727529807,10.176543993372384],[77.02475998421647,10.175706183956427],[77.02516142259566,10.175211662558057],[77.02557533588889,10.17476191467748],[77.02601947180123,10.17436618711761],[77.02635720729761,10.173905940302516],[77.02677120436263,10.173451761777034],[77.02721568732645,10.173042742119126],[77.0282944237353,10.1723798470752],[77.029567843965,10.172491008725203],[77.03031138374656,10.172595597707392],[77.0309838427078,10.172658590864492],[77.03158979057206,10.172684606830527],[77.03227638724636,10.172716695646953],[77.0329059617828,10.172685322007908],[77.0335241997345,10.172764970505131],[77.03386419851176,10.172834401981563],[77.03420402062405,10.172908261894174],[77.0347687487442,10.172968944900875],[77.0352687259664,10.17311733986943],[77.03588062639568,10.17328142895105],[77.0361712450699,10.173349803692101],[77.03646186304559,10.17341374257035],[77.03700909796044,10.173665464829432],[77.03728961090015,10.173782563223416],[77.03757460364933,10.173899757312602],[77.03785458816512,10.174043533228355],[77.03829859114771,10.17428869886679],[77.0387252857895,10.1747159625011],[77.0397059661592,10.175288179637464],[77.04043380629486,10.175494740697504],[77.04111639951776,10.175718155345725],[77.0415397459384,10.17587821657223],[77.04196353012064,10.176234230971872],[77.04271138610137,10.176770443021711],[77.04326096461581,10.176697351479293],[77.04385341026516,10.176509382060132],[77.04442108010532,10.176432157162417],[77.0452722284769,10.176547813343209],[77.04628816973285,10.176729067706274],[77.04693058455263,10.17672906877937],[77.04761059356238,10.176649718465335],[77.04843237947146,10.176453165678975],[77.04903112450648,10.176603581200828],[77.05023203154245,10.176962301162517],[77.0507692778703,10.177049071444838],[77.05193283488704,10.17726015425012],[77.05269433234457,10.177364928907206],[77.05362087738968,10.177735777238787],[77.05432175462263,10.177732494009176],[77.05497405254734,10.177692530539355],[77.05559797493478,10.177714375561926],[77.05623234688728,10.177883284603741],[77.05655401136842,10.17797005246188],[77.05687110740932,10.178056721338818],[77.05749326322965,10.17816755339063],[77.0577753096576,10.177572563107109],[77.05805287572556,10.176977480203071],[77.05858472917508,10.175831340270404],[77.05936884640606,10.174223050683246],[77.05964096296711,10.17367237754173],[77.06019371430996,10.172597910898215],[77.06045783597791,10.172002564940849],[77.06071738963054,10.17140712309944],[77.06097105777032,10.170882759351029],[77.06140092215952,10.169881414003347],[77.06152406651813,10.169790498134217],[77.06194567249928,10.170035070202442],[77.06236279746541,10.170279547843341],[77.06290297610362,10.170655657594258],[77.06334363711157,10.171060856932685],[77.06383523968692,10.171395860484852],[77.0643742698999,10.171825330597311],[77.06484768698328,10.172168902440534],[77.06531662277605,10.172512380766197],[77.06583843137108,10.172905848550698],[77.06636471709726,10.173299497324171],[77.06663488557886,10.173483043383968],[77.06718839531536,10.173863887765872],[77.06794997207228,10.174395837792956],[77.06845025098836,10.174530734466082],[77.06877864572701,10.174506345499728],[77.06969645991812,10.174440698726496],[77.07032812280701,10.174311312397071],[77.07067820595628,10.174327462190234],[77.07189953673907,10.174352603962554],[77.07285157946625,10.174367747821254],[77.0730481349512,10.17442079209242],[77.07352467966919,10.174190203029708],[77.07406094391615,10.173894195747831],[77.0745922875621,10.17362025639227],[77.07508753285768,10.173354501749385],[77.0754678138167,10.173856329366785],[77.076004771997,10.17460171581785],[77.0764416964548,10.175189267414552],[77.0769354411382,10.175853673852242],[77.07696784800227,10.176019032255033],[77.07714981809035,10.17569782743183],[77.07733266613515,10.175545829093462],[77.07773498354913,10.175211401237034],[77.07795893175582,10.175029066678404],[77.07846593139061,10.17463009186286],[77.07883645341656,10.174099193755058],[77.07920688647914,10.173568293615652],[77.07987643827083,10.172487247980806],[77.08054001451615,10.17147276673291],[77.08082376337833,10.171652157178842],[77.08135525279094,10.172014693351702],[77.0816076479648,10.172188984625542],[77.08213526984554,10.172524667464508],[77.08265410747936,10.172846859871031],[77.08318269077529,10.173133616150947],[77.08343490647478,10.173316859522792],[77.08393529664066,10.17366083694369],[77.08418347112382,10.173826174740386],[77.0846959770333,10.174237268660514],[77.08510301195491,10.174534837678111],[77.08520672440818,10.17473283990218],[77.08540712366208,10.17503062717019],[77.08560743476464,10.175332932475929],[77.08599655195817,10.1758482728097],[77.08637548116691,10.176416785130831],[77.08676336644479,10.176989928480408],[77.08704095348752,10.177681064388404],[77.08733180009004,10.178381274209382],[77.08757794779682,10.179071755551076],[77.08783155931967,10.179619893261114],[77.0880848190457,10.180185852205122],[77.08830620133004,10.18076896147081],[77.08841245765637,10.18106042468011],[77.08873122607146,10.18193038424672],[77.08913060745377,10.18302893550698],[77.08869355348466,10.184168310089852],[77.08826097650146,10.185307706989663],[77.08784631232805,10.186447494990512],[77.08766655382253,10.186448275090719],[77.08722817728703,10.185927459038554],[77.0867939265176,10.185424476276573],[77.08605257910997,10.184568176174444],[77.08517502230454,10.185284524454891],[77.08440319205383,10.18588738367184],[77.08353967419158,10.186577333301553],[77.08314721192272,10.187081059480516],[77.08256927399094,10.187865879944441],[77.08213535766522,10.188417767420066],[77.08159263073024,10.189020901539726],[77.08139802125191,10.18951980914685],[77.08119313647425,10.190076411318838],[77.080829120438,10.190727628990354],[77.08042734030062,10.191249077849106],[77.07957319078717,10.191916887403364],[77.07961543295279,10.192046838861648],[77.0799424799035,10.19252088654726],[77.08015781752823,10.192747841777734],[77.08037324258832,10.192974884989141],[77.08001870876417,10.193172291236994],[77.07955097192901,10.193407454627257],[77.07894025909823,10.193608604975855],[77.07838794509705,10.193806394258557],[77.07779970901484,10.194008021268377],[77.0775002326872,10.194148682296257],[77.07664307637916,10.194527185363253],[77.07542495542228,10.194982850612709],[77.07568034907158,10.19587385120043],[77.07599379397512,10.19699743210527],[77.07534187332736,10.19723334754414],[77.07469943426098,10.197442680237552],[77.07450332059946,10.197367354016562],[77.07404206141284,10.197081988047852],[77.07332443626525,10.197236316026629],[77.07271711706173,10.197272812937555],[77.07251458881949,10.197072728843969],[77.07186756764597,10.196431886925373],[77.07167733380098,10.196508087745176],[77.07118751978882,10.196724937721392],[77.07009827589074,10.197245510827834],[77.06921190759444,10.196661988795569],[77.0690906155077,10.19623223473345],[77.069025270553,10.19570567569451],[77.06895579758509,10.19537930498149],[77.06888175745003,10.195052920403556],[77.06876687658094,10.19517516596897],[77.06847501895655,10.195591987915563],[77.0684268004606,10.1957512270454],[77.06792915634904,10.196128170334418],[77.06756861339869,10.195964969573547],[77.06729212321368,10.195865747459743],[77.06701106519589,10.195770947424387],[77.06684243007041,10.195674030970576],[77.0664175036395,10.196007998442012],[77.06656989061588,10.196456239831095],[77.06683909249784,10.196684274519692],[77.06683206602897,10.197236072146685],[77.06676698334148,10.19797803459113],[77.066112641277,10.198115867790033],[77.06595366635953,10.198197166266997],[77.06575762628292,10.19854473551548],[77.06551679166606,10.199100581353765],[77.0656040964661,10.199222548197872],[77.0657029949861,10.199433813053357],[77.06580637283714,10.199645090361845],[77.0658427351188,10.20005538439367],[77.06592424280207,10.200235060150684],[77.0661434700903,10.200493343061662],[77.06636287264195,10.200747112662945],[77.06671112286911,10.201279497696039],[77.06704646097612,10.201784911550135],[77.06731856019972,10.20230688802384],[77.0675676472651,10.202641396234046],[77.06778766203362,10.202859529195278],[77.0681487313076,10.20321418054653],[77.0678564330345,10.203866885413483],[77.06783394852258,10.204293769908379],[77.06785915576808,10.204378845867248],[77.06795085037277,10.204718952409541],[77.06808531810069,10.205162424456281],[77.06812651034001,10.205768626011535],[77.0680763594455,10.206444106563255],[77.06831332443403,10.206711663930918],[77.06795137735304,10.207046928343168],[77.06750774696708,10.207416099735815],[77.06706402711627,10.207789789072786],[77.06666018090631,10.208190949569868],[77.0662517661155,10.208596449028883],[77.06544933680742,10.208931568637079],[77.06456960956753,10.209313997589305],[77.06403997834906,10.209498934588614],[77.06341855898432,10.209775400071148],[77.06271922780445,10.210125946368308],[77.06228462507168,10.210277173939105],[77.06098836129088,10.210379463222253],[77.05987012714779,10.2105655842966],[77.05859772903185,10.211024443207954],[77.05797865321617,10.211189703283603],[77.0566200657925,10.21147762440065],[77.05545962835133,10.211742920852153],[77.05529475415226,10.21189088469043],[77.05534772122107,10.21150916532889],[77.05480970472229,10.21123981679664],[77.05437419507903,10.211008241353502],[77.0537976123259,10.21065361357079],[77.05356764604106,10.210475248221055],[77.05278884940051,10.209907115629267],[77.05207127335646,10.209415964744757],[77.05108199699923,10.208598754974892],[77.05069136148934,10.208158906722966],[77.05044013132763,10.207717451346774],[77.05021446294982,10.207125221845788],[77.04989814000196,10.206571142492246],[77.04945681495954,10.206192573364607],[77.04879930441463,10.205840670035519],[77.04819976762994,10.205716906609036],[77.04769193787935,10.205724170215415],[77.04702818070713,10.205875134999594],[77.04664157297542,10.20609850325374],[77.04612829022292,10.206568559441324],[77.04560929527808,10.207100847895811],[77.04514748628957,10.207055611549784],[77.04453387583754,10.206962755224556],[77.04325683575843,10.206793796230276],[77.04322362919807,10.206450354308513],[77.04315862161963,10.205701238742131],[77.0431312130085,10.205300095614117],[77.04307112487773,10.204742416387957],[77.04293592647424,10.20348890789844],[77.04230684341393,10.203279982956325],[77.0419610703494,10.203268289276913],[77.04098655775765,10.203243595690559],[77.040083196102,10.203255912770844],[77.03967653620033,10.203363172165165],[77.03910111317633,10.203587150887238],[77.03846357640707,10.203774141769818],[77.03786671173478,10.203953134949439],[77.03721625414975,10.204113147385728],[77.03595907945002,10.204282797750434],[77.03473299207927,10.204466415560628],[77.03392200699433,10.20456974128721],[77.03356505235129,10.204660147930493],[77.03268755267902,10.204935612066372],[77.03222657287786,10.205273175732247],[77.03131418438747,10.20591737366281],[77.03051424640067,10.206554950971631],[77.02992138395112,10.206965497211417],[77.02940047440157,10.207372988610388],[77.02883132829602,10.20772613031452],[77.02787454531317,10.208556248789849],[77.0268907817743,10.20938586875575],[77.0259609566585,10.21021213006017],[77.02541674690427,10.21065920586395],[77.02492261568345,10.211071789737845],[77.02437963132664,10.21146097536924],[77.023784366552,10.211769020223043],[77.02238111162058,10.212251547576845],[77.02010244613278,10.21290264933828],[77.01992021430497,10.213019068088947],[77.01982786817767,10.213346494479932],[77.01981003157219,10.213969296326338],[77.01999489951346,10.214574050027666],[77.02110585851966,10.215153768924683],[77.02241731125082,10.215817751306513],[77.02268792950306,10.21619286513566],[77.02268880813277,10.216362036922575],[77.02249032552064,10.216820853886803],[77.02238023298865,10.216925359568924],[77.01965424672396,10.218110168613935],[77.01907679544345,10.218423029617943],[77.01717967464329,10.219300211949808],[77.0167460503936,10.220034506906586],[77.01619283673813,10.221108972797254],[77.01579804660571,10.221710530622316],[77.0147111149824,10.22168333917356],[77.0140855757039,10.221723543083584],[77.01388813343263,10.221710567227582],[77.01335968600331,10.222674331079082],[77.01328772066974,10.22288646276253],[77.01385887293517,10.223708638150441],[77.0143077088584,10.224363447227311],[77.01490864378209,10.22421138886625],[77.015479436939,10.2246284456675],[77.01562160759977,10.224707107314579],[77.01562055318261,10.225174486624379],[77.01616911246201,10.225582196332097],[77.01671933873763,10.225909753990756],[77.01722791359767,10.22629433639317],[77.01805526579014,10.226903790575873],[77.0185284250564,10.227265346904337],[77.01928011624777,10.227841950089543],[77.01983788479241,10.228236480195186],[77.02031534246777,10.22860709328414],[77.0209191471243,10.228953571363057],[77.02149307507034,10.229223813751497],[77.02215240351242,10.229495821748333],[77.02273757207136,10.229663848283138],[77.02333336916638,10.22975199206769],[77.02422446738836,10.229904200412319],[77.02463267288326,10.22993939828737],[77.0253157945837,10.229940360455858],[77.02634675192046,10.229855084172424],[77.0274355120594,10.229797757117831],[77.02782095118502,10.229636656339494],[77.02881753450878,10.228842842639736],[77.02942858899009,10.228641914268426],[77.03004930472541,10.228614808607164],[77.03066000155803,10.22863645666619],[77.03128211668415,10.22875629386678],[77.03186223330161,10.228950900044088],[77.03251843031448,10.229160459910572],[77.03271882930858,10.229244817227709],[77.03318841705828,10.229352485433672],[77.03347579156213,10.229367399498196],[77.03376298967333,10.229386744791475],[77.0343973006135,10.229564687988193],[77.03499093181348,10.229759586030152],[77.03563902932405,10.229924432727113],[77.03595222688965,10.229988874161757],[77.03692326596627,10.230187147674927],[77.03749430674667,10.23038599352329],[77.0380698252717,10.230584935878278],[77.03864621957055,10.230743881391659],[77.0392686450173,10.230850324922168],[77.03953571155162,10.231603679669188],[77.0397796728009,10.231969350423256],[77.03986787473022,10.232046850789287],[77.04053465814891,10.232180960049488],[77.04115654677258,10.232100366556102],[77.04225474911054,10.232239012988886],[77.04301279368127,10.232517409212965],[77.04403217999348,10.23297926660948],[77.04459159137008,10.233302523738006],[77.04533776199693,10.2337230777038],[77.04575397808087,10.233802967785579],[77.0466101242575,10.233700544160534],[77.04700525308476,10.233504032740353],[77.04706692047294,10.2333494733679],[77.04719332973575,10.232261487464656],[77.04717057783513,10.23206065419209],[77.04740310381453,10.23169160793415],[77.04762333106703,10.231478015067008],[77.04834717050299,10.23082980912342],[77.04848903901001,10.230921776669101],[77.04915524777547,10.231296129484969],[77.04944021253294,10.231422241890215],[77.05003745923638,10.231657223205959],[77.05076031792827,10.23189926391004],[77.05157048725295,10.232054024427898],[77.05215410797383,10.232083930129265],[77.05278436950456,10.232248376542444],[77.05348806249586,10.232761515076486],[77.05374903659636,10.232958359288114],[77.05429144982587,10.233236618392075],[77.05459028114132,10.233345198600032],[77.05546920281841,10.233652811963657],[77.0560764332924,10.233838948341075],[77.05671115408127,10.23400349101324],[77.05751935101475,10.234251642329829],[77.05783539046827,10.23460984359871],[77.05823065821316,10.2350453568854],[77.05874924752922,10.235390007592734],[77.05905641226975,10.235529915635503],[77.05936366406404,10.235665304341108],[77.0596123283934,10.235808474095258],[77.05986099220985,10.235951644092706],[77.06048875407348,10.23623166672278],[77.0605745693142,10.236852265479477],[77.06067074906615,10.237406192240632],[77.06069270790286,10.238069968243874],[77.06081883938347,10.238700242501144],[77.06106346029802,10.239248420828122],[77.06141787427913,10.239705357072],[77.06173618721175,10.23995679471561],[77.06205449930367,10.240208233241802],[77.06235682474498,10.240575045113555],[77.0619915220608,10.240634244430863],[77.06208620749857,10.240836573994216],[77.06233152851401,10.241349112564603],[77.06257693686403,10.241861658297884],[77.06270412037925,10.242224873593576],[77.06283578328294,10.242588186944124],[77.06287873399225,10.243323635405739],[77.06283464144383,10.243923655243984],[77.0627113227566,10.244232747004466],[77.06258343657731,10.244541739701138],[77.06241066705226,10.244849766314884],[77.06223780944532,10.245162313594784],[77.06186618231773,10.24573334167734],[77.062112645627,10.246196952977977],[77.06235462889181,10.246656031044866],[77.06247952895671,10.246916807578014],[77.06260434105822,10.247177665290728],[77.06282076370613,10.247787517259226],[77.0623081646293,10.248863237055955],[77.06192248420865,10.249465135040987],[77.06147663575297,10.249932251499535],[77.06136710574802,10.25001011152923],[77.06076956379985,10.250425133364946],[77.05936814371563,10.251019507156416],[77.05933037409899,10.251321419414511],[77.05915759991113,10.251415750767567],[77.05889347539447,10.251788727882364],[77.05807483503911,10.252243688912303],[77.05725170939569,10.252698550859877],[77.05661488333236,10.253054933651235],[77.05597805390629,10.253415671264472],[77.05581774803825,10.253982246695308],[77.05565305000673,10.254544208110048],[77.05516545467599,10.255923072835477],[77.0546733775484,10.25730194124722],[77.05442426383523,10.257603985862083],[77.05417962945197,10.257906127475405],[77.05315180826182,10.258899825524992],[77.05231327677147,10.259866382894955],[77.05059684279057,10.26174966108363],[77.05030906979096,10.261538827267076],[77.04971270286481,10.2612593376962],[77.04945725417716,10.261009174202945],[77.04895048384294,10.260526777878344],[77.04861562247213,10.260208151107477],[77.04803866082746,10.259648618522878],[77.04747917757382,10.259107221107874],[77.04637706967647,10.258087114310134],[77.04561482959615,10.257572659407614],[77.04513018049705,10.257322151266724],[77.04501009404119,10.257261766847623],[77.04496529218726,10.257251918401026],[77.04445103599153,10.257129987232274],[77.04342348335865,10.257041818336129],[77.04289709753506,10.256852795107342],[77.0426680768187,10.256629934876953],[77.04245442917671,10.256318223341296],[77.04234549684541,10.256155748662021],[77.04233135320487,10.255977324692877],[77.04229551092826,10.25554477650368],[77.04232256833413,10.255117949393235],[77.0422428895274,10.255058441634786],[77.04223849708889,10.255053908345026],[77.04221214245452,10.255026624838973],[77.04219009240599,10.255008311094437],[77.04218121967617,10.254999240980675],[77.0421723469457,10.254994610872812],[77.0421678666558,10.25499451405077],[77.04216795450463,10.254990077587216],[77.04216804235345,10.254985641123882],[77.04215916962201,10.254981011016916],[77.04212394223632,10.25494465743287],[77.04209767542581,10.254912937511193],[77.04202300385977,10.25483126424598],[77.04199243242883,10.254790574652661],[77.04196159744323,10.254758754438864],[77.04194411549634,10.254736101139393],[77.04193093814777,10.254722501334326],[77.04192215324791,10.254713434799095],[77.04191328049842,10.254704280950655],[77.04190458344631,10.25469077797338],[77.04188270903973,10.254663591431937],[77.04185213757329,10.254622901937028],[77.04179934028113,10.254568415507695],[77.04162416906672,10.254351000549851],[77.04157585198698,10.254296611155505],[77.04154528044289,10.25425592187598],[77.04152331812196,10.254228731964117],[77.0415100528782,10.254219568673303],[77.04151014072751,10.254215132258912],[77.04150574826235,10.254210599024438],[77.04150583611165,10.254206078837836],[77.04149705118091,10.254197012370378],[77.04143625944256,10.254097804548561],[77.04140147109298,10.254043709352713],[77.04136668273338,10.253985090484422],[77.04133189436378,10.253930911602733],[77.04130141060743,10.253885786141963],[77.04128410426395,10.253854260341496],[77.04126644652008,10.253836040187148],[77.04126231759453,10.253822637736874],[77.0412577494214,10.25382253737773],[77.04125783727089,10.25381810098726],[77.04125344479658,10.253813567778927],[77.04124931587057,10.253800081560529],[77.04123640199471,10.253773089003491],[77.04122761704437,10.253759582665054],[77.0412147031662,10.253732590123212],[77.04118465862798,10.253669639029743],[77.04115022160421,10.253597714878026],[77.04110682391233,10.253521157252022],[77.04107238686639,10.253449149476738],[77.04104225444314,10.25338619508952],[77.04102064342942,10.25334569996852],[77.04101220986206,10.253323244297974],[77.04100342489541,10.253309738045198],[77.04099903241183,10.253305204870433],[77.04099912026152,10.25330076851009],[77.0409947277778,10.253296235335918],[77.04099481562747,10.253291715204384],[77.04098172602504,10.253273679325845],[77.04096433178609,10.253246590152031],[77.04092945545092,10.25319693196112],[77.04083369921445,10.253047980142199],[77.04077721178432,10.252957743421376],[77.04067697508204,10.252808779068696],[77.04064649116047,10.252763654327241],[77.04063067817218,10.252660900067239],[77.04057234579753,10.252655198129856],[77.04053202264859,10.252649970740112],[77.0404915237861,10.252653532214264],[77.04048713128392,10.252648999082597],[77.0404601613171,10.252648414668329],[77.04043327919436,10.2526434777039],[77.04019950989436,10.252643018870963],[77.0400736204147,10.252644897669494],[77.03998366162735,10.252647470741802],[77.0396508838124,10.252658350756068],[77.03955635647294,10.252665263160088],[77.03949793572897,10.252664081086877],[77.03946182905955,10.252667735681026],[77.03930448819172,10.252668932763127],[77.03921479238478,10.252662636505987],[77.03867538622623,10.252664683580571],[77.03867090580668,10.252660146904509],[77.03867081795532,10.252664666967975],[77.03863031846916,10.252668228141117],[77.03858981896943,10.252671873077857],[77.03853130990682,10.252675043319975],[77.03846357640707,10.252687056439244],[77.03845013512439,10.252686765902748],[77.03839171384574,10.252685499820837],[77.03831967553845,10.252692899532704],[77.03826107849342,10.252700589769544],[77.03822505930621,10.252704331493332],[77.0381980009829,10.25270818314144],[77.03817999138124,10.252707792199171],[77.03817094265354,10.252712118556705],[77.03815293304785,10.252711727612423],[77.03812130641671,10.2527200024587],[77.03806279712734,10.25272317258736],[77.0379772294369,10.252730278094937],[77.03787804463575,10.252746049346074],[77.03776989884753,10.252757187011829],[77.03767528218496,10.252768534978122],[77.0375851459083,10.252780063537223],[77.03753111682136,10.252783330397328],[77.03749509741665,10.25278707200894],[77.03747699985803,10.252791117297454],[77.03745907800122,10.252790729844792],[77.03743667567643,10.252785805704605],[77.03739178316215,10.252784917293512],[77.03733344922435,10.252779214688765],[77.03731095902393,10.252778810590408],[77.03730647855382,10.252778713724854],[77.03720782031692,10.252767699485647],[77.03719446674705,10.252762972608158],[77.03707331817414,10.252751554223819],[77.03694320851282,10.25273994205445],[77.03680853037022,10.252732669230012],[77.03670547908737,10.252717205477763],[77.03663361548094,10.252715648395077],[77.03658881052134,10.252710323600175],[77.0365618396847,10.252709738800082],[77.03655296654169,10.252705108783237],[77.03654391769221,10.252704911487765],[77.03652608354999,10.252700087717198],[77.03649928840524,10.252690630387614],[77.0364546591018,10.252676349286672],[77.0363875394097,10.25266158025068],[77.03630258550515,10.252641987432089],[77.03621763154092,10.252617954805963],[77.03613258966378,10.252602881988821],[77.03602092818262,10.252569395548946],[77.03599404507263,10.252564374458887],[77.03598060351538,10.252564083808274],[77.0359806913687,10.25255964756061],[77.0359762108493,10.252559550677002],[77.03596268143674,10.252559256483526],[77.03594493506212,10.252549996454029],[77.03590917874499,10.252540345346084],[77.03585128335891,10.252516817310752],[77.0358378417858,10.252512086870112],[77.0357710731652,10.252484012595426],[77.03566828455877,10.252455156147718],[77.0355655837186,10.252421863455764],[77.03546279493749,10.252393006991497],[77.03532451314028,10.252345630481779],[77.0352888444935,10.252331543132902],[77.03527083445849,10.252331152025377],[77.03526644176661,10.252326618908755],[77.0352574806747,10.25232642512575],[77.03524860743597,10.252321795117819],[77.03522620470164,10.252316870892274],[77.03519036031805,10.252311655988926],[77.03513676943065,10.252297181066469],[77.03507852225886,10.252287041924912],[77.03501131394887,10.25227679275561],[77.03495306671665,10.252266653597617],[77.03489947572407,10.252252178655079],[77.03486811180429,10.252247060622384],[77.03484562114532,10.252246572595935],[77.03483217946042,10.252246281904686],[77.03483226731458,10.25224184569034],[77.03482330619049,10.252241651895964],[77.03480538394031,10.25223682455019],[77.03478754954168,10.252232000746554],[77.03477850056008,10.252231803408558],[77.034769539432,10.252231609612764],[77.03472921434746,10.252226381542599],[77.03465761312934,10.252211515440582],[77.03457687501782,10.252205411713893],[77.03455895273113,10.252200584359926],[77.03449183198678,10.252185815133615],[77.03440661318702,10.252179530697791],[77.03433940450361,10.252169281421319],[77.03426332247184,10.252154318353918],[77.03424979286764,10.252154024096164],[77.03424540013867,10.252149490990098],[77.03421834092475,10.252153342215728],[77.03418697682832,10.25214830790058],[77.03414217096217,10.252142899094592],[77.03407935486696,10.25213709911048],[77.03399852851463,10.252135431444682],[77.03391330936726,10.252124790913228],[77.03383248290397,10.252123039433807],[77.03376966664793,10.252117323157943],[77.0337247727722,10.25211191075424],[77.03367987887982,10.252111021846618],[77.03367539827516,10.252110924932886],[77.03367100552533,10.252106308060442],[77.03367091767035,10.252110828019083],[77.03357199290201,10.252113205226253],[77.03350443233433,10.252116260813958],[77.03346393111767,10.2521198212061],[77.03342351774263,10.252119029172848],[77.03333355400707,10.25212160012452],[77.03325255144576,10.252124364886706],[77.03324359020462,10.252124171044915],[77.03318516641035,10.252122903980414],[77.03313579169303,10.252121918060713],[77.03310864437547,10.252130205345505],[77.0330861533893,10.252129800953785],[77.03307710428041,10.252134043288818],[77.03305461328839,10.252133555125827],[77.03300058217718,10.25213690489433],[77.03282030258758,10.252159791187294],[77.0326896612161,10.252174878311632],[77.0325498826994,10.252194287899043],[77.03241924103587,10.252209374870837],[77.03223447992185,10.252232163770637],[77.0321894097642,10.25223570723275],[77.03216691860712,10.252239658706928],[77.03214890810725,10.252239351170337],[77.03205446275902,10.25224182471438],[77.03198250853264,10.252244786484871],[77.03190616144953,10.2522431313516],[77.031555614385,10.252240301722098],[77.03151906606115,10.252266219791048],[77.03151019254815,10.252261589722957],[77.03147461063313,10.25224306590935],[77.03143006733214,10.252224348195664],[77.03138113118179,10.252201013603171],[77.03134106853766,10.252182392847896],[77.03130539871617,10.252168305206247],[77.03127869027152,10.252154411472194],[77.03126524819024,10.252154120612074],[77.03125637465864,10.252149490548817],[77.03125646251539,10.252144970624975],[77.03124302043163,10.252144763532133],[77.03123414689841,10.252135610002682],[77.0312119191341,10.252126252924505],[77.03118081782854,10.252107826088913],[77.03113636227624,10.252084588475272],[77.0310919067076,10.252061434635166],[77.03108312102016,10.252052368427917],[77.03107864031932,10.252052271473065],[77.03107415961831,10.25205217451815],[77.03102091833486,10.252019870715191],[77.03096741345709,10.251996519436693],[77.0309185649766,10.251968748752446],[77.03088755145268,10.251950325494242],[77.03086971647639,10.251941061844848],[77.0308563622067,10.251936334835692],[77.03085196935452,10.25193180173997],[77.03084757650217,10.251927268644538],[77.0308343100871,10.251918021730331],[77.0308077772526,10.251895255760298],[77.03078572512416,10.251876942665573],[77.03076349727745,10.25186314593348],[77.03070612657125,10.251813000724129],[77.03041426476263,10.251588711175236],[77.03034353956457,10.251533839173433],[77.03033036095167,10.251520239965767],[77.03021561910133,10.25141986630181],[77.0302024404745,10.251406267116465],[77.03014937452258,10.250942153569138],[77.0290506229445,10.250616466576345],[77.02852566814511,10.250360664957933],[77.02818433648072,10.250135389824539],[77.02817994353153,10.250130856845617],[77.0278904478286,10.25000458923197],[77.02788148619032,10.250004395283964],[77.02766421018877,10.249866298306907],[77.02765094342473,10.249857135408549],[77.02755921820838,10.249730552836386],[77.02752618305597,10.249591846566812],[77.02749051210999,10.249582198839311],[77.02732489686599,10.249547541283432],[77.0270223080047,10.249616922246963],[77.02674633997785,10.249700192607124],[77.02647204066615,10.249703367545303],[77.02606208416215,10.249748228938415],[77.02583724887623,10.249752393499996],[77.02519445839339,10.249756784094611],[77.02508717987908,10.249727829464216],[77.02491295093463,10.249679672281406],[77.02487297401086,10.249656615908615],[77.02475313102181,10.249582843372343],[77.02449806889882,10.249319252239312],[77.0240507643745,10.24879795795825],[77.02380334478036,10.2485969136709],[77.02372382949807,10.248532894213895],[77.02369263840623,10.248518903965165],[77.02340304411082,10.2483970731678],[77.02267984610948,10.248168290924282],[77.02190814312748,10.247889472612496],[77.02163269062764,10.247741241829681],[77.02131682008411,10.247587695049262],[77.0211432886283,10.247503968545761],[77.0211298454216,10.247503677415345],[77.02087398488946,10.247489416991915],[77.02041621109181,10.247457544188974],[77.0202019969625,10.247386247752836],[77.01994376211687,10.247269619767106],[77.01984139939388,10.247222939177785],[77.01981943313304,10.247200191446641],[77.01969589480791,10.247090757877762],[77.01934250069583,10.246802855092165],[77.01907995860464,10.246677175685885],[77.01888023995953,10.24655729811837],[77.01847289373958,10.24626822554905],[77.01831007788083,10.246109047364516],[77.01801678033124,10.245951556242215],[77.01784377134797,10.245845488908229],[77.01766153612337,10.245748179038486],[77.0175995022766,10.245706812094193],[77.01748870236645,10.24563324072878],[77.0172432903095,10.245547955553933],[77.01722545332358,10.24554313164135],[77.0170953223272,10.245531514778333],[77.01678515132676,10.245533906829243],[77.0163894844481,10.245543401704714],[77.01612289404407,10.245609113482695],[77.01576219646991,10.245659384640346],[77.01545044043026,10.24573742781753],[77.01471102711365,10.245842098256977],[77.01467043174215,10.245850175550714],[77.01464820093771,10.245840818766306],[77.01443344939956,10.245791779723069],[77.01433626629533,10.245714067078518],[77.0142262542244,10.245604930398777],[77.01410534627409,10.24537089164999],[77.01384103545126,10.244911205446249],[77.01368524293107,10.244631956688302],[77.01364201113029,10.244550895082032],[77.01361670470314,10.244474661084377],[77.01349843223407,10.244120543545066],[77.01340564186553,10.243833622511145],[77.01335362299152,10.243534277270811],[77.01334509962658,10.243511822054806],[77.0132077591379,10.243210709737223],[77.01307138506304,10.24307429814675],[77.01296936801631,10.243009794272824],[77.01280100894701,10.242894957052899],[77.0124842366825,10.242785939596248],[77.01232554269325,10.242640168958687],[77.01224628349131,10.242562848369646],[77.01210867814626,10.242275046414973],[77.01200701177252,10.241983503331541],[77.011796824842,10.241306844120277],[77.01163927227604,10.240898477236772],[77.01153206963227,10.24065579441668],[77.01144639532016,10.240458117989439],[77.0113152915377,10.240286246712106],[77.01124499454504,10.24020903922415],[77.01113524328379,10.240086521851886],[77.01094324424126,10.240029110002649],[77.01093876279545,10.240029012913238],[77.01064368997939,10.239956051587507],[77.01019448900759,10.239946634375181],[77.00980301849437,10.23996509012913],[77.00911945786251,10.239986329590225],[77.00886278112479,10.240007627835139],[77.0086787749403,10.239994841360554],[77.00842763328878,10.23997172390882],[77.00831181621486,10.239920400768952],[77.00828510270108,10.23991086385537],[77.00818000605693,10.23977957378089],[77.00813308160615,10.239662859254691],[77.00812280040384,10.239515715348345],[77.0081193733362,10.239462228725344],[77.0080372994312,10.2393091726813],[77.00786339747258,10.239243194696204],[77.00765794855153,10.239185407112819],[77.00739274493894,10.239184334386369],[77.0071770139386,10.239184169508523],[77.00716805076858,10.239184058983442],[77.00716356918332,10.239183961846427],[77.00689801299268,10.23920062917254],[77.00674519928933,10.239201831008703],[77.00661171781194,10.239141169151551],[77.00646127636584,10.239031164925958],[77.00628517527733,10.238858235221162],[77.0061300760531,10.238757088232692],[77.00595661073694,10.238668850967445],[77.00564570824803,10.238497599604615],[77.00547250586597,10.23840041224033],[77.00530079712149,10.238236538651542],[77.0051074707111,10.238027741911843],[77.00506379647484,10.23796894731211],[77.00492846775569,10.237783596596376],[77.00489823846274,10.237725093655039],[77.00482916801515,10.237594508353274],[77.00466501569956,10.237283883243656],[77.00453478335122,10.23707194134791],[77.00453038954485,10.237067409212269],[77.00452204131233,10.237036002507809],[77.00448856050032,10.236919584310998],[77.00443275912649,10.236798245602074],[77.00436808222643,10.236672194099008],[77.00436817010268,10.236667759132054],[77.00436403991904,10.236649838379048],[77.0042853906505,10.236336554948078],[77.0042623670561,10.236153563849136],[77.00429637518826,10.235824897893348],[77.00430173564234,10.235784916782517],[77.00432431984788,10.235567254911587],[77.00429444190969,10.235286175588385],[77.00426614573792,10.23513873269688],[77.00424892197796,10.235102697639407],[77.00417589672364,10.234945410618968],[77.00402176144576,10.23479967333856],[77.00378247350862,10.234638859645482],[77.00342217862622,10.234466547238245],[77.00328412388916,10.234405705404061],[77.00323060676556,10.23438679703204],[77.00298499010749,10.234314831196972],[77.00272540044116,10.234264911963226],[77.00252706090775,10.23429182808627],[77.00236404788961,10.234350735896344],[77.00223996451835,10.234477204120102],[77.002105072041,10.234688067726902],[77.00198415201211,10.2348769686497],[77.00190066791029,10.234999800000605],[77.00188669530237,10.235021762957075],[77.00166647272884,10.235230774045458],[77.0015568006837,10.23531310531544],[77.00147981928517,10.23534265786279],[77.00133200783293,10.235317262833346],[77.00115835990415,10.235242337462683],[77.00108726612079,10.23520521666805],[77.00100299049429,10.235154499851124],[77.00097240870919,10.235113822357711],[77.00092460268489,10.235037110047312],[77.00090667542092,10.23482300946869],[77.00100545109733,10.23462031953721],[77.00102293895338,10.234433777090594],[77.00102759652266,10.234424920902825],[77.00099341171759,10.23434406953485],[77.00084375421862,10.233989242746778],[77.00077810873957,10.233907791963503],[77.0005769538981,10.23364534923541],[77.00005512733463,10.233251470762044],[76.99999765421468,10.233205773157344],[76.99985634404263,10.233091457562184],[76.99974218850375,10.232964420972575],[76.999614675146,10.232832658442927],[76.99949489507468,10.232554076613859],[76.99952371963674,10.23246572176203],[76.99955271995145,10.232372852110759],[76.99958734456054,10.232222177750062],[76.99961757517562,10.23207149375315],[76.99963233896165,10.231804708869475],[76.99963849053864,10.231724734699633],[76.99962645102339,10.231657675967892],[76.99957741415336,10.231434039102773],[76.99951624985759,10.231143424776668],[76.99934172053403,10.230690138426736],[76.99930639281567,10.230658232011805],[76.99918336088047,10.230531009196847],[76.99902957078622,10.230367459157149],[76.99799644782632,10.230131997258917],[76.99799627206461,10.230140866337287],[76.99798308993535,10.230127271297153],[76.99757321288277,10.230376847124264],[76.99704961578584,10.230695186692376],[76.99659491583867,10.230939267598547],[76.99616183320917,10.231014734906639],[76.9959151476692,10.230991713886375],[76.99540955938849,10.230678307068771],[76.99450480333945,10.230329779447588],[76.99390552508112,10.23040171601882],[76.99350415903467,10.230464475553148],[76.99332478744337,10.230447352829511],[76.99317863587271,10.230346327614898],[76.992957430786,10.22997657787661],[76.99215732766008,10.228731036855523],[76.99198322719407,10.22867837298084],[76.99173143582166,10.228681940206533],[76.99112133393614,10.228633444399428],[76.99073155966548,10.22836700832596],[76.99046333096369,10.228094260260463],[76.9904759865907,10.227925378691339],[76.99062592051605,10.227429954708892],[76.99087780206364,10.226380322559725],[76.99070862138875,10.225682290010674],[76.9897594475238,10.225306039226135],[76.98975935963699,10.225310557126617],[76.98868186254913,10.224637831545621],[76.98677433532782,10.223279782051016],[76.98676528276371,10.223279584077183],[76.98612922858769,10.223186004540345],[76.98612026386502,10.223185810096519],[76.98449790185654,10.222977809435296],[76.98356230268664,10.22218783882947],[76.98343266296709,10.22194917771374],[76.98343275085846,10.22194474380983],[76.98362593596285,10.221530399924248],[76.98375416921816,10.221212649276003],[76.98393056662825,10.22094925538329],[76.98385216781087,10.220627100199458],[76.98370240131983,10.220485923636453],[76.983693260636,10.22049468059201],[76.98348926500398,10.220370153144275],[76.98244757237057,10.220121053043817],[76.9821665810238,10.220230773567966],[76.98200811111055,10.220494551994072],[76.981635183041,10.221323433823656],[76.9810007720248,10.222396119059098],[76.98080890115368,10.222957369171175],[76.98066378926794,10.223430588622264],[76.98048079511096,10.223787323540883],[76.98000476291298,10.223981933738912],[76.97969396983872,10.224015429627796],[76.97824845520185,10.223735415273186],[76.97787032978995,10.223972238488692],[76.97676433698588,10.225239629448298],[76.97601370116591,10.225245969880554],[76.97498372285041,10.225286399210054],[76.97435789118681,10.225339809581737],[76.97346616341149,10.225427683616994],[76.97314111404971,10.225705661325982],[76.97300645300012,10.225903087178343],[76.97252678772627,10.228127591684624],[76.9722915691012,10.228612247686128],[76.97144790753374,10.229382183288479],[76.97040619982886,10.229960908267083],[76.96941485079083,10.230082241623794],[76.96855042441858,10.230776141166722],[76.96799373902981,10.230955660426588],[76.96699103086206,10.2309788107402],[76.96580811118936,10.230610767223986],[76.96542774957678,10.230740646312118],[76.96428780039136,10.23149538535371],[76.96288315526729,10.232226595961748],[76.96169087762021,10.233113678429424],[76.96106576890753,10.233336295218532],[76.95992498780211,10.233717045178725],[76.95887755552292,10.234139751115354],[76.95864811259015,10.23415264756698],[76.95753746204645,10.233968673643467],[76.95676481815701,10.234161356424863],[76.95594381822973,10.23429957921264],[76.95572034775769,10.234241377394726],[76.95470865964039,10.233440720330172],[76.95387094248345,10.23228759423949],[76.95386171165059,10.232296346598586],[76.95320095803125,10.232095177198756],[76.9526663568586,10.232088172939582],[76.95157560848497,10.23222952240789],[76.95059949164767,10.232475732414917],[76.94975515264751,10.232862664260605],[76.9488847846,10.233409377795995],[76.9485117552661,10.233819844345591],[76.9481923540387,10.234449590981413],[76.94805617087795,10.235541748806526],[76.94754168025352,10.236870691974897],[76.9472628943577,10.236878060242388],[76.94490633249458,10.236533576362458],[76.94470385455291,10.236547051143384],[76.94354436955066,10.237158723112739],[76.94353531377831,10.237163044650837],[76.94032900071973,10.238678843071375],[76.93936228981825,10.238902946610208],[76.93859445479137,10.238868605992247],[76.93473392922431,10.236403730275514],[76.93336851184888,10.235955892159115],[76.93287251223923,10.236234575523017],[76.93237352106465,10.236446323767424],[76.9323643765378,10.236450641189151],[76.93097176264831,10.235605926425235],[76.92914247105546,10.23438231476305],[76.92851763562916,10.23418623966192],[76.92687023903295,10.233482908920218],[76.92561658484739,10.23285927958754],[76.92534706994624,10.232853527723309],[76.9248668659089,10.23282088653608],[76.92365988441125,10.23252766875812],[76.92270737540042,10.232515947882414],[76.9215954313644,10.232193600316437],[76.9215596414601,10.232183942477555],[76.92028913706206,10.23253033912608],[76.91912194628202,10.232674225600151],[76.9183136208087,10.232848173074185],[76.91603432887379,10.233693544414528],[76.91402145703813,10.234482328969305],[76.91401248702556,10.234482131830752],[76.91393131717619,10.234493734626449],[76.91337016206955,10.234463726744938],[76.91264050709572,10.234737295228683],[76.91159909013797,10.235288940962995],[76.91068870050808,10.23581225538434],[76.91020325042047,10.236220152068583],[76.90997266095688,10.236482276273518],[76.90984162403608,10.236719817082763],[76.90981154708554,10.23706192750236],[76.90981594430099,10.237066459745304],[76.90996967085421,10.237835568441808],[76.90996958291001,10.237840002047559],[76.91001654510248,10.238562161909925],[76.9098589490598,10.239181988076417],[76.90921880100242,10.240080741873008],[76.90826239828904,10.240852350715878],[76.90726984227825,10.24122254187537],[76.90654789037993,10.241148958474893],[76.9061441266641,10.24091309131929],[76.90567756728811,10.240466704376393],[76.90529209380423,10.240217937205918],[76.90456529314685,10.240157550831093],[76.9030026220052,10.240297143261806],[76.90300244610684,10.240306094234112],[76.90300693151505,10.240306193075435],[76.90376091751698,10.241773881343752],[76.90454576867496,10.243469330413104],[76.9045455927788,10.243478198033518],[76.90470372332257,10.244251805336376],[76.90517890526216,10.24653703727628],[76.90536720098441,10.247369256982761],[76.90545391717988,10.24791869874737],[76.90539595981059,10.248099956185074],[76.90527406455625,10.248324326243678],[76.90512939073895,10.248566021986377],[76.90497134869047,10.24900335234652],[76.90477012401863,10.249564353398332],[76.90477003607072,10.249568871251649],[76.9047286125943,10.25001757035743],[76.90465253759595,10.250407671798563],[76.90455975241865,10.25073957060221],[76.90455034197495,10.250761627264428],[76.9045455927788,10.250770393058225],[76.90443011689727,10.250910376881],[76.90427462444981,10.251031649339318],[76.90398474660194,10.251132207854436],[76.90398026122939,10.251132108854708],[76.90371808652186,10.2513979934731],[76.90338695933127,10.251738018533798],[76.90142198914303,10.251161008392291],[76.90120466372844,10.25184184630861],[76.89986314792368,10.252538246237755],[76.89913587542219,10.25290088645318],[76.89816373870967,10.253160097696835],[76.89733636542412,10.253378065761758],[76.89659315835736,10.253646771087872],[76.89633738854414,10.253828172441366],[76.8964200652269,10.25456009928695],[76.89672684800695,10.256125029993285],[76.89696546607978,10.25731894168596],[76.89696062863726,10.257536959582014],[76.89649957551626,10.258056743893151],[76.89602075392627,10.258362360017195],[76.8955714831873,10.258557392856721],[76.89454557768602,10.258601704142839],[76.89290502584784,10.258392250523274],[76.89177733168289,10.258162855875767],[76.8909963571812,10.257909843858721],[76.89001632788653,10.25670411100595],[76.88925460524267,10.25578814380243],[76.88904473487366,10.256531495642767],[76.8887922918354,10.257572210888291],[76.88658352512792,10.258254077537936],[76.88465153647552,10.258817186096149],[76.88391432229663,10.259019193268271],[76.88304867715874,10.259334185109038],[76.88205468632118,10.260162747092604],[76.88000316945438,10.260242395526335],[76.87895479087194,10.260286230183695],[76.8778602206407,10.260386870489901],[76.87736584433951,10.261587004362362],[76.87712534098846,10.262489966738015],[76.8774994668839,10.262444716267822],[76.87776750324333,10.26252182102493],[76.8783390248389,10.263496081556257],[76.87934272189449,10.265049648418525],[76.87977683373501,10.266141089418023],[76.87987685077532,10.266695346541523],[76.87986268829695,10.26712694997804],[76.87970866024416,10.267782454887994],[76.87937711662694,10.26873686536295],[76.87915887265041,10.269248565263336],[76.8789285768949,10.269497325790661],[76.87788555517359,10.269901857962767],[76.87615153513714,10.270647343377501],[76.87459668466047,10.271223197993796],[76.87340557237414,10.271415142456034],[76.87127016253562,10.271617595841452],[76.87025126854688,10.2705443722667],[76.86966387436536,10.269876957216425],[76.86879443435691,10.269354683167574],[76.86789349345433,10.269236921543223],[76.86698278076841,10.26935490119025],[76.86619232386897,10.269720391027626],[76.86565822375096,10.270282943472237],[76.86549828358598,10.270800354268392],[76.86550752105988,10.271388252632743],[76.86581658014599,10.272441386649332],[76.86580558318069,10.272730598482376],[76.86561203643086,10.27293998354177],[76.86539922263191,10.273006553455804],[76.86445057361215,10.273012341868405],[76.86285167488388,10.272941503243198],[76.86146108949168,10.273008736137054],[76.86056968488376,10.273064756374831],[76.86002315531162,10.273177358059241],[76.85954472000395,10.273460647964589],[76.85902651564238,10.27411261029373],[76.85855810630001,10.274952688864772],[76.85825228436715,10.275155206161662],[76.85768806027227,10.275258534788405],[76.85737150241765,10.275340608848735],[76.85694742975859,10.275602843299499],[76.85621788061214,10.276259041321623],[76.85486109428166,10.27701706582899],[76.85460682166485,10.27712723099913],[76.85404829990951,10.27717275014932],[76.85286455627461,10.277035280568152],[76.85247680606498,10.277084616536076],[76.85073970189025,10.278159226891681],[76.84998178434199,10.278672300924885],[76.84839484095393,10.28006198952024],[76.84763110180155,10.28083317217251],[76.84715948172392,10.281014135679996],[76.84530298815379,10.281200064815845],[76.8441659721926,10.280382286869012],[76.84383371729966,10.280165657109658],[76.84331245544458,10.280154059824856],[76.84271701404224,10.280243257376295],[76.84239830608982,10.280418762892092],[76.84181429935765,10.281193862302114],[76.84083159204896,10.282699254740123],[76.84038872006411,10.283197017842355],[76.84022883523342,10.283309285508727],[76.83755651939158,10.283583829817037],[76.83602511892072,10.283705575265254],[76.83477326880652,10.280422959481127],[76.83436935833465,10.279202861824528],[76.83363897222516,10.277708366129078],[76.8331394032497,10.276940329727978],[76.83246629753356,10.276092744168764],[76.83175746020387,10.275631645057022],[76.8307436969871,10.275333031233721],[76.82971522926238,10.275287861831409],[76.82878091522441,10.275449611063669],[76.82819684437655,10.275828380281768],[76.82790890004546,10.276236060572277],[76.82775366327694,10.276735691817196],[76.82770394170856,10.277340142944078],[76.82761400282104,10.278526922550832],[76.82746686195655,10.279262785286974],[76.82724949445132,10.279925846230798],[76.8268817288867,10.280478642985711],[76.82621844566876,10.280980356072842],[76.82540713556004,10.281269483550025],[76.82340061855112,10.281919285094924],[76.81942973147743,10.282752219663598],[76.8182403768237,10.283055079744042],[76.8171818820963,10.283534562617922],[76.81536586541095,10.284504644654897],[76.81484272376602,10.284773438127147],[76.81371326189992,10.28520677630922],[76.81255562545479,10.285497011412799],[76.81111941254217,10.285780963263884],[76.8102201647765,10.285978993391188],[76.80975517975281,10.286062008555543],[76.80942028032051,10.285961046324706],[76.80799846596867,10.285221121595004],[76.8069932226839,10.284944758560872],[76.80467341305248,10.285133166907308],[76.80415559564617,10.285170453160314],[76.80390685240398,10.285035774890302],[76.80311572940545,10.284047345780332],[76.80224344622061,10.282874472047688],[76.80143558859612,10.282224083460099],[76.80061461046147,10.281555493202097],[76.80011165195558,10.280943129879475],[76.79979213053416,10.280174550679604],[76.79929770692932,10.279384207315868],[76.79872203588452,10.278413943579984],[76.7981732094079,10.277840578466112],[76.79728319873668,10.277442055191774],[76.79662996858373,10.277302706762267],[76.79586582315929,10.277298863683352],[76.795328515474,10.277398051987907],[76.79514480571292,10.277567566298837],[76.79459974861432,10.279376396168404],[76.79427906872037,10.280028070599748],[76.79409262858958,10.280117429994677],[76.79339800901022,10.280217498362262],[76.7928850742891,10.280232699399372],[76.79217363465224,10.279891577464484],[76.79063199212759,10.278895072776217],[76.78894552095818,10.277939750283586],[76.78748394699312,10.277568390750465],[76.786309516819,10.277417169898195],[76.78548835107182,10.27734966387127],[76.78415447341422,10.277484225551403],[76.78333241315141,10.277652692552198],[76.78240585019967,10.277475843796225],[76.78139784754268,10.276932113563703],[76.78010988121905,10.276439884686365],[76.7789203273209,10.276363955853984],[76.77769827603241,10.27652336048262],[76.77644355032406,10.276735327243996],[76.77584734870926,10.276659497279207],[76.77513554787112,10.27652757744309],[76.7745273665291,10.276193227994542],[76.77429062577129,10.275738159704064],[76.77416481579232,10.275151962851089],[76.77427020036693,10.273511427752165],[76.77440851198378,10.271221564306641],[76.77390852929237,10.271072194827207],[76.77258394847236,10.27061022191139],[76.77092303019683,10.269922502611307],[76.76933102835238,10.269169488552997],[76.76844627086412,10.268940127822264],[76.76770801435532,10.268981250263268],[76.76613631029133,10.269297299415596],[76.76483718086196,10.269485876391595],[76.7620131236926,10.269524042699357],[76.76113368551341,10.26945058219047],[76.75995689458884,10.269405947819848],[76.75941133179788,10.269473667723462],[76.7589443084378,10.269645581008815],[76.75828233682346,10.27008024375828],[76.75755934148306,10.27062472359492],[76.75681115886536,10.271288871700857],[76.75542114926562,10.272677562417599],[76.75402381570248,10.273803266702195],[76.75346572324531,10.274218021746968],[76.75258622507184,10.275110718152016],[76.75216126709563,10.275791152456016],[76.7520363154399,10.277876486729932],[76.75104497505788,10.278165513607208],[76.74999964753603,10.27807039890592],[76.74713395602592,10.277764486055343],[76.7468807843605,10.277634057130536],[76.74634317813859,10.276780228690294],[76.74605618969726,10.276555483487394],[76.74436312946295,10.276089273059597],[76.74269003663304,10.275734802161768],[76.74220577869681,10.275487755001578],[76.7409186421396,10.274389671465475],[76.7404580666713,10.274281140348762],[76.73947385614642,10.274458996989425],[76.73889861428319,10.274450188369256],[76.7386299264661,10.27421256252217],[76.73756300735421,10.273119505172405],[76.73677824579597,10.272460343244788],[76.73534926439899,10.271857576249966],[76.73285066555846,10.271239192014804],[76.73058611058016,10.270608387652961],[76.72875976435226,10.270272510350853],[76.72595770646485,10.270136801227757],[76.72391550727765,10.269996280280695],[76.72297582205397,10.26980990556859],[76.72112558433007,10.269535698663072],[76.71984554247913,10.269292458263575],[76.71782799465119,10.269250432720218],[76.71492598441304,10.269352628885786],[76.71306223973119,10.269460897728338],[76.7086857357866,10.269560111650952],[76.70616502606653,10.26969316577969],[76.70457872191189,10.266811344271291],[76.70163253713707,10.266119726227876],[76.69874979900085,10.265407212277285],[76.69733201456832,10.26471986120351],[76.6956738895782,10.26392890683365],[76.69530758743367,10.264022761400188],[76.6931796134907,10.264850456959353],[76.69190906689697,10.265159282407497],[76.69083796381763,10.265397040516314],[76.68928679524076,10.265975393440538],[76.68764768264126,10.26665845950566],[76.6860494282826,10.267324715531691],[76.68388182796102,10.268115700469464],[76.68300228422052,10.268237686016331],[76.68100238533741,10.268587301335472],[76.67473499676282,10.270119502597437],[76.67201051160609,10.27087953439667],[76.669823021561,10.27136260071313],[76.66920472672602,10.27165088222937],[76.668402269462,10.272308842535429],[76.66704979101247,10.272842668424957],[76.6655133107583,10.273741654265848],[76.66347004603286,10.275523783989644],[76.66197493838358,10.276944680615367],[76.66191607482334,10.279966609199008],[76.66031705514781,10.280089427324135],[76.65818311763971,10.280021491138646],[76.65240405217119,10.280281902658132],[76.6499874455355,10.28037636920157],[76.64775789083245,10.28035500433604],[76.64585825715973,10.280265697580937],[76.64560972956896,10.279943688550507],[76.6430748966596,10.276357430463355],[76.6420096383655,10.275223581159725],[76.6411089166064,10.27454329115901],[76.63943119516138,10.274013879782622],[76.63783594675209,10.273611080244832],[76.63713879047761,10.273438761921703],[76.63560661970511,10.27302854743782],[76.63428023355493,10.272845724658175],[76.63257148514788,10.272676157160035],[76.63069189711803,10.272689567481507],[76.62822534196268,10.272622169371994],[76.62710962962552,10.272653612823492],[76.62636772575578,10.273032331409322],[76.62492868260473,10.273977722839517],[76.62406803430972,10.274242284302705],[76.62327631031553,10.274076535198741],[76.62129380552219,10.273513002693328],[76.62081225608854,10.275576475352949],[76.62020765026237,10.277521217538736],[76.61938778290744,10.279256091102946],[76.61875954639503,10.280318678194497],[76.61084431238518,10.28022825928734],[76.60895982005597,10.280254666611482],[76.60333138996448,10.280231607415137],[76.60320029647055,10.280629270286953],[76.60277871580949,10.281509725317658],[76.6020394916585,10.282324767255627],[76.60081608172784,10.283635755595949],[76.59961434800418,10.284608926198487],[76.59742825864737,10.2861240438671],[76.59467469917155,10.288044158440343],[76.59404131568556,10.288572177313368],[76.59325883941503,10.289497458019813],[76.59250924470393,10.290178598208932],[76.59109935642877,10.291387214786614],[76.59034922006335,10.292090591239928],[76.59004397996013,10.292439557672004],[76.58993006578949,10.293051275273816],[76.58983501967795,10.29657134548284],[76.58990238075128,10.29841646617986],[76.58984480643294,10.29893166566755],[76.5889559720567,10.298687677098098],[76.58740444269333,10.298142819597363],[76.58636869799403,10.298020039495176],[76.58562047370646,10.298095604752758],[76.5848686299823,10.298500574773808],[76.58404553812223,10.299242240128102],[76.58280105904223,10.30029896513087],[76.58176695245541,10.301026667782317],[76.58107601506372,10.301148054090833],[76.5797309866503,10.301169171048837],[76.57884781360544,10.301424081008443],[76.57816435553046,10.301973168676014],[76.57741908139542,10.302476225351812],[76.5765181686299,10.302539152805036],[76.57602825001808,10.302344840818998],[76.5753950389041,10.301763983471915],[76.574470567993,10.30058835856457],[76.57307970465672,10.299548486683504],[76.57115612103037,10.297858971745079],[76.56883700662472,10.295986197893512],[76.56708355584668,10.294514450898735],[76.56625567607874,10.293621737969985],[76.56611854805634,10.293164208555295],[76.56624156644975,10.29255268042968],[76.56670718338819,10.291904833507667],[76.56831575346476,10.290304972277797],[76.57099360184878,10.288192132680686],[76.57281472201007,10.286722010838089],[76.57347792713287,10.285896458145302],[76.57376574703729,10.285346759334585],[76.57376609975736,10.284963811903033],[76.57339918217524,10.284527561724197],[76.57255538239092,10.284284589760757],[76.57136290721198,10.284140031123497],[76.57001654242222,10.2842233708929],[76.56868921115425,10.284627703184192],[76.56715278074533,10.285124995877721],[76.565767658386,10.285136068850008],[76.56431144278572,10.284931718041245],[76.56265855238578,10.284678027148892],[76.56074080955428,10.284591590381856],[76.55977963448066,10.284368011951743],[76.55847115843436,10.283824221793836],[76.55650449486548,10.283353615587997],[76.55543331200569,10.283033802950689],[76.55416042191376,10.28286941609193],[76.55302942385279,10.282971092102816],[76.55218743061697,10.283565210966705],[76.55167369473874,10.284158308278311],[76.55003034352457,10.286068852138287],[76.54839094021845,10.287814666785494],[76.54687772810186,10.289002461268245],[76.54568439738837,10.289441073619527],[76.5444403405555,10.2895622057591],[76.54211827480026,10.289461292166193],[76.54050240916595,10.28916375185614],[76.53934994589736,10.288677040115001],[76.53698289198783,10.288214199238112],[76.53444837792097,10.287974374963655],[76.53310550808001,10.28773239115526],[76.53058370823985,10.286985089970605],[76.52844778312706,10.286269504711798],[76.52707724050238,10.285514692671084],[76.52544751345582,10.284513066507667],[76.52459801835,10.284323130425113],[76.52331432625832,10.28441197671857],[76.52181537553646,10.284660319680953],[76.5208114781493,10.285072132341817],[76.5197806667869,10.285661412683679],[76.51874675958524,10.286370856685041],[76.5179011020357,10.286924595441125],[76.51674729016335,10.287577616882594],[76.51596496121756,10.287754382708039],[76.51482851148396,10.287891293925753],[76.51329452670348,10.287920511677477],[76.5122448641108,10.288001673054072],[76.51209991507726,10.288042578419569],[76.51034242821045,10.288560530088182],[76.5089779575658,10.288820981727588],[76.50698821845316,10.289092703927675],[76.50612042747753,10.289093669810761],[76.50442911826981,10.28876267489468],[76.50248845270406,10.288332066141676],[76.50106019744746,10.287731420044596],[76.50019721942873,10.287540928149685],[76.50000134794034,10.287460473418061],[76.49912327536002,10.287692622010853],[76.49846789335567,10.287649830183568],[76.49791194541497,10.287765235312968],[76.49745340347677,10.287940963216387],[76.49682289463468,10.288517655149734],[76.49590774256522,10.289866662652116],[76.49516358117536,10.291206502100447],[76.4947249704168,10.29184132663906],[76.49424074100489,10.292323731406936],[76.49233036422491,10.293550173877763],[76.4914536514828,10.29408074914932],[76.49068378763317,10.294297775042644],[76.48982303473491,10.29437443224803],[76.48918057669827,10.29435415020327],[76.48841422889853,10.29425066576849],[76.48699005413181,10.293667734151565],[76.48572760808422,10.29291069694804],[76.48423201674477,10.292303758817823],[76.48301595919503,10.292028770069543],[76.48202437986087,10.292120038586896],[76.48008893850466,10.292731202138803],[76.47883083763003,10.29305185565221],[76.47828460080102,10.293136337790736],[76.47768850290215,10.293059187867454],[76.47639993375111,10.292626520986872],[76.47514003222582,10.292127728882404],[76.47383467065232,10.291828191196704],[76.47315268638278,10.291766728012169],[76.4724247207086,10.291748739939127],[76.47185480607938,10.29188156053558],[76.4713741979031,10.292038818179535],[76.47082069322785,10.292234397245387],[76.47005573741893,10.292611748305708],[76.46873788133763,10.293336017068341],[76.46750544040204,10.294062471881062],[76.46600699184148,10.294639725233667],[76.46356366912732,10.295238033481581],[76.46073470573558,10.296147387417472],[76.45919019677164,10.296585460456303],[76.4583104362824,10.296701609943709],[76.45725423925512,10.296857878397436],[76.45604499038551,10.29684111390459],[76.45264789514304,10.29639571319495],[76.45164655202052,10.296339562216353],[76.45072234389156,10.296432305695793],[76.44984084924349,10.296615103081981],[76.44904787850808,10.296853593852983],[76.44772566146807,10.296860697815491],[76.44675588001418,10.29662720017248],[76.44609361408745,10.296321170108131],[76.44549480910972,10.295820848760686],[76.44503378742733,10.29520810025113],[76.44441891278218,10.294279858529555],[76.44399345949532,10.293685861954287],[76.44354973319011,10.293452175818246],[76.44282283792427,10.293389409178975],[76.44042330454175,10.294384792564033],[76.43960785566883,10.29462263150659],[76.43834000705056,10.294613189597897],[76.43732875588928,10.29441865620242],[76.4368717659566,10.294353771558782],[76.43622913495321,10.293985845806574],[76.43373935135321,10.291647923944597],[76.43358998931211,10.29151061304266],[76.43134344711137,10.290038172727014],[76.43048053654321,10.289669205390318],[76.42970757570669,10.289476173129207],[76.4284978951907,10.28948139034995],[76.4278132903373,10.289526527488757],[76.42748594996186,10.289665269517002],[76.42671773856223,10.290167006717194],[76.42548181096677,10.291022066716401],[76.42350995260975,10.291992242368607],[76.42146337659506,10.292541977208424],[76.41915235461532,10.293058215882478],[76.4154142165372,10.294340107500746],[76.41598967479253,10.292769327388584],[76.41716150764168,10.288813327055951],[76.41279831285748,10.288351563559608],[76.41209676256554,10.288529832021572],[76.41163014919948,10.28761854677478],[76.41202807294434,10.285958745251323],[76.4134199577962,10.281135666499603],[76.4106817314477,10.280091429239933],[76.40821847963677,10.279018484518685],[76.40816497431705,10.278999322483575],[76.40775564906988,10.278833107614846],[76.40622287536965,10.27794391461225],[76.4049864013283,10.2772491731586],[76.40135496408053,10.27597289758339],[76.39909047443014,10.270861680494876],[76.39702665205883,10.267563480509107],[76.3936365903353,10.266876423805064],[76.3928861061624,10.266692661898954],[76.39252874385579,10.266603420787876],[76.39005490822574,10.264042756240924],[76.38997561049385,10.26380473146534],[76.38984889297225,10.263663506577721],[76.39014215333655,10.263274688173285],[76.39138512496564,10.255371837993014],[76.38983026062952,10.255002879983113],[76.3829516551986,10.254681212642197],[76.38074301447772,10.254736346610551],[76.37783154375751,10.254849224472158],[76.37746734045325,10.250004591773283],[76.37752483236086,10.249694440476713],[76.37801126058442,10.248446756480451],[76.37937577577746,10.245062149731266],[76.37743802045384,10.244554231509495],[76.37583618478776,10.244099337703839],[76.37532157615495,10.243836899265661],[76.3748626039663,10.243509127027187],[76.37451331772962,10.242765636983078],[76.37415802511627,10.242079815332808],[76.37372589686625,10.241757118498667],[76.37217894913599,10.24109438894507],[76.36906777704962,10.240253658788104],[76.36642895950203,10.239576281870615],[76.3625554245605,10.238328647488332],[76.35798302856772,10.236991686883567],[76.3576752111045,10.236903665669237],[76.35437511552753,10.235906404096609],[76.3504832075084,10.234680212829273],[76.3461773399866,10.233305258136308],[76.34207141559351,10.231846304073056],[76.33929637071063,10.231058081676606],[76.33995140103247,10.230763317311267],[76.34087921524059,10.230689266686012],[76.34093875484305,10.230477069039614],[76.34085386231567,10.230114277709951],[76.3406057214111,10.22929321666117],[76.34059927274487,10.228509498993096],[76.34084016996745,10.227549561504146],[76.34095421393428,10.22628815530092],[76.34072727429394,10.226371340401677],[76.3403003369682,10.226369253404547],[76.34000440401863,10.22634382134877],[76.33970855874624,10.226313964802143],[76.33928647676859,10.226298631603427],[76.33875449961816,10.226186980669143],[76.33841483524185,10.226115912113853],[76.33812517018698,10.226019480082847],[76.3380167775196,10.225869757728171],[76.3376385950735,10.225379159041616],[76.33751359409766,10.22517559818432],[76.33754336465879,10.224900412366477],[76.33756854153759,10.224625032302411],[76.33769071558689,10.224249759193663],[76.33771518571915,10.223831908732947],[76.33761854192136,10.223575670620857],[76.3373953068465,10.223004531626389],[76.33726438685318,10.222685019678043],[76.33674485758796,10.221589866927085],[76.33674512260936,10.221407340580662],[76.33682356892028,10.221160047704704],[76.33689035425651,10.221010420754924],[76.33686791580074,10.220840632432322],[76.33676809112863,10.220704484309309],[76.33651155021032,10.220034546386549],[76.33688311034601,10.219745899532928],[76.33675227818694,10.219252810844626],[76.3364443229798,10.218314467108797],[76.33623716395381,10.217645810722486],[76.33631817244732,10.216784223382536],[76.33629281864933,10.216382924821554],[76.33604051717572,10.215891135531097],[76.33566754121804,10.215204855503046],[76.33518855444783,10.213425141469614],[76.33333213307498,10.213266016913716],[76.33253271719435,10.212733494215803],[76.33198657794617,10.210943148795886],[76.33158099168139,10.210131411845872],[76.33124360586447,10.209459396260863],[76.33047668822266,10.208887606842497],[76.3294910233594,10.208603980018651],[76.32897605759834,10.208532767771217],[76.32811062084266,10.208630609512213],[76.32786510646775,10.20857082825405],[76.32640455600084,10.208230462303996],[76.324960245546,10.20761440057806],[76.3246736432903,10.207575844467412],[76.32322904894694,10.207480626386378],[76.32199966036015,10.207408735751079],[76.32076018836102,10.207207536968767],[76.31911437360043,10.207075864627862],[76.31388982799784,10.206833730183401],[76.31366169342502,10.206796646841676],[76.31073125146308,10.205451971145477],[76.31068936986689,10.204827650522844],[76.31064068470369,10.202418057638532],[76.31066303923637,10.199022094292362],[76.31080441168807,10.197926245963274],[76.31139499347921,10.196152084793368],[76.31173914488397,10.193841817436951],[76.31176043894676,10.189635815456468],[76.31182538139933,10.18633015591872],[76.31213507252247,10.18566159333199],[76.3119780623057,10.182421487937352],[76.31196913825292,10.18242127674863],[76.31064236350271,10.182809747702324],[76.30702609288875,10.183971095353344],[76.30456232134081,10.184708260408302],[76.30242226770915,10.185266922787466],[76.30190737374603,10.1853648139822],[76.30141562915375,10.185271895953056],[76.30063431262623,10.184913284000558],[76.30007328529737,10.184382334765354],[76.29966079748111,10.183841911006434],[76.2995915191964,10.183403886262479],[76.29990327119371,10.182659743921038],[76.29986023744387,10.181741672794304],[76.29923284443937,10.179984963117226],[76.29871351985288,10.178898699408933],[76.29790196619709,10.177141596792493],[76.29740790927958,10.176625739322796],[76.2964379936065,10.176097556316547],[76.29524679742124,10.175950786231954],[76.29394866422857,10.17610837085242],[76.29335199590754,10.176244107192657],[76.2925135451504,10.176516018713565],[76.29068144826591,10.17732282099915],[76.28947482391854,10.177923476892184],[76.28852605991534,10.17812123323957],[76.2870872591502,10.178159352984252],[76.28630886332215,10.178032145873054],[76.28599902375522,10.177859373430092],[76.28547858710724,10.177325027917039],[76.28500799185437,10.176774101980875],[76.28425892451254,10.176051326895564],[76.28392893055732,10.175788963374988],[76.28347432587165,10.175652461185503],[76.28302201741764,10.175596114734748],[76.28248990345787,10.175502069838036],[76.28174656648704,10.175237858007707],[76.28022019840076,10.174686045712477],[76.27976628810976,10.174691988098619],[76.27925254393463,10.174749734619388],[76.278454570609,10.175022643292639],[76.27783945002724,10.175175673246738],[76.276870364225,10.175292718336983],[76.2759056020545,10.175414367616524],[76.27512563853703,10.175514059442786],[76.2745257042935,10.175436072522377],[76.27434354930014,10.175360051003624],[76.27403244461301,10.175231721679234],[76.27378585828106,10.175381025883366],[76.27347811082984,10.17580028897926],[76.2735058629266,10.176108168317112],[76.27375227301066,10.176470665972126],[76.27387450567788,10.1766029970311],[76.27418039619376,10.176927035361098],[76.2742679827453,10.177347738516714],[76.27424915738638,10.177716673529494],[76.27410350381561,10.178460645411908],[76.27406523437413,10.179051654990214],[76.27396987006003,10.179258395084071],[76.2737794947568,10.179320180889432],[76.2734937545284,10.179419488584866],[76.27338681169378,10.179554693557268],[76.27343126810568,10.179742831351438],[76.27352504192005,10.179932230357394],[76.27361890405099,10.18011712556072],[76.2723522016366,10.180609191006512],[76.2720571780973,10.18072162671806],[76.27164495717825,10.18118271508581],[76.27152793711448,10.181695922847062],[76.2715691239462,10.182173281214443],[76.27165176272261,10.182442524365504],[76.27173466659885,10.182702930384133],[76.27181765880724,10.182958832886259],[76.271816863355,10.1834929374804],[76.27159943956742,10.184065923622953],[76.27117104296406,10.184793575987307],[76.27071692515628,10.185311336931601],[76.27051567393342,10.185444039127166],[76.2699946466327,10.185773196192159],[76.26930197326703,10.18596865276337],[76.2687282634151,10.186082674311685],[76.26827228120551,10.18599507158796],[76.26761000382957,10.185723956731808],[76.26715914423335,10.185614197164849],[76.26691095425984,10.185652145818981],[76.26647697424644,10.185921212144615],[76.26375718678972,10.187986421958932],[76.26127113725785,10.189875220956399],[76.26154161206894,10.190180532277108],[76.26170946527978,10.190621237449525],[76.26164564749614,10.191158114330555],[76.26134158450802,10.191942500420714],[76.26103796278267,10.192709043331341],[76.2615693666428,10.19333732056889],[76.26184558621249,10.19392776867707],[76.26186114288168,10.194520229331399],[76.26166261843326,10.195053647151358],[76.26125124938251,10.195648220229454],[76.26025216711386,10.197046445679922],[76.25966241957295,10.197925659841557],[76.25959692137192,10.19819105830719],[76.25978546064128,10.198365165919896],[76.26000970976877,10.19837998124773],[76.26033737622599,10.19822828552092],[76.26085331447375,10.198090538945353],[76.26146648023179,10.198182290606532],[76.2620636445869,10.198202470920023],[76.26274672097288,10.198198171405544],[76.263509520839,10.198409600173047],[76.26395827140539,10.1987686352065],[76.26414821874938,10.199227700610292],[76.26408731895557,10.19982262345834],[76.26382082678867,10.200545646882162],[76.2636554511174,10.20067929795205],[76.26322384705313,10.200685791539755],[76.26260635825273,10.200589425234252],[76.26196906722453,10.200724008125436],[76.26147894328064,10.201071688662326],[76.2609047579248,10.201706532382346],[76.26027117122551,10.202206246724188],[76.25984026337956,10.20235521411173],[76.25953115796375,10.202320328243239],[76.25919668335561,10.20205782552425],[76.25880749316542,10.201655802100978],[76.2584543659522,10.20108122354016],[76.25616834192697,10.201203541363213],[76.25627750837255,10.202159077034496],[76.25586550401785,10.202272854441667],[76.25535449664159,10.202392930515666],[76.25479761041038,10.202547454620623],[76.25428217920245,10.20266291419928],[76.25395511669764,10.202627590966504],[76.25366544472601,10.202535412972663],[76.25320994157661,10.202096074539904],[76.25275965225283,10.201794815892722],[76.25248765696753,10.201716418306548],[76.25222644550603,10.201736256023112],[76.25172550149195,10.201816591460954],[76.25146481892709,10.201818582520435],[76.25113244571162,10.201645094146036],[76.25090526460876,10.20156785568841],[76.25065907764818,10.201534727877332],[76.25049324373514,10.201516967184597],[76.25038398417924,10.20140275946229],[76.25000184022629,10.200907525830747],[76.24995401690681,10.200848374890718],[76.24974981732855,10.200753915317467],[76.24952404825531,10.200792546400299],[76.24912148178355,10.200893188153866],[76.2483595723659,10.201149082601782],[76.2476671406645,10.201500284834474],[76.24672921841102,10.201787156452752],[76.24615585384818,10.20188334456375],[76.24558124922169,10.202531386840626],[76.24498038695108,10.202983011111494],[76.24459698997774,10.203369019199544],[76.24453351765003,10.203723510153093],[76.24462660449365,10.204438213611926],[76.24446553680889,10.204914792208353],[76.24420713857698,10.20516611394928],[76.2440085879724,10.205361207567275],[76.24343574219485,10.205439539771154],[76.24297932026685,10.205369621636047],[76.24268776812393,10.205179407299033],[76.2423498921677,10.204542758790296],[76.24213410019738,10.203713524547231],[76.2417437996237,10.203356032209253],[76.2410513337741,10.203368887609924],[76.2402115826379,10.203515809418597],[76.23937492042303,10.203711788512193],[76.23832068678239,10.204142448186913],[76.23726980430662,10.204453012329983],[76.23645496026987,10.204173237082507],[76.23594264123717,10.203839169374474],[76.23563577932427,10.20322114750204],[76.2352285739864,10.202658376600665],[76.23445562307278,10.202490942443387],[76.23361715682205,10.202588971330218],[76.2333353093366,10.203039985103224],[76.2331189724246,10.203897908073898],[76.23271184786758,10.204163143384642],[76.23211543689753,10.204280856289412],[76.23019781535339,10.20456838429586],[76.22842640030105,10.204930944026295],[76.22629538429878,10.20529732263955],[76.22538109620248,10.205371039021204],[76.22255994644672,10.206164169905282],[76.21973254828943,10.207019450973078],[76.21766770905474,10.20493902058633],[76.21574183529815,10.203209488623557],[76.21423169263004,10.202056389898646],[76.21348780033198,10.201319866570337],[76.21327205046013,10.201318569890242],[76.21158963171987,10.200886452732666],[76.21231876789507,10.19786540211372],[76.21232336587929,10.197861090698966],[76.21371805104359,10.19415892151786],[76.2114642474882,10.194085540269926],[76.20942855008043,10.19425386956318],[76.20744384372686,10.194530379412805],[76.20516738626704,10.194629945257605],[76.20413764450069,10.194655854297064],[76.20382964893558,10.194580824009742],[76.20310656844178,10.194401306460385],[76.2021693081618,10.194002351806283],[76.20094199051312,10.193528801682627],[76.20012816460816,10.19321776989461],[76.19917080971815,10.192893920360111],[76.19806364410977,10.19262835282649],[76.1969081850799,10.192486176344149],[76.19544823881863,10.192304673521797],[76.19367389073534,10.192119226001179],[76.1919243699053,10.192174727022842],[76.19060374657468,10.19215717778405],[76.1890914653435,10.191920824053671],[76.18751151135545,10.191526734057113],[76.18522808483513,10.190895770828012],[76.1832727392359,10.190099903470399],[76.18211087433569,10.18953449859727],[76.18034121561512,10.18868574880205],[76.17933224595527,10.188119974132116],[76.17832335721981,10.187549783756225],[76.17668720266286,10.186749087297875],[76.17515123894388,10.186231445088394],[76.17490517887373,10.186189274174536],[76.17284734915529,10.185857839913998],[76.17079019578054,10.18533956463859],[76.16910450610794,10.184871252493044],[76.16866906087814,10.183875741497731],[76.16784672630943,10.182406924591627],[76.166694812675,10.181320919446748],[76.16483596803393,10.179801830065298],[76.16583858856782,10.177977172494]]]},"id":"00000000000000000000","properties":{"DISTRICT_L":"555","District":"ERN>KULAM","REMARKS":"","STATE":"KERALA","Shape_Area":3.11507128548E9,"Shape_Leng":414199.277363,"State_LGD":32}}]}