{"type":"FeatureCollection","features":[{"type":"Feature","geometry":{"geodesic":false,"type":"Polygon","coordinates":[[[76.16604436176524,10.179262645132042],[76.16685284552094,10.179262645132042],[76.16685284552094,10.180879612643466],[76.16604436176524,10.180879612643466],[76.16604436176524,10.179262645132042]]]},"id":"+316848+92543","properties":{"count":2,"label":1}},{"type":"Feature","geometry":{"geodesic":false,"type":"Polygon","coordinates":[[[76.17736313434514,10.186538998933415],[76.17817161810083,10.186538998933415],[76.17817161810083,10.18734748268912],[76.17736313434514,10.18734748268912],[76.17736313434514,10.186538998933415]]]},"id":"+316862+92534","properties":{"count":1,"label":1}},{"type":"Feature","geometry":{"geodesic":false,"type":"Polygon","coordinates":[[[76.19757522823781,10.192198385223364],[76.19919219574925,10.192198385223364],[76.19919219574925,10.193006868979069],[76.19757522823781,10.193006868979069],[76.19757522823781,10.192198385223364]]]},"id":"+316888+92527","properties":{"count":2,"label":1}},{"type":"Feature","geometry":{"geodesic":false,"type":"Polygon","coordinates":[[[76.20080916326069,10.193006868979069],[76.20161764701638,10.193006868979069],[76.20161764701638,10.193815352734788],[76.20080916326069,10.193815352734788],[76.20080916326069,10.193006868979069]]]},"id":"+316891+92526","properties":{"count":1,"label":1}},{"type":"Feature","geometry":{"geodesic":false,"type":"Polygon","coordinates":[[[76.20242613077207,10.193815352734788],[76.2048515820392,10.193815352734788],[76.2048515820392,10.194623836490493],[76.20242613077207,10.194623836490493],[76.20242613077207,10.193815352734788]]]},"id":"+316895+92525","properties":{"count":3,"label":1}},{"type":"Feature","geometry":{"geodesic":false,"type":"MultiPolygon","coordinates":[[[[76.21293641959996,10.195432320245386],[76.21374490335566,10.195432320245386],[76.21374490335566,10.199474739023925],[76.21293641959996,10.199474739023925],[76.21293641959996,10.195432320245386]]],[[[76.22102125715703,10.205942609069584],[76.22182974091274,10.205942609069584],[76.22182974091274,10.206751092825293],[76.22102125715703,10.206751092825293],[76.22102125715703,10.205942609069584]]],[[[76.22425519217985,10.205134125313878],[76.22506367593556,10.205134125313878],[76.22506367593556,10.205942609069584],[76.22425519217985,10.205942609069584],[76.22425519217985,10.205134125313878]]],[[[76.21374490335566,10.199474739023925],[76.21455338711137,10.199474739023925],[76.21455338711137,10.20109170653534],[76.21374490335566,10.20109170653534],[76.21374490335566,10.199474739023925]]],[[[76.21455338711137,10.20109170653534],[76.2169788383785,10.20109170653534],[76.2169788383785,10.201900190291047],[76.21455338711137,10.201900190291047],[76.21455338711137,10.20109170653534]]],[[[76.2169788383785,10.201900190291047],[76.22102125715703,10.201900190291047],[76.22102125715703,10.202708674046754],[76.2169788383785,10.202708674046754],[76.2169788383785,10.201900190291047]]],[[[76.22102125715703,10.202708674046754],[76.22182974091274,10.202708674046754],[76.22182974091274,10.203517157802462],[76.22102125715703,10.203517157802462],[76.22102125715703,10.202708674046754]]],[[[76.22182974091274,10.203517157802462],[76.22263822466844,10.203517157802462],[76.22263822466844,10.20432564155817],[76.22182974091274,10.20432564155817],[76.22182974091274,10.203517157802462]]],[[[76.22182974091274,10.205134125313878],[76.22263822466844,10.205134125313878],[76.22263822466844,10.205942609069584],[76.22182974091274,10.205942609069584],[76.22182974091274,10.205134125313878]]],[[[76.22263822466844,10.20432564155817],[76.22425519217985,10.20432564155817],[76.22425519217985,10.205134125313878],[76.22263822466844,10.205134125313878],[76.22263822466844,10.20432564155817]]]]},"id":"+316906+92523","properties":{"count":22,"label":1}},{"type":"Feature","geometry":{"geodesic":false,"type":"MultiPolygon","coordinates":[[[[76.22344670842415,10.088712464491987],[76.22425519217985,10.088712464491987],[76.22425519217985,10.089520948247696],[76.22344670842415,10.089520948247696],[76.22344670842415,10.088712464491987]]],[[[76.2501266723625,10.076585208156374],[76.2509351561182,10.076585208156374],[76.2509351561182,10.077393691912082],[76.2501266723625,10.077393691912082],[76.2501266723625,10.076585208156374]]],[[[76.26387089620953,9.978758673715758],[76.26467937996523,9.978758673715758],[76.26467937996523,9.979567157471466],[76.26387089620953,9.979567157471466],[76.26387089620953,9.978758673715758]]],[[[76.31561385657481,10.079010659423497],[76.31642234033052,10.079010659423497],[76.31642234033052,10.079819143179204],[76.31561385657481,10.079819143179204],[76.31561385657481,10.079010659423497]]],[[[76.22425519217985,10.08790398073628],[76.22506367593556,10.08790398073628],[76.22506367593556,10.088712464491987],[76.22425519217985,10.088712464491987],[76.22425519217985,10.08790398073628]]],[[[76.22506367593556,10.087095496980572],[76.22587215969128,10.087095496980572],[76.22587215969128,10.08790398073628],[76.22506367593556,10.08790398073628],[76.22506367593556,10.087095496980572]]],[[[76.22587215969128,10.086287013224865],[76.22668064344698,10.086287013224865],[76.22668064344698,10.087095496980572],[76.22587215969128,10.087095496980572],[76.22587215969128,10.086287013224865]]],[[[76.22668064344698,10.085478529469157],[76.22829761095839,10.085478529469157],[76.22829761095839,10.086287013224865],[76.22668064344698,10.086287013224865],[76.22668064344698,10.085478529469157]]],[[[76.22829761095839,10.082244594446326],[76.2291060947141,10.082244594446326],[76.2291060947141,10.085478529469157],[76.22829761095839,10.085478529469157],[76.22829761095839,10.082244594446326]]],[[[76.2291060947141,10.08062762693491],[76.22991457846982,10.08062762693491],[76.22991457846982,10.082244594446326],[76.2291060947141,10.082244594446326],[76.2291060947141,10.08062762693491]]],[[[76.22991457846982,10.077393691912082],[76.23072306222552,10.077393691912082],[76.23072306222552,10.08062762693491],[76.22991457846982,10.08062762693491],[76.22991457846982,10.077393691912082]]],[[[76.23072306222552,10.076585208156374],[76.23153154598123,10.076585208156374],[76.23153154598123,10.077393691912082],[76.23072306222552,10.077393691912082],[76.23072306222552,10.076585208156374]]],[[[76.23153154598123,10.073351273133543],[76.23234002973693,10.073351273133543],[76.23234002973693,10.076585208156374],[76.23153154598123,10.076585208156374],[76.23153154598123,10.073351273133543]]],[[[76.23234002973693,10.071734305622128],[76.23314851349264,10.071734305622128],[76.23314851349264,10.073351273133543],[76.23234002973693,10.073351273133543],[76.23234002973693,10.071734305622128]]],[[[76.23314851349264,10.068500370599299],[76.23395699724834,10.068500370599299],[76.23395699724834,10.071734305622128],[76.23314851349264,10.071734305622128],[76.23314851349264,10.068500370599299]]],[[[76.23395699724834,10.06769188684359],[76.23476548100406,10.06769188684359],[76.23476548100406,10.068500370599299],[76.23395699724834,10.068500370599299],[76.23395699724834,10.06769188684359]]],[[[76.23476548100406,10.065266435576468],[76.23557396475977,10.065266435576468],[76.23557396475977,10.06769188684359],[76.23476548100406,10.06769188684359],[76.23476548100406,10.065266435576468]]],[[[76.23557396475977,10.062840984309345],[76.23638244851547,10.062840984309345],[76.23638244851547,10.065266435576468],[76.23557396475977,10.065266435576468],[76.23557396475977,10.062840984309345]]],[[[76.23638244851547,10.062032500553638],[76.23719093227118,10.062032500553638],[76.23719093227118,10.062840984309345],[76.23638244851547,10.062840984309345],[76.23638244851547,10.062032500553638]]],[[[76.23719093227118,10.055564630507977],[76.23799941602688,10.055564630507977],[76.23799941602688,10.058798565530807],[76.23719093227118,10.058798565530807],[76.23719093227118,10.055564630507977]]],[[[76.23719093227118,10.060415533042223],[76.23799941602688,10.060415533042223],[76.23799941602688,10.062032500553638],[76.23719093227118,10.062032500553638],[76.23719093227118,10.060415533042223]]],[[[76.23799941602688,10.053139179240855],[76.2388078997826,10.053139179240855],[76.2388078997826,10.055564630507977],[76.23799941602688,10.055564630507977],[76.23799941602688,10.053139179240855]]],[[[76.23799941602688,10.058798565530807],[76.2388078997826,10.058798565530807],[76.2388078997826,10.060415533042223],[76.23799941602688,10.060415533042223],[76.23799941602688,10.058798565530807]]],[[[76.2388078997826,10.052330695485146],[76.2396163835383,10.052330695485146],[76.2396163835383,10.053139179240855],[76.2388078997826,10.053139179240855],[76.2388078997826,10.052330695485146]]],[[[76.2396163835383,10.05152221172944],[76.24042486729401,10.05152221172944],[76.24042486729401,10.052330695485146],[76.2396163835383,10.052330695485146],[76.2396163835383,10.05152221172944]]],[[[76.24042486729401,10.049905244218024],[76.24123335104971,10.049905244218024],[76.24123335104971,10.05152221172944],[76.24042486729401,10.05152221172944],[76.24042486729401,10.049905244218024]]],[[[76.24204183480542,10.043437374172363],[76.24204183480542,10.045862825439487],[76.24285031856112,10.045862825439487],[76.24285031856112,10.0474797929509],[76.24204183480542,10.0474797929509],[76.24204183480542,10.049905244218024],[76.24123335104971,10.049905244218024],[76.24123335104971,10.043437374172363],[76.24204183480542,10.043437374172363]]],[[[76.24204183480542,10.041820406660948],[76.24285031856112,10.041820406660948],[76.24285031856112,10.043437374172363],[76.24204183480542,10.043437374172363],[76.24204183480542,10.041820406660948]]],[[[76.24285031856112,10.040203439149533],[76.24365880231684,10.040203439149533],[76.24365880231684,10.041820406660948],[76.24285031856112,10.041820406660948],[76.24285031856112,10.040203439149533]]],[[[76.24285031856112,10.0474797929509],[76.24527576982825,10.0474797929509],[76.24527576982825,10.048288276706609],[76.24285031856112,10.048288276706609],[76.24285031856112,10.0474797929509]]],[[[76.24365880231684,10.038586471638117],[76.24446728607255,10.038586471638117],[76.24446728607255,10.040203439149533],[76.24365880231684,10.040203439149533],[76.24365880231684,10.038586471638117]]],[[[76.24446728607255,10.023225280279675],[76.24527576982825,10.023225280279675],[76.24527576982825,10.02484224779109],[76.24446728607255,10.02484224779109],[76.24446728607255,10.023225280279675]]],[[[76.24527576982825,10.032118601592458],[76.24527576982825,10.03777798788241],[76.24770122109538,10.03777798788241],[76.24770122109538,10.038586471638117],[76.24446728607255,10.038586471638117],[76.24446728607255,10.032118601592458],[76.24527576982825,10.032118601592458]]],[[[76.24527576982825,10.019182861501136],[76.24608425358396,10.019182861501136],[76.24608425358396,10.023225280279675],[76.24527576982825,10.023225280279675],[76.24527576982825,10.019182861501136]]],[[[76.24527576982825,10.02484224779109],[76.24608425358396,10.02484224779109],[76.24608425358396,10.032118601592458],[76.24527576982825,10.032118601592458],[76.24527576982825,10.02484224779109]]],[[[76.24527576982825,10.048288276706609],[76.2509351561182,10.048288276706609],[76.2509351561182,10.049096760462316],[76.24527576982825,10.049096760462316],[76.24527576982825,10.048288276706609]]],[[[76.24608425358396,10.01837437774543],[76.24689273733966,10.01837437774543],[76.24689273733966,10.019182861501136],[76.24608425358396,10.019182861501136],[76.24608425358396,10.01837437774543]]],[[[76.24689273733966,10.013523475211183],[76.24770122109538,10.013523475211183],[76.24770122109538,10.01837437774543],[76.24689273733966,10.01837437774543],[76.24689273733966,10.013523475211183]]],[[[76.24770122109538,10.012714991455477],[76.24850970485109,10.012714991455477],[76.24850970485109,10.013523475211183],[76.24770122109538,10.013523475211183],[76.24770122109538,10.012714991455477]]],[[[76.24770122109538,10.036969504126702],[76.25255212362963,10.036969504126702],[76.25255212362963,10.03777798788241],[76.24770122109538,10.03777798788241],[76.24770122109538,10.036969504126702]]],[[[76.24850970485109,10.011906507699768],[76.2493181886068,10.011906507699768],[76.2493181886068,10.012714991455477],[76.24850970485109,10.012714991455477],[76.24850970485109,10.011906507699768]]],[[[76.2493181886068,10.011098023944061],[76.2501266723625,10.011098023944061],[76.2501266723625,10.011906507699768],[76.2493181886068,10.011906507699768],[76.2493181886068,10.011098023944061]]],[[[76.2501266723625,10.010289540188353],[76.25174363987392,10.010289540188353],[76.25174363987392,10.011098023944061],[76.2501266723625,10.011098023944061],[76.2501266723625,10.010289540188353]]],[[[76.2509351561182,10.049096760462316],[76.25174363987392,10.049096760462316],[76.25174363987392,10.049905244218024],[76.2509351561182,10.049905244218024],[76.2509351561182,10.049096760462316]]],[[[76.2509351561182,10.052330695485146],[76.25174363987392,10.052330695485146],[76.25174363987392,10.058798565530807],[76.2509351561182,10.058798565530807],[76.2509351561182,10.052330695485146]]],[[[76.2509351561182,10.066074919332175],[76.25174363987392,10.066074919332175],[76.25174363987392,10.071734305622128],[76.2509351561182,10.071734305622128],[76.2509351561182,10.066074919332175]]],[[[76.2509351561182,10.074968240644958],[76.25174363987392,10.074968240644958],[76.25174363987392,10.076585208156374],[76.2509351561182,10.076585208156374],[76.2509351561182,10.074968240644958]]],[[[76.25174363987392,10.009481056432646],[76.25255212362963,10.009481056432646],[76.25255212362963,10.010289540188353],[76.25174363987392,10.010289540188353],[76.25174363987392,10.009481056432646]]],[[[76.25174363987392,10.049905244218024],[76.25255212362963,10.049905244218024],[76.25255212362963,10.050713727973731],[76.25174363987392,10.050713727973731],[76.25174363987392,10.049905244218024]]],[[[76.25174363987392,10.05152221172944],[76.25255212362963,10.05152221172944],[76.25255212362963,10.052330695485146],[76.25174363987392,10.052330695485146],[76.25174363987392,10.05152221172944]]],[[[76.25174363987392,10.058798565530807],[76.25255212362963,10.058798565530807],[76.25255212362963,10.066074919332175],[76.25174363987392,10.066074919332175],[76.25174363987392,10.058798565530807]]],[[[76.25174363987392,10.071734305622128],[76.25255212362963,10.071734305622128],[76.25255212362963,10.074968240644958],[76.25174363987392,10.074968240644958],[76.25174363987392,10.071734305622128]]],[[[76.25255212362963,10.008672572676938],[76.25497757489674,10.008672572676938],[76.25497757489674,10.009481056432646],[76.25255212362963,10.009481056432646],[76.25255212362963,10.008672572676938]]],[[[76.25255212362963,10.036161020370995],[76.25336060738533,10.036161020370995],[76.25336060738533,10.036969504126702],[76.25255212362963,10.036969504126702],[76.25255212362963,10.036161020370995]]],[[[76.25255212362963,10.050713727973731],[76.25336060738533,10.050713727973731],[76.25336060738533,10.05152221172944],[76.25255212362963,10.05152221172944],[76.25255212362963,10.050713727973731]]],[[[76.25336060738533,10.036969504126702],[76.25497757489674,10.036969504126702],[76.25497757489674,10.03777798788241],[76.25336060738533,10.03777798788241],[76.25336060738533,10.036969504126702]]],[[[76.25497757489674,10.007864088921231],[76.25578605865245,10.007864088921231],[76.25578605865245,10.008672572676938],[76.25497757489674,10.008672572676938],[76.25497757489674,10.007864088921231]]],[[[76.25497757489674,10.03777798788241],[76.25578605865245,10.03777798788241],[76.25578605865245,10.038586471638117],[76.25497757489674,10.038586471638117],[76.25497757489674,10.03777798788241]]],[[[76.25578605865245,10.006247121409816],[76.25659454240817,10.006247121409816],[76.25659454240817,10.007864088921231],[76.25578605865245,10.007864088921231],[76.25578605865245,10.006247121409816]]],[[[76.25578605865245,10.038586471638117],[76.25659454240817,10.038586471638117],[76.25659454240817,10.039394955393826],[76.25578605865245,10.039394955393826],[76.25578605865245,10.038586471638117]]],[[[76.25659454240817,10.003821670142692],[76.25740302616387,10.003821670142692],[76.25740302616387,10.006247121409816],[76.25659454240817,10.006247121409816],[76.25659454240817,10.003821670142692]]],[[[76.25659454240817,10.039394955393826],[76.25740302616387,10.039394955393826],[76.25740302616387,10.040203439149533],[76.25659454240817,10.040203439149533],[76.25659454240817,10.039394955393826]]],[[[76.25740302616387,10.000587735119863],[76.25821150991958,10.000587735119863],[76.25821150991958,10.003821670142692],[76.25740302616387,10.003821670142692],[76.25740302616387,10.000587735119863]]],[[[76.25740302616387,10.040203439149533],[76.25821150991958,10.040203439149533],[76.25821150991958,10.041011922905241],[76.25740302616387,10.041011922905241],[76.25740302616387,10.040203439149533]]],[[[76.25821150991958,9.99816228385274],[76.25901999367528,9.99816228385274],[76.25901999367528,10.000587735119863],[76.25821150991958,10.000587735119863],[76.25821150991958,9.99816228385274]]],[[[76.25821150991958,10.041011922905241],[76.25901999367528,10.041011922905241],[76.25901999367528,10.041820406660948],[76.25821150991958,10.041820406660948],[76.25821150991958,10.041011922905241]]],[[[76.25901999367528,9.995736832585617],[76.25982847743099,9.995736832585617],[76.25982847743099,9.99816228385274],[76.25901999367528,9.99816228385274],[76.25901999367528,9.995736832585617]]],[[[76.25901999367528,10.041820406660948],[76.2606369611867,10.041820406660948],[76.2606369611867,10.042628890416657],[76.25901999367528,10.042628890416657],[76.25901999367528,10.041820406660948]]],[[[76.25982847743099,9.994119865074202],[76.2606369611867,9.994119865074202],[76.2606369611867,9.995736832585617],[76.25982847743099,9.995736832585617],[76.25982847743099,9.994119865074202]]],[[[76.2606369611867,9.990077446295665],[76.26144544494241,9.990077446295665],[76.26144544494241,9.994119865074202],[76.2606369611867,9.994119865074202],[76.2606369611867,9.990077446295665]]],[[[76.2606369611867,10.042628890416657],[76.26144544494241,10.042628890416657],[76.26144544494241,10.043437374172363],[76.2606369611867,10.043437374172363],[76.2606369611867,10.042628890416657]]],[[[76.26144544494241,9.98846047878425],[76.26225392869812,9.98846047878425],[76.26225392869812,9.990077446295665],[76.26144544494241,9.990077446295665],[76.26144544494241,9.98846047878425]]],[[[76.26144544494241,10.043437374172363],[76.26225392869812,10.043437374172363],[76.26225392869812,10.044245857928072],[76.26144544494241,10.044245857928072],[76.26144544494241,10.043437374172363]]],[[[76.26225392869812,9.982801092494295],[76.26306241245382,9.982801092494295],[76.26306241245382,9.98846047878425],[76.26225392869812,9.98846047878425],[76.26225392869812,9.982801092494295]]],[[[76.26225392869812,10.044245857928072],[76.26387089620953,10.044245857928072],[76.26387089620953,10.045054341683779],[76.26225392869812,10.045054341683779],[76.26225392869812,10.044245857928072]]],[[[76.26306241245382,9.979567157471466],[76.26387089620953,9.979567157471466],[76.26387089620953,9.982801092494295],[76.26306241245382,9.982801092494295],[76.26306241245382,9.979567157471466]]],[[[76.26387089620953,10.045054341683779],[76.26467937996523,10.045054341683779],[76.26467937996523,10.045862825439487],[76.26387089620953,10.045862825439487],[76.26387089620953,10.045054341683779]]],[[[76.26467937996523,10.045862825439487],[76.26548786372095,10.045862825439487],[76.26548786372095,10.0474797929509],[76.26467937996523,10.0474797929509],[76.26467937996523,10.045862825439487]]],[[[76.26548786372095,10.0474797929509],[76.26629634747665,10.0474797929509],[76.26629634747665,10.052330695485146],[76.26548786372095,10.052330695485146],[76.26548786372095,10.0474797929509]]],[[[76.26629634747665,10.052330695485146],[76.26710483123236,10.052330695485146],[76.26710483123236,10.055564630507977],[76.26629634747665,10.055564630507977],[76.26629634747665,10.052330695485146]]],[[[76.26710483123236,10.055564630507977],[76.26791331498806,10.055564630507977],[76.26791331498806,10.057181598019392],[76.26710483123236,10.057181598019392],[76.26710483123236,10.055564630507977]]],[[[76.26791331498806,10.057181598019392],[76.26953028249949,10.057181598019392],[76.26953028249949,10.0579900817751],[76.26791331498806,10.0579900817751],[76.26791331498806,10.057181598019392]]],[[[76.26953028249949,10.0579900817751],[76.2719557337666,10.0579900817751],[76.2719557337666,10.058798565530807],[76.26953028249949,10.058798565530807],[76.26953028249949,10.0579900817751]]],[[[76.2719557337666,10.058798565530807],[76.27599815254514,10.058798565530807],[76.27599815254514,10.059607049286514],[76.2719557337666,10.059607049286514],[76.2719557337666,10.058798565530807]]],[[[76.27599815254514,10.059607049286514],[76.27923208756798,10.059607049286514],[76.27923208756798,10.060415533042223],[76.27599815254514,10.060415533042223],[76.27599815254514,10.059607049286514]]],[[[76.27923208756798,10.060415533042223],[76.28004057132368,10.060415533042223],[76.28004057132368,10.062032500553638],[76.27923208756798,10.062032500553638],[76.27923208756798,10.060415533042223]]],[[[76.28004057132368,10.062032500553638],[76.28084905507939,10.062032500553638],[76.28084905507939,10.071734305622128],[76.28004057132368,10.071734305622128],[76.28004057132368,10.062032500553638]]],[[[76.28084905507939,10.071734305622128],[76.2824660225908,10.071734305622128],[76.2824660225908,10.074968240644958],[76.28084905507939,10.074968240644958],[76.28084905507939,10.071734305622128]]],[[[76.2824660225908,10.074968240644958],[76.28327450634652,10.074968240644958],[76.28327450634652,10.075776724400667],[76.2824660225908,10.075776724400667],[76.2824660225908,10.074968240644958]]],[[[76.28327450634652,10.075776724400667],[76.28408299010222,10.075776724400667],[76.28408299010222,10.077393691912082],[76.28327450634652,10.077393691912082],[76.28327450634652,10.075776724400667]]],[[[76.28327450634652,10.087095496980572],[76.28408299010222,10.087095496980572],[76.28408299010222,10.093563367026233],[76.28327450634652,10.093563367026233],[76.28327450634652,10.087095496980572]]],[[[76.28408299010222,10.077393691912082],[76.28489147385793,10.077393691912082],[76.28489147385793,10.078202175667789],[76.28408299010222,10.078202175667789],[76.28408299010222,10.077393691912082]]],[[[76.28408299010222,10.085478529469157],[76.28489147385793,10.085478529469157],[76.28489147385793,10.087095496980572],[76.28408299010222,10.087095496980572],[76.28408299010222,10.085478529469157]]],[[[76.28408299010222,10.093563367026233],[76.28489147385793,10.093563367026233],[76.28489147385793,10.09437185078194],[76.28408299010222,10.09437185078194],[76.28408299010222,10.093563367026233]]],[[[76.28489147385793,10.078202175667789],[76.28569995761363,10.078202175667789],[76.28569995761363,10.082244594446326],[76.28489147385793,10.082244594446326],[76.28489147385793,10.078202175667789]]],[[[76.28489147385793,10.08467004571345],[76.28569995761363,10.08467004571345],[76.28569995761363,10.085478529469157],[76.28489147385793,10.085478529469157],[76.28489147385793,10.08467004571345]]],[[[76.28489147385793,10.09437185078194],[76.28569995761363,10.09437185078194],[76.28569995761363,10.095180334537648],[76.28489147385793,10.095180334537648],[76.28489147385793,10.09437185078194]]],[[[76.28569995761363,10.082244594446326],[76.28650844136934,10.082244594446326],[76.28650844136934,10.08467004571345],[76.28569995761363,10.08467004571345],[76.28569995761363,10.082244594446326]]],[[[76.28569995761363,10.095180334537648],[76.29378479517071,10.095180334537648],[76.29378479517071,10.095988818293355],[76.28569995761363,10.095988818293355],[76.28569995761363,10.095180334537648]]],[[[76.29378479517071,10.09437185078194],[76.29459327892641,10.09437185078194],[76.29459327892641,10.095180334537648],[76.29378479517071,10.095180334537648],[76.29378479517071,10.09437185078194]]],[[[76.29459327892641,10.093563367026233],[76.29540176268212,10.093563367026233],[76.29540176268212,10.09437185078194],[76.29459327892641,10.09437185078194],[76.29459327892641,10.093563367026233]]],[[[76.29540176268212,10.091946399514818],[76.29621024643784,10.091946399514818],[76.29621024643784,10.093563367026233],[76.29540176268212,10.093563367026233],[76.29540176268212,10.091946399514818]]],[[[76.29621024643784,10.090329432003402],[76.29701873019354,10.090329432003402],[76.29701873019354,10.091946399514818],[76.29621024643784,10.091946399514818],[76.29621024643784,10.090329432003402]]],[[[76.29701873019354,10.087095496980572],[76.29782721394925,10.087095496980572],[76.29782721394925,10.090329432003402],[76.29701873019354,10.090329432003402],[76.29701873019354,10.087095496980572]]],[[[76.29782721394925,10.083861561957741],[76.29863569770495,10.083861561957741],[76.29863569770495,10.087095496980572],[76.29782721394925,10.087095496980572],[76.29782721394925,10.083861561957741]]],[[[76.29863569770495,10.08143611069062],[76.29944418146066,10.08143611069062],[76.29944418146066,10.083861561957741],[76.29863569770495,10.083861561957741],[76.29863569770495,10.08143611069062]]],[[[76.29944418146066,10.079819143179204],[76.30025266521636,10.079819143179204],[76.30025266521636,10.08143611069062],[76.29944418146066,10.08143611069062],[76.29944418146066,10.079819143179204]]],[[[76.30025266521636,10.078202175667789],[76.30106114897208,10.078202175667789],[76.30106114897208,10.079819143179204],[76.30025266521636,10.079819143179204],[76.30025266521636,10.078202175667789]]],[[[76.30106114897208,10.077393691912082],[76.30267811648349,10.077393691912082],[76.30267811648349,10.078202175667789],[76.30106114897208,10.078202175667789],[76.30106114897208,10.077393691912082]]],[[[76.30267811648349,10.076585208156374],[76.30510356775062,10.076585208156374],[76.30510356775062,10.077393691912082],[76.30267811648349,10.077393691912082],[76.30267811648349,10.076585208156374]]],[[[76.30510356775062,10.075776724400667],[76.30752901901774,10.075776724400667],[76.30752901901774,10.076585208156374],[76.30510356775062,10.076585208156374],[76.30510356775062,10.075776724400667]]],[[[76.30752901901774,10.076585208156374],[76.30914598652915,10.076585208156374],[76.30914598652915,10.077393691912082],[76.30752901901774,10.077393691912082],[76.30752901901774,10.076585208156374]]],[[[76.30914598652915,10.075776724400667],[76.31157143779627,10.075776724400667],[76.31157143779627,10.076585208156374],[76.30914598652915,10.076585208156374],[76.30914598652915,10.075776724400667]]],[[[76.31157143779627,10.076585208156374],[76.31318840530768,10.076585208156374],[76.31318840530768,10.077393691912082],[76.31157143779627,10.077393691912082],[76.31157143779627,10.076585208156374]]],[[[76.31318840530768,10.077393691912082],[76.31480537281911,10.077393691912082],[76.31480537281911,10.078202175667789],[76.31318840530768,10.078202175667789],[76.31318840530768,10.077393691912082]]],[[[76.31480537281911,10.078202175667789],[76.31561385657481,10.078202175667789],[76.31561385657481,10.079010659423497],[76.31480537281911,10.079010659423497],[76.31480537281911,10.078202175667789]]]]},"id":"+316969+92791","properties":{"count":337,"label":1}},{"type":"Feature","geometry":{"geodesic":false,"type":"MultiPolygon","coordinates":[[[[76.27357270127801,10.176837193864113],[76.27438118503373,10.176837193864113],[76.27438118503373,10.179262645131235],[76.27357270127801,10.179262645131235],[76.27357270127801,10.176837193864113]]],[[[76.27276421752231,10.176028710108405],[76.27357270127801,10.176028710108405],[76.27357270127801,10.176837193864113],[76.27276421752231,10.176837193864113],[76.27276421752231,10.176028710108405]]]]},"id":"+316980+92547","properties":{"count":4,"label":1}},{"type":"Feature","geometry":{"geodesic":false,"type":"Polygon","coordinates":[[[76.27518966878577,10.174411742597798],[76.27599815254146,10.174411742597798],[76.27599815254146,10.175220226353503],[76.27518966878577,10.175220226353503],[76.27518966878577,10.174411742597798]]]},"id":"+316983+92549","properties":{"count":1,"label":1}},{"type":"Feature","geometry":{"geodesic":false,"type":"MultiPolygon","coordinates":[[[[76.27761512005655,9.804126182482923],[76.27842360381227,9.804126182482923],[76.27842360381227,9.80493466623863],[76.27761512005655,9.80493466623863],[76.27761512005655,9.804126182482923]]],[[[76.2824660225908,9.817061922574243],[76.28327450634652,9.817061922574243],[76.28327450634652,9.818678890085659],[76.2824660225908,9.818678890085659],[76.2824660225908,9.817061922574243]]],[[[76.27842360381227,9.80493466623863],[76.27923208756798,9.80493466623863],[76.27923208756798,9.805743149994338],[76.27842360381227,9.805743149994338],[76.27842360381227,9.80493466623863]]],[[[76.27923208756798,9.805743149994338],[76.28327450634652,9.805743149994338],[76.28327450634652,9.806551633750045],[76.27923208756798,9.806551633750045],[76.27923208756798,9.805743149994338]]],[[[76.28327450634652,9.806551633750045],[76.28408299010222,9.806551633750045],[76.28408299010222,9.807360117505754],[76.28327450634652,9.807360117505754],[76.28327450634652,9.806551633750045]]],[[[76.28327450634652,9.816253438818537],[76.28408299010222,9.816253438818537],[76.28408299010222,9.817061922574243],[76.28327450634652,9.817061922574243],[76.28327450634652,9.816253438818537]]],[[[76.28408299010222,9.807360117505754],[76.28489147385793,9.807360117505754],[76.28489147385793,9.80816860126146],[76.28408299010222,9.80816860126146],[76.28408299010222,9.807360117505754]]],[[[76.28408299010222,9.815444955062828],[76.28489147385793,9.815444955062828],[76.28489147385793,9.816253438818537],[76.28408299010222,9.816253438818537],[76.28408299010222,9.815444955062828]]],[[[76.28489147385793,9.80816860126146],[76.28569995761363,9.80816860126146],[76.28569995761363,9.808977085017169],[76.28489147385793,9.808977085017169],[76.28489147385793,9.80816860126146]]],[[[76.28489147385793,9.81221102004],[76.28569995761363,9.81221102004],[76.28569995761363,9.815444955062828],[76.28489147385793,9.815444955062828],[76.28489147385793,9.81221102004]]],[[[76.28569995761363,9.808977085017169],[76.28650844136934,9.808977085017169],[76.28650844136934,9.809785568772876],[76.28569995761363,9.809785568772876],[76.28569995761363,9.808977085017169]]],[[[76.28569995761363,9.810594052528584],[76.28650844136934,9.810594052528584],[76.28650844136934,9.81221102004],[76.28569995761363,9.81221102004],[76.28569995761363,9.810594052528584]]],[[[76.28650844136934,9.809785568772876],[76.28731692512505,9.809785568772876],[76.28731692512505,9.810594052528584],[76.28650844136934,9.810594052528584],[76.28650844136934,9.809785568772876]]]]},"id":"+316986+93007","properties":{"count":22,"label":1}},{"type":"Feature","geometry":{"geodesic":false,"type":"MultiPolygon","coordinates":[[[[76.27680663630085,10.17441174259699],[76.27842360381227,10.17441174259699],[76.27842360381227,10.175220226352698],[76.27680663630085,10.175220226352698],[76.27680663630085,10.17441174259699]]],[[[76.28650844136934,10.17764567761982],[76.28812540888076,10.17764567761982],[76.28812540888076,10.176837193864113],[76.29055086014787,10.176837193864113],[76.29055086014787,10.17764567761982],[76.28893389263646,10.17764567761982],[76.28893389263646,10.178454161375528],[76.28650844136934,10.178454161375528],[76.28650844136934,10.17764567761982]]],[[[76.27842360381227,10.173603258841283],[76.28084905507939,10.173603258841283],[76.28084905507939,10.17441174259699],[76.27842360381227,10.17441174259699],[76.27842360381227,10.173603258841283]]],[[[76.28084905507939,10.17441174259699],[76.28408299010222,10.17441174259699],[76.28408299010222,10.175220226352698],[76.28084905507939,10.175220226352698],[76.28084905507939,10.17441174259699]]],[[[76.28408299010222,10.175220226352698],[76.28489147385793,10.175220226352698],[76.28489147385793,10.176028710108405],[76.28408299010222,10.176028710108405],[76.28408299010222,10.175220226352698]]],[[[76.28489147385793,10.176028710108405],[76.28569995761363,10.176028710108405],[76.28569995761363,10.176837193864113],[76.28489147385793,10.176837193864113],[76.28489147385793,10.176028710108405]]],[[[76.28569995761363,10.176837193864113],[76.28650844136934,10.176837193864113],[76.28650844136934,10.17764567761982],[76.28569995761363,10.17764567761982],[76.28569995761363,10.176837193864113]]]]},"id":"+316989+92550","properties":{"count":18,"label":1}},{"type":"Feature","geometry":{"geodesic":false,"type":"MultiPolygon","coordinates":[[[[76.28084905507939,9.819487373841367],[76.2824660225908,9.819487373841367],[76.2824660225908,9.820295857597074],[76.28084905507939,9.820295857597074],[76.28084905507939,9.819487373841367]]],[[[76.28004057132368,9.820295857597074],[76.28084905507939,9.820295857597074],[76.28084905507939,9.823529792619905],[76.28004057132368,9.823529792619905],[76.28004057132368,9.820295857597074]]]]},"id":"+316991+92988","properties":{"count":6,"label":1}},{"type":"Feature","geometry":{"geodesic":false,"type":"Polygon","coordinates":[[[76.29135934389993,10.176028710109208],[76.29297631141131,10.176028710109208],[76.29297631141131,10.176837193864927],[76.29135934389993,10.176837193864927],[76.29135934389993,10.176028710109208]]]},"id":"+317004+92547","properties":{"count":2,"label":1}},{"type":"Feature","geometry":{"geodesic":false,"type":"Polygon","coordinates":[[[76.29297631141131,9.850209756559067],[76.29378479516706,9.850209756559067],[76.29378479516706,9.851018240314772],[76.29297631141131,9.851018240314772],[76.29297631141131,9.850209756559067]]]},"id":"+317005+92950","properties":{"count":1,"label":1}},{"type":"Feature","geometry":{"geodesic":false,"type":"Polygon","coordinates":[[[76.29378479516706,10.175220226353503],[76.29540176267844,10.175220226353503],[76.29540176267844,10.176028710109208],[76.29378479516706,10.176028710109208],[76.29378479516706,10.175220226353503]]]},"id":"+317007+92548","properties":{"count":2,"label":1}},{"type":"Feature","geometry":{"geodesic":false,"type":"Polygon","coordinates":[[[76.29459327892275,9.867187915428929],[76.29540176267844,9.867187915428929],[76.29540176267844,9.867996399184634],[76.29459327892275,9.867996399184634],[76.29459327892275,9.867187915428929]]]},"id":"+317007+92929","properties":{"count":1,"label":1}},{"type":"Feature","geometry":{"geodesic":false,"type":"Polygon","coordinates":[[[76.29540176267844,9.857486110360426],[76.29621024643413,9.857486110360426],[76.29621024643413,9.858294594116146],[76.29540176267844,9.858294594116146],[76.29540176267844,9.857486110360426]]]},"id":"+317008+92941","properties":{"count":1,"label":1}},{"type":"Feature","geometry":{"geodesic":false,"type":"Polygon","coordinates":[[[76.299444181457,10.182496580154876],[76.3002526652127,10.182496580154876],[76.3002526652127,10.184113547666286],[76.299444181457,10.184113547666286],[76.299444181457,10.182496580154876]]]},"id":"+317013+92539","properties":{"count":2,"label":1}},{"type":"Feature","geometry":{"geodesic":false,"type":"Polygon","coordinates":[[[76.299444181457,10.180071128887747],[76.3002526652127,10.180071128887747],[76.3002526652127,10.18168809639917],[76.299444181457,10.18168809639917],[76.299444181457,10.180071128887747]]]},"id":"+317013+92542","properties":{"count":2,"label":1}},{"type":"Feature","geometry":{"geodesic":false,"type":"Polygon","coordinates":[[[76.3042950839912,10.184113547666286],[76.30510356774695,10.184113547666286],[76.30510356774695,10.184922031422005],[76.3042950839912,10.184922031422005],[76.3042950839912,10.184113547666286]]]},"id":"+317019+92537","properties":{"count":1,"label":1}},{"type":"Feature","geometry":{"geodesic":false,"type":"Polygon","coordinates":[[[76.30672053525834,10.18330506391058],[76.30752901901408,10.18330506391058],[76.30752901901408,10.184113547666286],[76.30672053525834,10.184113547666286],[76.30672053525834,10.18330506391058]]]},"id":"+317022+92538","properties":{"count":1,"label":1}},{"type":"Feature","geometry":{"geodesic":false,"type":"MultiPolygon","coordinates":[[[[76.31318840530768,10.181688096398357],[76.31318840530768,10.183305063909772],[76.31237992155198,10.183305063909772],[76.31237992155198,10.182496580154066],[76.31076295404057,10.182496580154066],[76.31076295404057,10.181688096398357],[76.31318840530768,10.181688096398357]]],[[[76.33259201544467,10.211601995359539],[76.33340049920038,10.211601995359539],[76.33340049920038,10.213218962870954],[76.33259201544467,10.213218962870954],[76.33259201544467,10.211601995359539]]],[[[76.31318840530768,10.18087961264265],[76.31561385657481,10.18087961264265],[76.31561385657481,10.181688096398357],[76.31318840530768,10.181688096398357],[76.31318840530768,10.18087961264265]]],[[[76.31561385657481,10.180071128886944],[76.31723082408622,10.180071128886944],[76.31723082408622,10.18087961264265],[76.31561385657481,10.18087961264265],[76.31561385657481,10.180071128886944]]],[[[76.31723082408622,10.179262645131235],[76.31803930784194,10.179262645131235],[76.31803930784194,10.180071128886944],[76.31723082408622,10.180071128886944],[76.31723082408622,10.179262645131235]]],[[[76.31803930784194,10.180071128886944],[76.31965627535335,10.180071128886944],[76.31965627535335,10.18087961264265],[76.31803930784194,10.18087961264265],[76.31803930784194,10.180071128886944]]],[[[76.31965627535335,10.18087961264265],[76.32046475910906,10.18087961264265],[76.32046475910906,10.181688096398357],[76.31965627535335,10.181688096398357],[76.31965627535335,10.18087961264265]]],[[[76.32046475910906,10.181688096398357],[76.32127324286476,10.181688096398357],[76.32127324286476,10.183305063909772],[76.32046475910906,10.183305063909772],[76.32046475910906,10.181688096398357]]],[[[76.32127324286476,10.183305063909772],[76.32208172662047,10.183305063909772],[76.32208172662047,10.184113547665481],[76.32127324286476,10.184113547665481],[76.32127324286476,10.183305063909772]]],[[[76.32208172662047,10.184113547665481],[76.32289021037619,10.184113547665481],[76.32289021037619,10.184922031421188],[76.32208172662047,10.184922031421188],[76.32208172662047,10.184113547665481]]],[[[76.32289021037619,10.184922031421188],[76.32369869413189,10.184922031421188],[76.32369869413189,10.185730515176896],[76.32289021037619,10.185730515176896],[76.32289021037619,10.184922031421188]]],[[[76.32289021037619,10.203517157802462],[76.32369869413189,10.203517157802462],[76.32369869413189,10.205134125313878],[76.32289021037619,10.205134125313878],[76.32289021037619,10.203517157802462]]],[[[76.32369869413189,10.185730515176896],[76.3245071778876,10.185730515176896],[76.3245071778876,10.186538998932603],[76.32369869413189,10.186538998932603],[76.32369869413189,10.185730515176896]]],[[[76.32369869413189,10.202708674046754],[76.32774111291043,10.202708674046754],[76.32774111291043,10.203517157802462],[76.32369869413189,10.203517157802462],[76.32369869413189,10.202708674046754]]],[[[76.32369869413189,10.205134125313878],[76.3245071778876,10.205134125313878],[76.3245071778876,10.205942609069584],[76.32369869413189,10.205942609069584],[76.32369869413189,10.205134125313878]]],[[[76.3245071778876,10.186538998932603],[76.3253156616433,10.186538998932603],[76.3253156616433,10.187347482688311],[76.3245071778876,10.187347482688311],[76.3245071778876,10.186538998932603]]],[[[76.3245071778876,10.205942609069584],[76.3253156616433,10.205942609069584],[76.3253156616433,10.206751092825293],[76.3245071778876,10.206751092825293],[76.3245071778876,10.205942609069584]]],[[[76.3253156616433,10.187347482688311],[76.326124145399,10.187347482688311],[76.326124145399,10.189772933955433],[76.3253156616433,10.189772933955433],[76.3253156616433,10.187347482688311]]],[[[76.3253156616433,10.206751092825293],[76.32693262915473,10.206751092825293],[76.32693262915473,10.207559576581],[76.3253156616433,10.207559576581],[76.3253156616433,10.206751092825293]]],[[[76.326124145399,10.189772933955433],[76.32693262915473,10.189772933955433],[76.32693262915473,10.192198385222556],[76.326124145399,10.192198385222556],[76.326124145399,10.189772933955433]]],[[[76.326124145399,10.19462383648968],[76.32693262915473,10.19462383648968],[76.32693262915473,10.198666255268217],[76.326124145399,10.198666255268217],[76.326124145399,10.19462383648968]]],[[[76.32693262915473,10.192198385222556],[76.32774111291043,10.192198385222556],[76.32774111291043,10.19462383648968],[76.32693262915473,10.19462383648968],[76.32693262915473,10.192198385222556]]],[[[76.32693262915473,10.198666255268217],[76.32774111291043,10.198666255268217],[76.32774111291043,10.199474739023925],[76.32693262915473,10.199474739023925],[76.32693262915473,10.198666255268217]]],[[[76.32693262915473,10.207559576581],[76.33097504793325,10.207559576581],[76.33097504793325,10.208368060336708],[76.32693262915473,10.208368060336708],[76.32693262915473,10.207559576581]]],[[[76.32774111291043,10.199474739023925],[76.32854959666614,10.199474739023925],[76.32854959666614,10.200283222779632],[76.32774111291043,10.200283222779632],[76.32774111291043,10.199474739023925]]],[[[76.32854959666614,10.200283222779632],[76.32935808042184,10.200283222779632],[76.32935808042184,10.202708674046754],[76.32774111291043,10.202708674046754],[76.32774111291043,10.201900190291047],[76.32854959666614,10.201900190291047],[76.32854959666614,10.200283222779632]]],[[[76.33097504793325,10.208368060336708],[76.33178353168897,10.208368060336708],[76.33178353168897,10.209985027848123],[76.33097504793325,10.209985027848123],[76.33097504793325,10.208368060336708]]],[[[76.33178353168897,10.209985027848123],[76.33259201544467,10.209985027848123],[76.33259201544467,10.211601995359539],[76.33178353168897,10.211601995359539],[76.33178353168897,10.209985027848123]]]]},"id":"+317035+92543","properties":{"count":62,"label":1}},{"type":"Feature","geometry":{"geodesic":false,"type":"MultiPolygon","coordinates":[[[[76.33986836924603,9.919739359549105],[76.34067685300175,9.919739359549105],[76.34067685300175,9.922164810816229],[76.33986836924603,9.922164810816229],[76.33986836924603,9.919739359549105]]],[[[76.41829129354967,10.052330695485146],[76.41909977730538,10.052330695485146],[76.41909977730538,10.053139179240855],[76.41829129354967,10.053139179240855],[76.41829129354967,10.052330695485146]]],[[[76.42637613110675,9.956929612311654],[76.42718461486245,9.956929612311654],[76.42718461486245,9.958546579823068],[76.42637613110675,9.958546579823068],[76.42637613110675,9.956929612311654]]],[[[76.32208172662047,9.969056868647268],[76.32289021037619,9.969056868647268],[76.32289021037619,9.969865352402975],[76.32208172662047,9.969865352402975],[76.32208172662047,9.969056868647268]]],[[[76.32289021037619,9.96824838489156],[76.32369869413189,9.96824838489156],[76.32369869413189,9.969056868647268],[76.32289021037619,9.969056868647268],[76.32289021037619,9.96824838489156]]],[[[76.32289021037619,9.969865352402975],[76.3253156616433,9.969865352402975],[76.3253156616433,9.970673836158682],[76.32289021037619,9.970673836158682],[76.32289021037619,9.969865352402975]]],[[[76.32369869413189,9.967439901135853],[76.3245071778876,9.967439901135853],[76.3245071778876,9.96824838489156],[76.32369869413189,9.96824838489156],[76.32369869413189,9.967439901135853]]],[[[76.3245071778876,9.962588998601607],[76.3253156616433,9.962588998601607],[76.3253156616433,9.963397482357314],[76.3245071778876,9.963397482357314],[76.3245071778876,9.962588998601607]]],[[[76.3245071778876,9.966631417380144],[76.3253156616433,9.966631417380144],[76.3253156616433,9.967439901135853],[76.3245071778876,9.967439901135853],[76.3245071778876,9.966631417380144]]],[[[76.3253156616433,9.97148231991439],[76.3253156616433,9.97471625493722],[76.326124145399,9.97471625493722],[76.326124145399,9.975524738692927],[76.3253156616433,9.975524738692927],[76.3253156616433,9.977141706204343],[76.3245071778876,9.977141706204343],[76.3245071778876,9.97148231991439],[76.3253156616433,9.97148231991439]]],[[[76.3253156616433,9.960972031090192],[76.326124145399,9.960972031090192],[76.326124145399,9.962588998601607],[76.3253156616433,9.962588998601607],[76.3253156616433,9.960972031090192]]],[[[76.3253156616433,9.963397482357314],[76.326124145399,9.963397482357314],[76.326124145399,9.966631417380144],[76.3253156616433,9.966631417380144],[76.3253156616433,9.963397482357314]]],[[[76.3253156616433,9.970673836158682],[76.326124145399,9.970673836158682],[76.326124145399,9.97148231991439],[76.3253156616433,9.97148231991439],[76.3253156616433,9.970673836158682]]],[[[76.3253156616433,9.977141706204343],[76.32774111291043,9.977141706204343],[76.32774111291043,9.977950189960051],[76.3253156616433,9.977950189960051],[76.3253156616433,9.977141706204343]]],[[[76.3253156616433,9.983609576250004],[76.326124145399,9.983609576250004],[76.326124145399,9.985226543761419],[76.3253156616433,9.985226543761419],[76.3253156616433,9.983609576250004]]],[[[76.326124145399,9.960163547334483],[76.32935808042184,9.960163547334483],[76.32935808042184,9.960972031090192],[76.326124145399,9.960972031090192],[76.326124145399,9.960163547334483]]],[[[76.326124145399,9.982801092494295],[76.32693262915473,9.982801092494295],[76.32693262915473,9.983609576250004],[76.326124145399,9.983609576250004],[76.326124145399,9.982801092494295]]],[[[76.326124145399,9.985226543761419],[76.32693262915473,9.985226543761419],[76.32693262915473,9.986843511272834],[76.326124145399,9.986843511272834],[76.326124145399,9.985226543761419]]],[[[76.32693262915473,9.98118412498288],[76.32774111291043,9.98118412498288],[76.32774111291043,9.982801092494295],[76.32693262915473,9.982801092494295],[76.32693262915473,9.98118412498288]]],[[[76.32693262915473,9.986843511272834],[76.32774111291043,9.986843511272834],[76.32774111291043,9.989268962539956],[76.32693262915473,9.989268962539956],[76.32693262915473,9.986843511272834]]],[[[76.32774111291043,9.95531264480024],[76.32854959666614,9.95531264480024],[76.32854959666614,9.956929612311654],[76.32774111291043,9.956929612311654],[76.32774111291043,9.95531264480024]]],[[[76.32774111291043,9.977950189960051],[76.32854959666614,9.977950189960051],[76.32854959666614,9.978758673715758],[76.32774111291043,9.978758673715758],[76.32774111291043,9.977950189960051]]],[[[76.32774111291043,9.980375641227173],[76.32854959666614,9.980375641227173],[76.32854959666614,9.98118412498288],[76.32774111291043,9.98118412498288],[76.32774111291043,9.980375641227173]]],[[[76.32774111291043,9.989268962539956],[76.32854959666614,9.989268962539956],[76.32854959666614,9.990077446295665],[76.32774111291043,9.990077446295665],[76.32774111291043,9.989268962539956]]],[[[76.33016656417755,9.953695677288824],[76.33016656417755,9.95450416104453],[76.32935808042184,9.95450416104453],[76.32935808042184,9.95531264480024],[76.32854959666614,9.95531264480024],[76.32854959666614,9.953695677288824],[76.33016656417755,9.953695677288824]]],[[[76.32854959666614,9.956929612311654],[76.32935808042184,9.956929612311654],[76.32935808042184,9.957738096067361],[76.32854959666614,9.957738096067361],[76.32854959666614,9.956929612311654]]],[[[76.32854959666614,9.978758673715758],[76.32935808042184,9.978758673715758],[76.32935808042184,9.980375641227173],[76.32854959666614,9.980375641227173],[76.32854959666614,9.978758673715758]]],[[[76.32854959666614,9.990077446295665],[76.32935808042184,9.990077446295665],[76.32935808042184,9.990885930051371],[76.32854959666614,9.990885930051371],[76.32854959666614,9.990077446295665]]],[[[76.32935808042184,9.957738096067361],[76.33097504793325,9.957738096067361],[76.33097504793325,9.959355063578776],[76.33016656417755,9.959355063578776],[76.33016656417755,9.958546579823068],[76.32935808042184,9.958546579823068],[76.32935808042184,9.957738096067361]]],[[[76.32935808042184,9.959355063578776],[76.33016656417755,9.959355063578776],[76.33016656417755,9.960163547334483],[76.32935808042184,9.960163547334483],[76.32935808042184,9.959355063578776]]],[[[76.32935808042184,9.990885930051371],[76.33016656417755,9.990885930051371],[76.33016656417755,9.989268962539956],[76.33501746671179,9.989268962539956],[76.33501746671179,9.990077446295665],[76.33097504793325,9.990077446295665],[76.33097504793325,9.991694413807078],[76.33016656417755,9.991694413807078],[76.33016656417755,9.993311381318494],[76.32935808042184,9.993311381318494],[76.32935808042184,9.990885930051371]]],[[[76.33016656417755,9.952887193533115],[76.33259201544467,9.952887193533115],[76.33259201544467,9.953695677288824],[76.33016656417755,9.953695677288824],[76.33016656417755,9.952887193533115]]],[[[76.33259201544467,9.952078709777409],[76.33340049920038,9.952078709777409],[76.33340049920038,9.952887193533115],[76.33259201544467,9.952887193533115],[76.33259201544467,9.952078709777409]]],[[[76.33340049920038,9.930249648373303],[76.33420898295608,9.930249648373303],[76.33420898295608,9.933483583396134],[76.33340049920038,9.933483583396134],[76.33340049920038,9.930249648373303]]],[[[76.33340049920038,9.9512702260217],[76.33420898295608,9.9512702260217],[76.33420898295608,9.952078709777409],[76.33340049920038,9.952078709777409],[76.33340049920038,9.9512702260217]]],[[[76.33420898295608,9.929441164617597],[76.33501746671179,9.929441164617597],[76.33501746671179,9.930249648373303],[76.33420898295608,9.930249648373303],[76.33420898295608,9.929441164617597]]],[[[76.33420898295608,9.933483583396134],[76.33501746671179,9.933483583396134],[76.33501746671179,9.934292067151842],[76.33420898295608,9.934292067151842],[76.33420898295608,9.933483583396134]]],[[[76.33420898295608,9.949653258510285],[76.33501746671179,9.949653258510285],[76.33501746671179,9.9512702260217],[76.33420898295608,9.9512702260217],[76.33420898295608,9.949653258510285]]],[[[76.33501746671179,9.928632680861888],[76.33663443422321,9.928632680861888],[76.33663443422321,9.929441164617597],[76.33501746671179,9.929441164617597],[76.33501746671179,9.928632680861888]]],[[[76.33501746671179,9.934292067151842],[76.33905988549033,9.934292067151842],[76.33905988549033,9.93510055090755],[76.33501746671179,9.93510055090755],[76.33501746671179,9.934292067151842]]],[[[76.33501746671179,9.948844774754578],[76.33663443422321,9.948844774754578],[76.33663443422321,9.949653258510285],[76.33501746671179,9.949653258510285],[76.33501746671179,9.948844774754578]]],[[[76.33501746671179,9.990077446295665],[76.33663443422321,9.990077446295665],[76.33663443422321,9.987651995028541],[76.33744291797892,9.987651995028541],[76.33744291797892,9.991694413807078],[76.33663443422321,9.991694413807078],[76.33663443422321,9.990885930051371],[76.33501746671179,9.990885930051371],[76.33501746671179,9.990077446295665]]],[[[76.33905988549033,9.922973294571936],[76.33905988549033,9.923781778327644],[76.33744291797892,9.923781778327644],[76.33744291797892,9.92459026208335],[76.33663443422321,9.92459026208335],[76.33663443422321,9.922973294571936],[76.33905988549033,9.922973294571936]]],[[[76.33663443422321,9.927015713350473],[76.33744291797892,9.927015713350473],[76.33744291797892,9.928632680861888],[76.33663443422321,9.928632680861888],[76.33663443422321,9.927015713350473]]],[[[76.33663443422321,9.94803629099887],[76.33744291797892,9.94803629099887],[76.33744291797892,9.948844774754578],[76.33663443422321,9.948844774754578],[76.33663443422321,9.94803629099887]]],[[[76.33663443422321,9.98118412498288],[76.33744291797892,9.98118412498288],[76.33744291797892,9.982801092494295],[76.33663443422321,9.982801092494295],[76.33663443422321,9.98118412498288]]],[[[76.33744291797892,9.92459026208335],[76.33825140173462,9.92459026208335],[76.33825140173462,9.927015713350473],[76.33744291797892,9.927015713350473],[76.33744291797892,9.92459026208335]]],[[[76.33744291797892,9.94156842095321],[76.33825140173462,9.94156842095321],[76.33825140173462,9.943185388464626],[76.33744291797892,9.943185388464626],[76.33744291797892,9.94156842095321]]],[[[76.33744291797892,9.947227807243163],[76.33905988549033,9.947227807243163],[76.33905988549033,9.94803629099887],[76.33744291797892,9.94803629099887],[76.33744291797892,9.947227807243163]]],[[[76.34391078802457,9.98118412498288],[76.33744291797892,9.98118412498288],[76.33744291797892,9.980375641227173],[76.34310230426887,9.980375641227173],[76.34310230426887,9.979567157471466],[76.34391078802457,9.979567157471466],[76.34391078802457,9.98118412498288]]],[[[76.33744291797892,9.982801092494295],[76.33825140173462,9.982801092494295],[76.33825140173462,9.98441806000571],[76.33744291797892,9.98441806000571],[76.33744291797892,9.982801092494295]]],[[[76.33744291797892,9.986035027517126],[76.33825140173462,9.986035027517126],[76.33825140173462,9.987651995028541],[76.33744291797892,9.987651995028541],[76.33744291797892,9.986035027517126]]],[[[76.33825140173462,9.940759937197502],[76.33905988549033,9.940759937197502],[76.33905988549033,9.94156842095321],[76.33825140173462,9.94156842095321],[76.33825140173462,9.940759937197502]]],[[[76.33825140173462,9.943185388464626],[76.33986836924603,9.943185388464626],[76.33986836924603,9.943993872220332],[76.33825140173462,9.943993872220332],[76.33825140173462,9.943185388464626]]],[[[76.33825140173462,9.98441806000571],[76.33905988549033,9.98441806000571],[76.33905988549033,9.986035027517126],[76.33825140173462,9.986035027517126],[76.33825140173462,9.98441806000571]]],[[[76.33905988549033,9.922164810816229],[76.33986836924603,9.922164810816229],[76.33986836924603,9.922973294571936],[76.33905988549033,9.922973294571936],[76.33905988549033,9.922164810816229]]],[[[76.33905988549033,9.93510055090755],[76.33986836924603,9.93510055090755],[76.33986836924603,9.936717518418964],[76.33905988549033,9.936717518418964],[76.33905988549033,9.93510055090755]]],[[[76.33905988549033,9.937526002174671],[76.33986836924603,9.937526002174671],[76.33986836924603,9.940759937197502],[76.33905988549033,9.940759937197502],[76.33905988549033,9.937526002174671]]],[[[76.33986836924603,9.943993872220332],[76.34067685300175,9.943993872220332],[76.34067685300175,9.947227807243163],[76.33905988549033,9.947227807243163],[76.33905988549033,9.946419323487456],[76.33986836924603,9.946419323487456],[76.33986836924603,9.943993872220332]]],[[[76.33986836924603,9.936717518418964],[76.34067685300175,9.936717518418964],[76.34067685300175,9.937526002174671],[76.33986836924603,9.937526002174671],[76.33986836924603,9.936717518418964]]],[[[76.34391078802457,9.98118412498288],[76.34471927178029,9.98118412498288],[76.34471927178029,9.981992608738588],[76.34391078802457,9.981992608738588],[76.34391078802457,9.98118412498288]]],[[[76.34471927178029,9.981992608738588],[76.345527755536,9.981992608738588],[76.345527755536,9.982801092494295],[76.34471927178029,9.982801092494295],[76.34471927178029,9.981992608738588]]],[[[76.34471927178029,9.983609576250004],[76.345527755536,9.983609576250004],[76.345527755536,9.986035027517126],[76.34471927178029,9.986035027517126],[76.34471927178029,9.983609576250004]]],[[[76.345527755536,9.982801092494295],[76.3463362392917,9.982801092494295],[76.3463362392917,9.983609576250004],[76.345527755536,9.983609576250004],[76.345527755536,9.982801092494295]]],[[[76.345527755536,9.986035027517126],[76.3463362392917,9.986035027517126],[76.3463362392917,9.98846047878425],[76.345527755536,9.98846047878425],[76.345527755536,9.986035027517126]]],[[[76.3463362392917,9.98846047878425],[76.3471447230474,9.98846047878425],[76.3471447230474,9.989268962539956],[76.3463362392917,9.989268962539956],[76.3463362392917,9.98846047878425]]],[[[76.3471447230474,9.989268962539956],[76.34795320680311,9.989268962539956],[76.34795320680311,9.990077446295665],[76.3471447230474,9.990077446295665],[76.3471447230474,9.989268962539956]]],[[[76.34795320680311,9.990077446295665],[76.34876169055882,9.990077446295665],[76.34876169055882,9.990885930051371],[76.34795320680311,9.990885930051371],[76.34795320680311,9.990077446295665]]],[[[76.34876169055882,9.990885930051371],[76.35037865807024,9.990885930051371],[76.35037865807024,9.991694413807078],[76.34876169055882,9.991694413807078],[76.34876169055882,9.990885930051371]]],[[[76.35037865807024,9.991694413807078],[76.35118714182595,9.991694413807078],[76.35118714182595,9.993311381318494],[76.35037865807024,9.993311381318494],[76.35037865807024,9.991694413807078]]],[[[76.35118714182595,9.990885930051371],[76.35280410933736,9.990885930051371],[76.35280410933736,9.991694413807078],[76.35118714182595,9.991694413807078],[76.35118714182595,9.990885930051371]]],[[[76.35442107684878,9.990077446295665],[76.35442107684878,9.991694413807078],[76.35361259309308,9.991694413807078],[76.35361259309308,9.990885930051371],[76.35280410933736,9.990885930051371],[76.35280410933736,9.990077446295665],[76.35442107684878,9.990077446295665]]],[[[76.35442107684878,9.989268962539956],[76.35603804436019,9.989268962539956],[76.35603804436019,9.990077446295665],[76.35442107684878,9.990077446295665],[76.35442107684878,9.989268962539956]]],[[[76.35603804436019,9.990077446295665],[76.3568465281159,9.990077446295665],[76.3568465281159,9.990885930051371],[76.35603804436019,9.990885930051371],[76.35603804436019,9.990077446295665]]],[[[76.3568465281159,9.990885930051371],[76.3576550118716,9.990885930051371],[76.3576550118716,9.991694413807078],[76.3568465281159,9.991694413807078],[76.3568465281159,9.990885930051371]]],[[[76.3576550118716,9.975524738692927],[76.35846349562732,9.975524738692927],[76.35846349562732,9.978758673715758],[76.3576550118716,9.978758673715758],[76.3576550118716,9.975524738692927]]],[[[76.3576550118716,9.982801092494295],[76.35846349562732,9.982801092494295],[76.35846349562732,9.983609576250004],[76.3576550118716,9.983609576250004],[76.3576550118716,9.982801092494295]]],[[[76.3576550118716,9.990077446295665],[76.35846349562732,9.990077446295665],[76.35846349562732,9.990885930051371],[76.3576550118716,9.990885930051371],[76.3576550118716,9.990077446295665]]],[[[76.35846349562732,9.97471625493722],[76.35927197938302,9.97471625493722],[76.35927197938302,9.975524738692927],[76.35846349562732,9.975524738692927],[76.35846349562732,9.97471625493722]]],[[[76.35846349562732,9.978758673715758],[76.35927197938302,9.978758673715758],[76.35927197938302,9.982801092494295],[76.35846349562732,9.982801092494295],[76.35846349562732,9.978758673715758]]],[[[76.35846349562732,9.983609576250004],[76.35927197938302,9.983609576250004],[76.35927197938302,9.98441806000571],[76.35846349562732,9.98441806000571],[76.35846349562732,9.983609576250004]]],[[[76.35846349562732,9.989268962539956],[76.35927197938302,9.989268962539956],[76.35927197938302,9.990077446295665],[76.35846349562732,9.990077446295665],[76.35846349562732,9.989268962539956]]],[[[76.35927197938302,9.972290803670097],[76.36008046313873,9.972290803670097],[76.36008046313873,9.973099287425805],[76.35927197938302,9.973099287425805],[76.35927197938302,9.972290803670097]]],[[[76.35927197938302,9.973907771181512],[76.36008046313873,9.973907771181512],[76.36008046313873,9.97471625493722],[76.35927197938302,9.97471625493722],[76.35927197938302,9.973907771181512]]],[[[76.35927197938302,9.98441806000571],[76.36008046313873,9.98441806000571],[76.36008046313873,9.987651995028541],[76.35927197938302,9.987651995028541],[76.35927197938302,9.98441806000571]]],[[[76.35927197938302,9.990077446295665],[76.36169743065014,9.990077446295665],[76.36169743065014,9.990885930051371],[76.36088894689443,9.990885930051371],[76.36088894689443,9.991694413807078],[76.36008046313873,9.991694413807078],[76.36008046313873,9.990885930051371],[76.35927197938302,9.990885930051371],[76.35927197938302,9.990077446295665]]],[[[76.36412288191727,9.970673836158682],[76.36412288191727,9.972290803670097],[76.36008046313873,9.972290803670097],[76.36008046313873,9.97148231991439],[76.36331439816156,9.97148231991439],[76.36331439816156,9.970673836158682],[76.36412288191727,9.970673836158682]]],[[[76.36008046313873,9.973099287425805],[76.36088894689443,9.973099287425805],[76.36088894689443,9.973907771181512],[76.36008046313873,9.973907771181512],[76.36008046313873,9.973099287425805]]],[[[76.36008046313873,9.987651995028541],[76.36169743065014,9.987651995028541],[76.36169743065014,9.989268962539956],[76.36088894689443,9.989268962539956],[76.36088894689443,9.98846047878425],[76.36008046313873,9.98846047878425],[76.36008046313873,9.987651995028541]]],[[[76.36088894689443,9.991694413807078],[76.36169743065014,9.991694413807078],[76.36169743065014,9.994119865074202],[76.36088894689443,9.994119865074202],[76.36088894689443,9.991694413807078]]],[[[76.36169743065014,9.989268962539956],[76.36331439816156,9.989268962539956],[76.36331439816156,9.990077446295665],[76.36169743065014,9.990077446295665],[76.36169743065014,9.989268962539956]]],[[[76.36169743065014,9.994119865074202],[76.36331439816156,9.994119865074202],[76.36331439816156,9.994928348829909],[76.36169743065014,9.994928348829909],[76.36169743065014,9.994119865074202]]],[[[76.36331439816156,9.96824838489156],[76.36412288191727,9.96824838489156],[76.36412288191727,9.969056868647268],[76.36331439816156,9.969056868647268],[76.36331439816156,9.96824838489156]]],[[[76.36331439816156,9.994928348829909],[76.36654833318438,9.994928348829909],[76.36654833318438,9.995736832585617],[76.36331439816156,9.995736832585617],[76.36331439816156,9.994928348829909]]],[[[76.36412288191727,9.967439901135853],[76.36493136567297,9.967439901135853],[76.36493136567297,9.96824838489156],[76.36412288191727,9.96824838489156],[76.36412288191727,9.967439901135853]]],[[[76.36412288191727,9.969056868647268],[76.36493136567297,9.969056868647268],[76.36493136567297,9.970673836158682],[76.36412288191727,9.970673836158682],[76.36412288191727,9.969056868647268]]],[[[76.3673568169401,9.965014449868729],[76.3673568169401,9.966631417380144],[76.36573984942868,9.966631417380144],[76.36573984942868,9.967439901135853],[76.36493136567297,9.967439901135853],[76.36493136567297,9.965014449868729],[76.3673568169401,9.965014449868729]]],[[[76.36654833318438,9.995736832585617],[76.3673568169401,9.995736832585617],[76.3673568169401,9.996545316341324],[76.36654833318438,9.996545316341324],[76.36654833318438,9.995736832585617]]],[[[76.3673568169401,9.964205966113022],[76.36816530069581,9.964205966113022],[76.36816530069581,9.965014449868729],[76.3673568169401,9.965014449868729],[76.3673568169401,9.964205966113022]]],[[[76.3673568169401,9.996545316341324],[76.36816530069581,9.996545316341324],[76.36816530069581,9.999779251364155],[76.36897378445151,9.999779251364155],[76.36897378445151,10.000587735119863],[76.36816530069581,10.000587735119863],[76.36816530069581,10.00139621887557],[76.3673568169401,10.00139621887557],[76.3673568169401,9.996545316341324]]],[[[76.36816530069581,9.965014449868729],[76.36897378445151,9.965014449868729],[76.36897378445151,9.966631417380144],[76.36816530069581,9.966631417380144],[76.36816530069581,9.965014449868729]]],[[[76.36816530069581,10.00139621887557],[76.36897378445151,10.00139621887557],[76.36897378445151,10.003013186386985],[76.36816530069581,10.003013186386985],[76.36816530069581,10.00139621887557]]],[[[76.36816530069581,10.0046301538984],[76.36897378445151,10.0046301538984],[76.36897378445151,10.005438637654107],[76.36816530069581,10.005438637654107],[76.36816530069581,10.0046301538984]]],[[[76.36897378445151,9.960972031090192],[76.36978226820722,9.960972031090192],[76.36978226820722,9.961780514845898],[76.36897378445151,9.961780514845898],[76.36897378445151,9.960972031090192]]],[[[76.36897378445151,9.964205966113022],[76.36978226820722,9.964205966113022],[76.36978226820722,9.965014449868729],[76.36897378445151,9.965014449868729],[76.36897378445151,9.964205966113022]]],[[[76.36897378445151,10.003013186386985],[76.36978226820722,10.003013186386985],[76.36978226820722,10.0046301538984],[76.36897378445151,10.0046301538984],[76.36897378445151,10.003013186386985]]],[[[76.36897378445151,10.005438637654107],[76.36978226820722,10.005438637654107],[76.36978226820722,10.006247121409816],[76.36897378445151,10.006247121409816],[76.36897378445151,10.005438637654107]]],[[[76.36978226820722,9.960163547334483],[76.37059075196292,9.960163547334483],[76.37059075196292,9.960972031090192],[76.36978226820722,9.960972031090192],[76.36978226820722,9.960163547334483]]],[[[76.36978226820722,9.961780514845898],[76.37059075196292,9.961780514845898],[76.37059075196292,9.964205966113022],[76.36978226820722,9.964205966113022],[76.36978226820722,9.961780514845898]]],[[[76.36978226820722,10.006247121409816],[76.37059075196292,10.006247121409816],[76.37059075196292,10.007055605165522],[76.36978226820722,10.007055605165522],[76.36978226820722,10.006247121409816]]],[[[76.37059075196292,9.959355063578776],[76.37220771947435,9.959355063578776],[76.37220771947435,9.960163547334483],[76.37059075196292,9.960163547334483],[76.37059075196292,9.959355063578776]]],[[[76.37059075196292,10.007055605165522],[76.37382468698576,10.007055605165522],[76.37382468698576,10.007864088921231],[76.37059075196292,10.007864088921231],[76.37059075196292,10.007055605165522]]],[[[76.37220771947435,9.949653258510285],[76.37301620323005,9.949653258510285],[76.37301620323005,9.9512702260217],[76.37220771947435,9.9512702260217],[76.37220771947435,9.949653258510285]]],[[[76.37220771947435,9.958546579823068],[76.37301620323005,9.958546579823068],[76.37301620323005,9.959355063578776],[76.37220771947435,9.959355063578776],[76.37220771947435,9.958546579823068]]],[[[76.37220771947435,10.010289540188353],[76.37301620323005,10.010289540188353],[76.37301620323005,10.011906507699768],[76.37220771947435,10.011906507699768],[76.37220771947435,10.010289540188353]]],[[[76.37301620323005,9.948844774754578],[76.37463317074146,9.948844774754578],[76.37463317074146,9.949653258510285],[76.37301620323005,9.949653258510285],[76.37301620323005,9.948844774754578]]],[[[76.37301620323005,9.9512702260217],[76.37382468698576,9.9512702260217],[76.37382468698576,9.95450416104453],[76.37301620323005,9.95450416104453],[76.37301620323005,9.9512702260217]]],[[[76.37301620323005,9.957738096067361],[76.37382468698576,9.957738096067361],[76.37382468698576,9.958546579823068],[76.37301620323005,9.958546579823068],[76.37301620323005,9.957738096067361]]],[[[76.37382468698576,10.007864088921231],[76.37463317074146,10.007864088921231],[76.37463317074146,10.010289540188353],[76.37301620323005,10.010289540188353],[76.37301620323005,10.009481056432646],[76.37382468698576,10.009481056432646],[76.37382468698576,10.007864088921231]]],[[[76.37301620323005,10.011906507699768],[76.37544165449718,10.011906507699768],[76.37544165449718,10.012714991455477],[76.37301620323005,10.012714991455477],[76.37301620323005,10.011906507699768]]],[[[76.37382468698576,9.95450416104453],[76.37463317074146,9.95450416104453],[76.37463317074146,9.957738096067361],[76.37382468698576,9.957738096067361],[76.37382468698576,9.95450416104453]]],[[[76.37463317074146,9.94803629099887],[76.37544165449718,9.94803629099887],[76.37544165449718,9.948844774754578],[76.37463317074146,9.948844774754578],[76.37463317074146,9.94803629099887]]],[[[76.37544165449718,9.947227807243163],[76.37625013825289,9.947227807243163],[76.37625013825289,9.94803629099887],[76.37544165449718,9.94803629099887],[76.37544165449718,9.947227807243163]]],[[[76.37544165449718,10.012714991455477],[76.37625013825289,10.012714991455477],[76.37625013825289,10.013523475211183],[76.37544165449718,10.013523475211183],[76.37544165449718,10.012714991455477]]],[[[76.37625013825289,9.946419323487456],[76.37705862200859,9.946419323487456],[76.37705862200859,9.947227807243163],[76.37625013825289,9.947227807243163],[76.37625013825289,9.946419323487456]]],[[[76.37625013825289,10.013523475211183],[76.37705862200859,10.013523475211183],[76.37705862200859,10.01433195896689],[76.37625013825289,10.01433195896689],[76.37625013825289,10.013523475211183]]],[[[76.37867558952,9.943185388464626],[76.37867558952,9.943993872220332],[76.3778671057643,9.943993872220332],[76.3778671057643,9.946419323487456],[76.37705862200859,9.946419323487456],[76.37705862200859,9.943185388464626],[76.37867558952,9.943185388464626]]],[[[76.37705862200859,10.01433195896689],[76.3778671057643,10.01433195896689],[76.3778671057643,10.015948926478305],[76.37705862200859,10.015948926478305],[76.37705862200859,10.01433195896689]]],[[[76.3778671057643,10.015948926478305],[76.37867558952,10.015948926478305],[76.37867558952,10.016757410234014],[76.3778671057643,10.016757410234014],[76.3778671057643,10.015948926478305]]],[[[76.37867558952,9.942376904708917],[76.3794840732757,9.942376904708917],[76.3794840732757,9.943185388464626],[76.37867558952,9.943185388464626],[76.37867558952,9.942376904708917]]],[[[76.37867558952,10.016757410234014],[76.3794840732757,10.016757410234014],[76.3794840732757,10.01837437774543],[76.37867558952,10.01837437774543],[76.37867558952,10.016757410234014]]],[[[76.37867558952,10.019182861501136],[76.3794840732757,10.019182861501136],[76.3794840732757,10.023225280279675],[76.37867558952,10.023225280279675],[76.37867558952,10.019182861501136]]],[[[76.3794840732757,9.94156842095321],[76.38190952454283,9.94156842095321],[76.38190952454283,9.942376904708917],[76.3794840732757,9.942376904708917],[76.3794840732757,9.94156842095321]]],[[[76.3794840732757,10.01837437774543],[76.38029255703142,10.01837437774543],[76.38029255703142,10.019182861501136],[76.3794840732757,10.019182861501136],[76.3794840732757,10.01837437774543]]],[[[76.3794840732757,10.023225280279675],[76.38029255703142,10.023225280279675],[76.38029255703142,10.025650731546797],[76.3794840732757,10.025650731546797],[76.3794840732757,10.023225280279675]]],[[[76.38029255703142,10.025650731546797],[76.38110104078713,10.025650731546797],[76.38110104078713,10.028076182813919],[76.38029255703142,10.028076182813919],[76.38029255703142,10.025650731546797]]],[[[76.38110104078713,10.028076182813919],[76.38271800829854,10.028076182813919],[76.38271800829854,10.028884666569628],[76.38110104078713,10.028884666569628],[76.38110104078713,10.028076182813919]]],[[[76.38433497580996,9.94156842095321],[76.38190952454283,9.94156842095321],[76.38190952454283,9.939951453441795],[76.38271800829854,9.939951453441795],[76.38271800829854,9.940759937197502],[76.38433497580996,9.940759937197502],[76.38433497580996,9.94156842095321]]],[[[76.38271800829854,10.028884666569628],[76.38433497580996,10.028884666569628],[76.38433497580996,10.029693150325334],[76.38271800829854,10.029693150325334],[76.38271800829854,10.028884666569628]]],[[[76.38433497580996,9.94156842095321],[76.38514345956567,9.94156842095321],[76.38514345956567,9.942376904708917],[76.38433497580996,9.942376904708917],[76.38433497580996,9.94156842095321]]],[[[76.38433497580996,10.029693150325334],[76.38514345956567,10.029693150325334],[76.38514345956567,10.030501634081043],[76.38433497580996,10.030501634081043],[76.38433497580996,10.029693150325334]]],[[[76.38433497580996,10.032118601592458],[76.38514345956567,10.032118601592458],[76.38514345956567,10.033735569103873],[76.38433497580996,10.033735569103873],[76.38433497580996,10.032118601592458]]],[[[76.38676042707708,9.939951453441795],[76.38676042707708,9.940759937197502],[76.38595194332137,9.940759937197502],[76.38595194332137,9.94156842095321],[76.38514345956567,9.94156842095321],[76.38514345956567,9.939951453441795],[76.38676042707708,9.939951453441795]]],[[[76.38514345956567,10.030501634081043],[76.38595194332137,10.030501634081043],[76.38595194332137,10.032118601592458],[76.38514345956567,10.032118601592458],[76.38514345956567,10.030501634081043]]],[[[76.38514345956567,10.033735569103873],[76.38595194332137,10.033735569103873],[76.38595194332137,10.035352536615289],[76.38514345956567,10.035352536615289],[76.38514345956567,10.033735569103873]]],[[[76.38595194332137,10.035352536615289],[76.39080284585562,10.035352536615289],[76.39080284585562,10.036161020370995],[76.38595194332137,10.036161020370995],[76.38595194332137,10.035352536615289]]],[[[76.38676042707708,9.939142969686086],[76.38756891083278,9.939142969686086],[76.38756891083278,9.939951453441795],[76.38676042707708,9.939951453441795],[76.38676042707708,9.939142969686086]]],[[[76.38756891083278,9.939951453441795],[76.38837739458849,9.939951453441795],[76.38837739458849,9.940759937197502],[76.38756891083278,9.940759937197502],[76.38756891083278,9.939951453441795]]],[[[76.38837739458849,9.939142969686086],[76.39241981336703,9.939142969686086],[76.39241981336703,9.939951453441795],[76.38837739458849,9.939951453441795],[76.38837739458849,9.939142969686086]]],[[[76.39080284585562,10.03454405285958],[76.39161132961132,10.03454405285958],[76.39161132961132,10.035352536615289],[76.39080284585562,10.035352536615289],[76.39080284585562,10.03454405285958]]],[[[76.39161132961132,10.035352536615289],[76.39403678087845,10.035352536615289],[76.39403678087845,10.036161020370995],[76.39161132961132,10.036161020370995],[76.39161132961132,10.035352536615289]]],[[[76.39241981336703,9.937526002174671],[76.39403678087845,9.937526002174671],[76.39403678087845,9.939142969686086],[76.39241981336703,9.939142969686086],[76.39241981336703,9.937526002174671]]],[[[76.40131313467981,9.937526002174671],[76.4005046509241,9.937526002174671],[76.4005046509241,9.939142969686086],[76.3996961671684,9.939142969686086],[76.3996961671684,9.937526002174671],[76.39403678087845,9.937526002174671],[76.39403678087845,9.936717518418964],[76.40131313467981,9.936717518418964],[76.40131313467981,9.937526002174671]]],[[[76.39403678087845,10.036161020370995],[76.39565374838986,10.036161020370995],[76.39565374838986,10.036969504126702],[76.39484526463416,10.036969504126702],[76.39484526463416,10.03777798788241],[76.39403678087845,10.03777798788241],[76.39403678087845,10.036161020370995]]],[[[76.39484526463416,10.03777798788241],[76.39565374838986,10.03777798788241],[76.39565374838986,10.038586471638117],[76.39484526463416,10.038586471638117],[76.39484526463416,10.03777798788241]]],[[[76.39565374838986,10.038586471638117],[76.39646223214557,10.038586471638117],[76.39646223214557,10.039394955393826],[76.39565374838986,10.039394955393826],[76.39565374838986,10.038586471638117]]],[[[76.39646223214557,10.039394955393826],[76.39807919965699,10.039394955393826],[76.39807919965699,10.041011922905241],[76.39646223214557,10.041011922905241],[76.39646223214557,10.039394955393826]]],[[[76.39807919965699,10.041011922905241],[76.3996961671684,10.041011922905241],[76.3996961671684,10.041820406660948],[76.39807919965699,10.041820406660948],[76.39807919965699,10.041011922905241]]],[[[76.3996961671684,10.041820406660948],[76.4005046509241,10.041820406660948],[76.4005046509241,10.042628890416657],[76.3996961671684,10.042628890416657],[76.3996961671684,10.041820406660948]]],[[[76.4005046509241,10.041011922905241],[76.40131313467981,10.041011922905241],[76.40131313467981,10.041820406660948],[76.4005046509241,10.041820406660948],[76.4005046509241,10.041011922905241]]],[[[76.40131313467981,9.937526002174671],[76.40212161843553,9.937526002174671],[76.40212161843553,9.939142969686086],[76.40131313467981,9.939142969686086],[76.40131313467981,9.937526002174671]]],[[[76.40293010219123,10.039394955393826],[76.40293010219123,10.040203439149533],[76.40212161843553,10.040203439149533],[76.40212161843553,10.041011922905241],[76.40131313467981,10.041011922905241],[76.40131313467981,10.039394955393826],[76.40293010219123,10.039394955393826]]],[[[76.40212161843553,9.939142969686086],[76.40373858594694,9.939142969686086],[76.40373858594694,9.939951453441795],[76.40212161843553,9.939951453441795],[76.40212161843553,9.939142969686086]]],[[[76.40293010219123,10.038586471638117],[76.40616403721405,10.038586471638117],[76.40616403721405,10.039394955393826],[76.40293010219123,10.039394955393826],[76.40293010219123,10.038586471638117]]],[[[76.40373858594694,9.939951453441795],[76.40454706970264,9.939951453441795],[76.40454706970264,9.94156842095321],[76.40373858594694,9.94156842095321],[76.40373858594694,9.939951453441795]]],[[[76.40454706970264,9.94156842095321],[76.40535555345835,9.94156842095321],[76.40535555345835,9.942376904708917],[76.40454706970264,9.942376904708917],[76.40454706970264,9.94156842095321]]],[[[76.40535555345835,9.942376904708917],[76.40697252096977,9.942376904708917],[76.40697252096977,9.943185388464626],[76.40939797223689,9.943185388464626],[76.40939797223689,9.943993872220332],[76.40616403721405,9.943993872220332],[76.40616403721405,9.943185388464626],[76.40535555345835,9.943185388464626],[76.40535555345835,9.942376904708917]]],[[[76.40616403721405,10.039394955393826],[76.40778100472548,10.039394955393826],[76.40778100472548,10.041011922905241],[76.40697252096977,10.041011922905241],[76.40697252096977,10.040203439149533],[76.40616403721405,10.040203439149533],[76.40616403721405,10.039394955393826]]],[[[76.40778100472548,10.041011922905241],[76.40858948848118,10.041011922905241],[76.40858948848118,10.042628890416657],[76.40778100472548,10.042628890416657],[76.40778100472548,10.041011922905241]]],[[[76.40858948848118,10.042628890416657],[76.4102064559926,10.042628890416657],[76.4102064559926,10.044245857928072],[76.40939797223689,10.044245857928072],[76.40939797223689,10.043437374172363],[76.40858948848118,10.043437374172363],[76.40858948848118,10.042628890416657]]],[[[76.40939797223689,9.943993872220332],[76.4102064559926,9.943993872220332],[76.4102064559926,9.945610839731748],[76.40939797223689,9.945610839731748],[76.40939797223689,9.943993872220332]]],[[[76.4102064559926,9.945610839731748],[76.41263190725972,9.945610839731748],[76.41263190725972,9.946419323487456],[76.4102064559926,9.946419323487456],[76.4102064559926,9.945610839731748]]],[[[76.4102064559926,10.044245857928072],[76.41101493974831,10.044245857928072],[76.41101493974831,10.045862825439487],[76.4102064559926,10.045862825439487],[76.4102064559926,10.044245857928072]]],[[[76.41101493974831,10.045862825439487],[76.41182342350402,10.045862825439487],[76.41182342350402,10.0474797929509],[76.41101493974831,10.0474797929509],[76.41101493974831,10.045862825439487]]],[[[76.41182342350402,10.0474797929509],[76.41263190725972,10.0474797929509],[76.41263190725972,10.048288276706609],[76.41182342350402,10.048288276706609],[76.41182342350402,10.0474797929509]]],[[[76.41263190725972,9.946419323487456],[76.41344039101543,9.946419323487456],[76.41344039101543,9.947227807243163],[76.41263190725972,9.947227807243163],[76.41263190725972,9.946419323487456]]],[[[76.41263190725972,10.048288276706609],[76.41344039101543,10.048288276706609],[76.41344039101543,10.049096760462316],[76.41263190725972,10.049096760462316],[76.41263190725972,10.048288276706609]]],[[[76.41344039101543,9.947227807243163],[76.41424887477113,9.947227807243163],[76.41424887477113,9.94803629099887],[76.41505735852684,9.94803629099887],[76.41505735852684,9.949653258510285],[76.41424887477113,9.949653258510285],[76.41424887477113,9.948844774754578],[76.41344039101543,9.948844774754578],[76.41344039101543,9.947227807243163]]],[[[76.41344039101543,10.049096760462316],[76.41424887477113,10.049096760462316],[76.41424887477113,10.049905244218024],[76.41505735852684,10.049905244218024],[76.41505735852684,10.050713727973731],[76.41344039101543,10.050713727973731],[76.41344039101543,10.049096760462316]]],[[[76.41505735852684,9.949653258510285],[76.41586584228256,9.949653258510285],[76.41586584228256,9.950461742265993],[76.41505735852684,9.950461742265993],[76.41505735852684,9.949653258510285]]],[[[76.41505735852684,10.050713727973731],[76.41586584228256,10.050713727973731],[76.41586584228256,10.05152221172944],[76.41505735852684,10.05152221172944],[76.41505735852684,10.050713727973731]]],[[[76.41586584228256,9.950461742265993],[76.41909977730538,9.950461742265993],[76.41909977730538,9.9512702260217],[76.41586584228256,9.9512702260217],[76.41586584228256,9.950461742265993]]],[[[76.41586584228256,10.05152221172944],[76.41829129354967,10.05152221172944],[76.41829129354967,10.052330695485146],[76.41586584228256,10.052330695485146],[76.41586584228256,10.05152221172944]]],[[[76.41909977730538,9.9512702260217],[76.42233371232821,9.9512702260217],[76.42233371232821,9.952887193533115],[76.4215252285725,9.952887193533115],[76.4215252285725,9.952078709777409],[76.41909977730538,9.952078709777409],[76.41909977730538,9.9512702260217]]],[[[76.42233371232821,9.952887193533115],[76.42314219608392,9.952887193533115],[76.42314219608392,9.953695677288824],[76.42233371232821,9.953695677288824],[76.42233371232821,9.952887193533115]]],[[[76.42314219608392,9.953695677288824],[76.42475916359534,9.953695677288824],[76.42475916359534,9.95450416104453],[76.42314219608392,9.95450416104453],[76.42314219608392,9.953695677288824]]],[[[76.42475916359534,9.95450416104453],[76.42556764735104,9.95450416104453],[76.42556764735104,9.95531264480024],[76.42475916359534,9.95531264480024],[76.42475916359534,9.95450416104453]]],[[[76.42556764735104,9.95531264480024],[76.42637613110675,9.95531264480024],[76.42637613110675,9.956929612311654],[76.42556764735104,9.956929612311654],[76.42556764735104,9.95531264480024]]]]},"id":"+317063+92864","properties":{"count":445,"label":1}},{"type":"Feature","geometry":{"geodesic":false,"type":"Polygon","coordinates":[[[76.38029255702773,9.842933402757694],[76.38110104078348,9.842933402757694],[76.38110104078348,9.8437418865134],[76.38029255702773,9.8437418865134],[76.38029255702773,9.842933402757694]]]},"id":"+317113+92959","properties":{"count":1,"label":1}},{"type":"Feature","geometry":{"geodesic":false,"type":"Polygon","coordinates":[[[76.38352649205055,9.8437418865134],[76.3843349758063,9.8437418865134],[76.3843349758063,9.844550370269104],[76.38352649205055,9.844550370269104],[76.38352649205055,9.8437418865134]]]},"id":"+317117+92958","properties":{"count":1,"label":1}},{"type":"Feature","geometry":{"geodesic":false,"type":"MultiPolygon","coordinates":[[[[76.38514345956567,9.868804882939529],[76.38595194332137,9.868804882939529],[76.38595194332137,9.869613366695235],[76.38514345956567,9.869613366695235],[76.38514345956567,9.868804882939529]]],[[[76.38837739458849,9.843741886512595],[76.38918587834421,9.843741886512595],[76.38918587834421,9.844550370268301],[76.38837739458849,9.844550370268301],[76.38837739458849,9.843741886512595]]],[[[76.38352649205424,9.862337012893867],[76.38433497580996,9.862337012893867],[76.38433497580996,9.863145496649576],[76.38352649205424,9.863145496649576],[76.38352649205424,9.862337012893867]]],[[[76.38433497580996,9.860720045382452],[76.38514345956567,9.860720045382452],[76.38514345956567,9.862337012893867],[76.38433497580996,9.862337012893867],[76.38433497580996,9.860720045382452]]],[[[76.38433497580996,9.863145496649576],[76.38756891083278,9.863145496649576],[76.38756891083278,9.864762464160991],[76.38676042707708,9.864762464160991],[76.38676042707708,9.863953980405283],[76.38433497580996,9.863953980405283],[76.38433497580996,9.863145496649576]]],[[[76.38514345956567,9.854252175336793],[76.38595194332137,9.854252175336793],[76.38595194332137,9.860720045382452],[76.38514345956567,9.860720045382452],[76.38514345956567,9.854252175336793]]],[[[76.38676042707708,9.864762464160991],[76.38676042707708,9.867187915428113],[76.38595194332137,9.867187915428113],[76.38595194332137,9.865570947916698],[76.38514345956567,9.865570947916698],[76.38514345956567,9.864762464160991],[76.38676042707708,9.864762464160991]]],[[[76.38595194332137,9.852635207825378],[76.38676042707708,9.852635207825378],[76.38676042707708,9.854252175336793],[76.38595194332137,9.854252175336793],[76.38595194332137,9.852635207825378]]],[[[76.38595194332137,9.867996399183822],[76.38676042707708,9.867996399183822],[76.38676042707708,9.868804882939529],[76.38595194332137,9.868804882939529],[76.38595194332137,9.867996399183822]]],[[[76.38676042707708,9.851826724069669],[76.38756891083278,9.851826724069669],[76.38756891083278,9.852635207825378],[76.38676042707708,9.852635207825378],[76.38676042707708,9.851826724069669]]],[[[76.38676042707708,9.867187915428113],[76.38756891083278,9.867187915428113],[76.38756891083278,9.867996399183822],[76.38676042707708,9.867996399183822],[76.38676042707708,9.867187915428113]]],[[[76.38756891083278,9.850209756558254],[76.38837739458849,9.850209756558254],[76.38837739458849,9.851826724069669],[76.38756891083278,9.851826724069669],[76.38756891083278,9.850209756558254]]],[[[76.38837739458849,9.849401272802547],[76.38918587834421,9.849401272802547],[76.38918587834421,9.850209756558254],[76.38837739458849,9.850209756558254],[76.38837739458849,9.849401272802547]]],[[[76.38918587834421,9.844550370268301],[76.39080284585562,9.844550370268301],[76.39080284585562,9.849401272802547],[76.38918587834421,9.849401272802547],[76.38918587834421,9.844550370268301]]]]},"id":"+317123+92958","properties":{"count":42,"label":1}},{"type":"Feature","geometry":{"geodesic":false,"type":"Polygon","coordinates":[[[76.43769490368297,10.294067338442517],[76.43850338743871,10.294067338442517],[76.43850338743871,10.294875822198222],[76.43769490368297,10.294875822198222],[76.43769490368297,10.294067338442517]]]},"id":"+317184+92401","properties":{"count":1,"label":1}},{"type":"Feature","geometry":{"geodesic":false,"type":"Polygon","coordinates":[[[76.4393118711944,10.294067338442517],[76.4401203549501,10.294067338442517],[76.4401203549501,10.294875822198222],[76.4393118711944,10.294875822198222],[76.4393118711944,10.294067338442517]]]},"id":"+317186+92401","properties":{"count":1,"label":1}},{"type":"Feature","geometry":{"geodesic":false,"type":"Polygon","coordinates":[[[76.44092883870579,10.293258854686812],[76.44254580621723,10.293258854686812],[76.44254580621723,10.294067338442517],[76.44092883870579,10.294067338442517],[76.44092883870579,10.293258854686812]]]},"id":"+317189+92402","properties":{"count":2,"label":1}},{"type":"Feature","geometry":{"geodesic":false,"type":"MultiPolygon","coordinates":[[[[76.44416277373232,10.29406733844171],[76.44497125748802,10.29406733844171],[76.44497125748802,10.294875822197417],[76.44416277373232,10.294875822197417],[76.44416277373232,10.29406733844171]]],[[[76.44577974124373,10.295684305953126],[76.44982216002226,10.295684305953126],[76.44982216002226,10.296492789708832],[76.44577974124373,10.296492789708832],[76.44577974124373,10.295684305953126]]],[[[76.44497125748802,10.294875822197417],[76.44577974124373,10.294875822197417],[76.44577974124373,10.295684305953126],[76.44497125748802,10.295684305953126],[76.44497125748802,10.294875822197417]]]]},"id":"+317192+92401","properties":{"count":7,"label":1}},{"type":"Feature","geometry":{"geodesic":false,"type":"Polygon","coordinates":[[[76.46033244884282,10.295684305953941],[76.46114093259851,10.295684305953941],[76.46114093259851,10.296492789709646],[76.46033244884282,10.296492789709646],[76.46033244884282,10.295684305953941]]]},"id":"+317212+92399","properties":{"count":1,"label":1}},{"type":"Feature","geometry":{"geodesic":false,"type":"Polygon","coordinates":[[[76.46275790010989,10.294875822198222],[76.46356638386564,10.294875822198222],[76.46356638386564,10.295684305953941],[76.46275790010989,10.295684305953941],[76.46275790010989,10.294875822198222]]]},"id":"+317215+92400","properties":{"count":1,"label":1}},{"type":"Feature","geometry":{"geodesic":false,"type":"Polygon","coordinates":[[[76.46275790010989,9.846167337780528],[76.46356638386564,9.846167337780528],[76.46356638386564,9.846975821536233],[76.46275790010989,9.846975821536233],[76.46275790010989,9.846167337780528]]]},"id":"+317215+92955","properties":{"count":1,"label":1}},{"type":"Feature","geometry":{"geodesic":false,"type":"Polygon","coordinates":[[[76.46437486762133,9.845358854024823],[76.46518335137702,9.845358854024823],[76.46518335137702,9.846167337780528],[76.46437486762133,9.846167337780528],[76.46437486762133,9.845358854024823]]]},"id":"+317217+92956","properties":{"count":1,"label":1}},{"type":"Feature","geometry":{"geodesic":false,"type":"Polygon","coordinates":[[[76.46599183513277,10.294067338442517],[76.46680031888846,10.294067338442517],[76.46680031888846,10.294875822198222],[76.46599183513277,10.294875822198222],[76.46599183513277,10.294067338442517]]]},"id":"+317219+92401","properties":{"count":1,"label":1}},{"type":"Feature","geometry":{"geodesic":false,"type":"Polygon","coordinates":[[[76.46680031888846,9.844550370269104],[76.46760880264415,9.844550370269104],[76.46760880264415,9.845358854024823],[76.46680031888846,9.845358854024823],[76.46680031888846,9.844550370269104]]]},"id":"+317220+92957","properties":{"count":1,"label":1}},{"type":"Feature","geometry":{"geodesic":false,"type":"Polygon","coordinates":[[[76.46760880264415,10.293258854686812],[76.46841728639984,10.293258854686812],[76.46841728639984,10.294067338442517],[76.46760880264415,10.294067338442517],[76.46760880264415,10.293258854686812]]]},"id":"+317221+92402","properties":{"count":1,"label":1}},{"type":"Feature","geometry":{"geodesic":false,"type":"Polygon","coordinates":[[[76.46841728639984,9.8437418865134],[76.47003425391128,9.8437418865134],[76.47003425391128,9.844550370269104],[76.46841728639984,9.844550370269104],[76.46841728639984,9.8437418865134]]]},"id":"+317223+92958","properties":{"count":2,"label":1}},{"type":"Feature","geometry":{"geodesic":false,"type":"MultiPolygon","coordinates":[[[[76.4732681889378,9.84212491900118],[76.47569364020491,9.84212491900118],[76.47569364020491,9.842933402756886],[76.4732681889378,9.842933402756886],[76.4732681889378,9.84212491900118]]],[[[76.47084273767067,9.842933402756886],[76.4732681889378,9.842933402756886],[76.4732681889378,9.843741886512595],[76.47084273767067,9.843741886512595],[76.47084273767067,9.842933402756886]]]]},"id":"+317230+92960","properties":{"count":6,"label":1}},{"type":"Feature","geometry":{"geodesic":false,"type":"MultiPolygon","coordinates":[[[[76.47731060771633,10.292450370930295],[76.47973605898345,10.292450370930295],[76.47973605898345,10.293258854686002],[76.47731060771633,10.293258854686002],[76.47731060771633,10.292450370930295]]],[[[76.4748851564492,10.291641887174587],[76.47731060771633,10.291641887174587],[76.47731060771633,10.292450370930295],[76.4748851564492,10.292450370930295],[76.4748851564492,10.291641887174587]]]]},"id":"+317232+92404","properties":{"count":6,"label":1}},{"type":"Feature","geometry":{"geodesic":false,"type":"MultiPolygon","coordinates":[[[[76.47811909147204,9.844550370268301],[76.47892757522774,9.844550370268301],[76.47892757522774,9.84535885402401],[76.47811909147204,9.84535885402401],[76.47811909147204,9.844550370268301]]],[[[76.47731060771633,9.843741886512595],[76.47811909147204,9.843741886512595],[76.47811909147204,9.844550370268301],[76.47731060771633,9.844550370268301],[76.47731060771633,9.843741886512595]]]]},"id":"+317233+92958","properties":{"count":2,"label":1}},{"type":"Feature","geometry":{"geodesic":false,"type":"MultiPolygon","coordinates":[[[[76.47973605898345,9.846167337779717],[76.48054454273915,9.846167337779717],[76.48054454273915,9.846975821535425],[76.47973605898345,9.846975821535425],[76.47973605898345,9.846167337779717]]],[[[76.48943786405194,9.847784305291132],[76.49024634780764,9.847784305291132],[76.49024634780764,9.849401272802547],[76.48943786405194,9.849401272802547],[76.48943786405194,9.847784305291132]]],[[[76.51611782799029,10.025650731546797],[76.516926311746,10.025650731546797],[76.516926311746,10.026459215302504],[76.51611782799029,10.026459215302504],[76.51611782799029,10.025650731546797]]],[[[76.56139291830992,9.887400009320803],[76.56220140206563,9.887400009320803],[76.56220140206563,9.88820849307651],[76.56139291830992,9.88820849307651],[76.56139291830992,9.887400009320803]]],[[[76.5824134959583,9.85829459411533],[76.58483894722544,9.85829459411533],[76.58483894722544,9.859103077871037],[76.5824134959583,9.859103077871037],[76.5824134959583,9.85829459411533]]],[[[76.58483894722544,10.03131011783675],[76.58403046346973,10.03131011783675],[76.58403046346973,10.036161020370995],[76.58322197971403,10.036161020370995],[76.58322197971403,10.030501634081043],[76.58403046346973,10.030501634081043],[76.58403046346973,10.029693150325334],[76.58483894722544,10.029693150325334],[76.58483894722544,10.03131011783675]]],[[[76.63011403754506,9.909229070724907],[76.63092252130076,9.909229070724907],[76.63092252130076,9.910037554480615],[76.63011403754506,9.910037554480615],[76.63011403754506,9.909229070724907]]],[[[76.64304977763638,9.918930875793398],[76.64385826139208,9.918930875793398],[76.64385826139208,9.919739359549105],[76.64304977763638,9.919739359549105],[76.64304977763638,9.918930875793398]]],[[[76.64304977763638,10.10164820458331],[76.64466674514779,10.10164820458331],[76.64466674514779,10.102456688339016],[76.64304977763638,10.102456688339016],[76.64304977763638,10.10164820458331]]],[[[76.71257938062723,9.986035027517126],[76.71581331565007,9.986035027517126],[76.71581331565007,9.986843511272834],[76.71257938062723,9.986843511272834],[76.71257938062723,9.986035027517126]]],[[[76.77564111357242,10.02160831276826],[76.77644959732812,10.02160831276826],[76.77644959732812,10.022416796523967],[76.77564111357242,10.022416796523967],[76.77564111357242,10.02160831276826]]],[[[76.46922577015926,9.886591525565095],[76.47003425391496,9.886591525565095],[76.47003425391496,9.89144242809934],[76.46922577015926,9.89144242809934],[76.46922577015926,9.886591525565095]]],[[[76.47003425391496,9.885783041809388],[76.47245970518208,9.885783041809388],[76.47245970518208,9.886591525565095],[76.47003425391496,9.886591525565095],[76.47003425391496,9.885783041809388]]],[[[76.47003425391496,9.89144242809934],[76.47165122142637,9.89144242809934],[76.47165122142637,9.893059395610756],[76.47003425391496,9.893059395610756],[76.47003425391496,9.89144242809934]]],[[[76.47165122142637,9.893059395610756],[76.47245970518208,9.893059395610756],[76.47245970518208,9.894676363122171],[76.47165122142637,9.894676363122171],[76.47165122142637,9.893059395610756]]],[[[76.47245970518208,9.88497455805368],[76.4740766726935,9.88497455805368],[76.4740766726935,9.885783041809388],[76.47245970518208,9.885783041809388],[76.47245970518208,9.88497455805368]]],[[[76.47245970518208,9.894676363122171],[76.4732681889378,9.894676363122171],[76.4732681889378,9.895484846877878],[76.47245970518208,9.895484846877878],[76.47245970518208,9.894676363122171]]],[[[76.47245970518208,9.91488845701486],[76.4732681889378,9.91488845701486],[76.4732681889378,9.916505424526274],[76.47245970518208,9.916505424526274],[76.47245970518208,9.91488845701486]]],[[[76.47245970518208,9.93510055090755],[76.4732681889378,9.93510055090755],[76.4732681889378,9.939951453441795],[76.47245970518208,9.939951453441795],[76.47245970518208,9.93510055090755]]],[[[76.4732681889378,9.895484846877878],[76.4740766726935,9.895484846877878],[76.4740766726935,9.897101814389293],[76.4732681889378,9.897101814389293],[76.4732681889378,9.895484846877878]]],[[[76.4732681889378,9.914079973259152],[76.4740766726935,9.914079973259152],[76.4740766726935,9.91488845701486],[76.4732681889378,9.91488845701486],[76.4732681889378,9.914079973259152]]],[[[76.4732681889378,9.916505424526274],[76.4748851564492,9.916505424526274],[76.4748851564492,9.917313908281983],[76.4732681889378,9.917313908281983],[76.4732681889378,9.916505424526274]]],[[[76.4732681889378,9.932675099640427],[76.4740766726935,9.932675099640427],[76.4740766726935,9.93510055090755],[76.4732681889378,9.93510055090755],[76.4732681889378,9.932675099640427]]],[[[76.4732681889378,9.939951453441795],[76.4740766726935,9.939951453441795],[76.4740766726935,9.940759937197502],[76.4732681889378,9.940759937197502],[76.4732681889378,9.939951453441795]]],[[[76.4740766726935,9.885783041809388],[76.47569364020491,9.885783041809388],[76.47569364020491,9.886591525565095],[76.4740766726935,9.886591525565095],[76.4740766726935,9.885783041809388]]],[[[76.4740766726935,9.897101814389293],[76.4748851564492,9.897101814389293],[76.4748851564492,9.897910298145002],[76.4740766726935,9.897910298145002],[76.4740766726935,9.897101814389293]]],[[[76.4740766726935,9.913271489503446],[76.4748851564492,9.913271489503446],[76.4748851564492,9.914079973259152],[76.4740766726935,9.914079973259152],[76.4740766726935,9.913271489503446]]],[[[76.4740766726935,9.931866615884719],[76.4748851564492,9.931866615884719],[76.4748851564492,9.932675099640427],[76.4740766726935,9.932675099640427],[76.4740766726935,9.931866615884719]]],[[[76.4740766726935,9.940759937197502],[76.47569364020491,9.940759937197502],[76.47569364020491,9.94156842095321],[76.4740766726935,9.94156842095321],[76.4740766726935,9.940759937197502]]],[[[76.4748851564492,9.897910298145002],[76.47569364020491,9.897910298145002],[76.47569364020491,9.898718781900708],[76.4748851564492,9.898718781900708],[76.4748851564492,9.897910298145002]]],[[[76.4748851564492,9.912463005747737],[76.47569364020491,9.912463005747737],[76.47569364020491,9.913271489503446],[76.4748851564492,9.913271489503446],[76.4748851564492,9.912463005747737]]],[[[76.4748851564492,9.917313908281983],[76.47892757522774,9.917313908281983],[76.47892757522774,9.91812239203769],[76.4748851564492,9.91812239203769],[76.4748851564492,9.917313908281983]]],[[[76.4748851564492,9.931058132129012],[76.47569364020491,9.931058132129012],[76.47569364020491,9.931866615884719],[76.4748851564492,9.931866615884719],[76.4748851564492,9.931058132129012]]],[[[76.47569364020491,9.88497455805368],[76.47731060771633,9.88497455805368],[76.47731060771633,9.885783041809388],[76.47569364020491,9.885783041809388],[76.47569364020491,9.88497455805368]]],[[[76.47569364020491,9.898718781900708],[76.47650212396061,9.898718781900708],[76.47650212396061,9.899527265656417],[76.47569364020491,9.899527265656417],[76.47569364020491,9.898718781900708]]],[[[76.47569364020491,9.910846038236322],[76.47650212396061,9.910846038236322],[76.47650212396061,9.912463005747737],[76.47569364020491,9.912463005747737],[76.47569364020491,9.910846038236322]]],[[[76.47569364020491,9.930249648373303],[76.47650212396061,9.930249648373303],[76.47650212396061,9.931058132129012],[76.47569364020491,9.931058132129012],[76.47569364020491,9.930249648373303]]],[[[76.47569364020491,9.94156842095321],[76.47731060771633,9.94156842095321],[76.47731060771633,9.942376904708917],[76.47569364020491,9.942376904708917],[76.47569364020491,9.94156842095321]]],[[[76.47650212396061,9.899527265656417],[76.47731060771633,9.899527265656417],[76.47731060771633,9.900335749412124],[76.47650212396061,9.900335749412124],[76.47650212396061,9.899527265656417]]],[[[76.47650212396061,9.910037554480615],[76.47731060771633,9.910037554480615],[76.47731060771633,9.910846038236322],[76.47650212396061,9.910846038236322],[76.47650212396061,9.910037554480615]]],[[[76.47650212396061,9.929441164617597],[76.47731060771633,9.929441164617597],[76.47731060771633,9.930249648373303],[76.47650212396061,9.930249648373303],[76.47650212396061,9.929441164617597]]],[[[76.47731060771633,9.883357590542264],[76.47811909147204,9.883357590542264],[76.47811909147204,9.88497455805368],[76.47731060771633,9.88497455805368],[76.47731060771633,9.883357590542264]]],[[[76.47731060771633,9.900335749412124],[76.47973605898345,9.900335749412124],[76.47973605898345,9.901144233167832],[76.47731060771633,9.901144233167832],[76.47731060771633,9.900335749412124]]],[[[76.47731060771633,9.909229070724907],[76.47811909147204,9.909229070724907],[76.47811909147204,9.910037554480615],[76.47731060771633,9.910037554480615],[76.47731060771633,9.909229070724907]]],[[[76.47731060771633,9.928632680861888],[76.47811909147204,9.928632680861888],[76.47811909147204,9.929441164617597],[76.47731060771633,9.929441164617597],[76.47731060771633,9.928632680861888]]],[[[76.47731060771633,9.942376904708917],[76.47811909147204,9.942376904708917],[76.47811909147204,9.943185388464626],[76.47731060771633,9.943185388464626],[76.47731060771633,9.942376904708917]]],[[[76.47973605898345,9.862337012893867],[76.47973605898345,9.863145496649576],[76.47892757522774,9.863145496649576],[76.47892757522774,9.863953980405283],[76.47811909147204,9.863953980405283],[76.47811909147204,9.862337012893867],[76.47973605898345,9.862337012893867]]],[[[76.47811909147204,9.88497455805368],[76.47973605898345,9.88497455805368],[76.47973605898345,9.885783041809388],[76.47811909147204,9.885783041809388],[76.47811909147204,9.88497455805368]]],[[[76.47811909147204,9.9084205869692],[76.47892757522774,9.9084205869692],[76.47892757522774,9.909229070724907],[76.47811909147204,9.909229070724907],[76.47811909147204,9.9084205869692]]],[[[76.47811909147204,9.927824197106181],[76.47892757522774,9.927824197106181],[76.47892757522774,9.928632680861888],[76.47811909147204,9.928632680861888],[76.47811909147204,9.927824197106181]]],[[[76.47811909147204,9.943185388464626],[76.47892757522774,9.943185388464626],[76.47892757522774,9.943993872220332],[76.47811909147204,9.943993872220332],[76.47811909147204,9.943185388464626]]],[[[76.47892757522774,9.863953980405283],[76.47973605898345,9.863953980405283],[76.47973605898345,9.867187915428113],[76.47892757522774,9.867187915428113],[76.47892757522774,9.863953980405283]]],[[[76.47892757522774,9.907612103213491],[76.48054454273915,9.907612103213491],[76.48054454273915,9.9084205869692],[76.47892757522774,9.9084205869692],[76.47892757522774,9.907612103213491]]],[[[76.47892757522774,9.91812239203769],[76.47973605898345,9.91812239203769],[76.47973605898345,9.919739359549105],[76.47892757522774,9.919739359549105],[76.47892757522774,9.91812239203769]]],[[[76.47892757522774,9.927015713350473],[76.47973605898345,9.927015713350473],[76.47973605898345,9.927824197106181],[76.47892757522774,9.927824197106181],[76.47892757522774,9.927015713350473]]],[[[76.47892757522774,9.943993872220332],[76.47973605898345,9.943993872220332],[76.47973605898345,9.94480235597604],[76.47892757522774,9.94480235597604],[76.47892757522774,9.943993872220332]]],[[[76.47973605898345,9.86152852913816],[76.48054454273915,9.86152852913816],[76.48054454273915,9.862337012893867],[76.47973605898345,9.862337012893867],[76.47973605898345,9.86152852913816]]],[[[76.47973605898345,9.867187915428113],[76.48054454273915,9.867187915428113],[76.48054454273915,9.868804882939529],[76.47973605898345,9.868804882939529],[76.47973605898345,9.867187915428113]]],[[[76.47973605898345,9.883357590542264],[76.48216151025058,9.883357590542264],[76.48216151025058,9.88497455805368],[76.47973605898345,9.88497455805368],[76.47973605898345,9.883357590542264]]],[[[76.47973605898345,9.901144233167832],[76.48135302649486,9.901144233167832],[76.48135302649486,9.901952716923539],[76.47973605898345,9.901952716923539],[76.47973605898345,9.901144233167832]]],[[[76.47973605898345,9.919739359549105],[76.48054454273915,9.919739359549105],[76.48054454273915,9.922164810816229],[76.47973605898345,9.922164810816229],[76.47973605898345,9.919739359549105]]],[[[76.47973605898345,9.923781778327644],[76.48054454273915,9.923781778327644],[76.48054454273915,9.927015713350473],[76.47973605898345,9.927015713350473],[76.47973605898345,9.923781778327644]]],[[[76.47973605898345,9.94480235597604],[76.48135302649486,9.94480235597604],[76.48135302649486,9.945610839731748],[76.47973605898345,9.945610839731748],[76.47973605898345,9.94480235597604]]],[[[76.48054454273915,9.846975821535425],[76.48135302649486,9.846975821535425],[76.48135302649486,9.846167337779717],[76.48216151025058,9.846167337779717],[76.48216151025058,9.847784305291132],[76.48054454273915,9.847784305291132],[76.48054454273915,9.846975821535425]]],[[[76.48054454273915,9.862337012893867],[76.48135302649486,9.862337012893867],[76.48135302649486,9.863145496649576],[76.48054454273915,9.863145496649576],[76.48054454273915,9.862337012893867]]],[[[76.48054454273915,9.868804882939529],[76.48135302649486,9.868804882939529],[76.48135302649486,9.870421850450944],[76.48054454273915,9.870421850450944],[76.48054454273915,9.868804882939529]]],[[[76.48054454273915,9.906803619457785],[76.48135302649486,9.906803619457785],[76.48135302649486,9.907612103213491],[76.48054454273915,9.907612103213491],[76.48054454273915,9.906803619457785]]],[[[76.48054454273915,9.922164810816229],[76.48135302649486,9.922164810816229],[76.48135302649486,9.923781778327644],[76.48054454273915,9.923781778327644],[76.48054454273915,9.922164810816229]]],[[[76.48135302649486,9.86152852913816],[76.48216151025058,9.86152852913816],[76.48216151025058,9.862337012893867],[76.48135302649486,9.862337012893867],[76.48135302649486,9.86152852913816]]],[[[76.48135302649486,9.870421850450944],[76.48216151025058,9.870421850450944],[76.48216151025058,9.872038817962359],[76.48135302649486,9.872038817962359],[76.48135302649486,9.870421850450944]]],[[[76.48135302649486,9.900335749412124],[76.48216151025058,9.900335749412124],[76.48216151025058,9.901144233167832],[76.48135302649486,9.901144233167832],[76.48135302649486,9.900335749412124]]],[[[76.48135302649486,9.90518665194637],[76.48216151025058,9.90518665194637],[76.48216151025058,9.906803619457785],[76.48135302649486,9.906803619457785],[76.48135302649486,9.90518665194637]]],[[[76.48135302649486,9.945610839731748],[76.48216151025058,9.945610839731748],[76.48216151025058,9.946419323487456],[76.48135302649486,9.946419323487456],[76.48135302649486,9.945610839731748]]],[[[76.48458696151769,9.84535885402401],[76.48296999400628,9.84535885402401],[76.48296999400628,9.846167337779717],[76.48216151025058,9.846167337779717],[76.48216151025058,9.844550370268301],[76.48458696151769,9.844550370268301],[76.48458696151769,9.84535885402401]]],[[[76.48216151025058,9.860720045382452],[76.4853954452734,9.860720045382452],[76.4853954452734,9.86152852913816],[76.48216151025058,9.86152852913816],[76.48216151025058,9.860720045382452]]],[[[76.48216151025058,9.872038817962359],[76.48296999400628,9.872038817962359],[76.48296999400628,9.873655785473774],[76.48216151025058,9.873655785473774],[76.48216151025058,9.872038817962359]]],[[[76.48216151025058,9.882549106786557],[76.48377847776199,9.882549106786557],[76.48377847776199,9.883357590542264],[76.48216151025058,9.883357590542264],[76.48216151025058,9.882549106786557]]],[[[76.48216151025058,9.901144233167832],[76.48458696151769,9.901144233167832],[76.48458696151769,9.901952716923539],[76.48296999400628,9.901952716923539],[76.48296999400628,9.90437816819066],[76.48377847776199,9.90437816819066],[76.48377847776199,9.90518665194637],[76.48216151025058,9.90518665194637],[76.48216151025058,9.901144233167832]]],[[[76.48216151025058,9.946419323487456],[76.48296999400628,9.946419323487456],[76.48296999400628,9.947227807243163],[76.48216151025058,9.947227807243163],[76.48216151025058,9.946419323487456]]],[[[76.48296999400628,9.873655785473774],[76.48377847776199,9.873655785473774],[76.48377847776199,9.874464269229481],[76.48296999400628,9.874464269229481],[76.48296999400628,9.873655785473774]]],[[[76.48296999400628,9.947227807243163],[76.48377847776199,9.947227807243163],[76.48377847776199,9.948844774754578],[76.48296999400628,9.948844774754578],[76.48296999400628,9.947227807243163]]],[[[76.48377847776199,9.874464269229481],[76.48458696151769,9.874464269229481],[76.48458696151769,9.87527275298519],[76.48377847776199,9.87527275298519],[76.48377847776199,9.874464269229481]]],[[[76.48377847776199,9.883357590542264],[76.48458696151769,9.883357590542264],[76.48458696151769,9.88497455805368],[76.48377847776199,9.88497455805368],[76.48377847776199,9.883357590542264]]],[[[76.48377847776199,9.948844774754578],[76.48458696151769,9.948844774754578],[76.48458696151769,9.950461742265993],[76.48377847776199,9.950461742265993],[76.48377847776199,9.948844774754578]]],[[[76.48458696151769,9.84535885402401],[76.4853954452734,9.84535885402401],[76.4853954452734,9.846167337779717],[76.48458696151769,9.846167337779717],[76.48458696151769,9.84535885402401]]],[[[76.48458696151769,9.87527275298519],[76.4853954452734,9.87527275298519],[76.4853954452734,9.876081236740896],[76.48458696151769,9.876081236740896],[76.48458696151769,9.87527275298519]]],[[[76.48620392902912,9.881740623030849],[76.48620392902912,9.882549106786557],[76.4853954452734,9.882549106786557],[76.4853954452734,9.883357590542264],[76.48458696151769,9.883357590542264],[76.48458696151769,9.880932139275142],[76.4853954452734,9.880932139275142],[76.4853954452734,9.881740623030849],[76.48620392902912,9.881740623030849]]],[[[76.48458696151769,9.901952716923539],[76.4853954452734,9.901952716923539],[76.4853954452734,9.902761200679247],[76.48458696151769,9.902761200679247],[76.48458696151769,9.901952716923539]]],[[[76.48458696151769,9.950461742265993],[76.4853954452734,9.950461742265993],[76.4853954452734,9.9512702260217],[76.48458696151769,9.9512702260217],[76.48458696151769,9.950461742265993]]],[[[76.4853954452734,9.846167337779717],[76.48620392902912,9.846167337779717],[76.48620392902912,9.847784305291132],[76.4853954452734,9.847784305291132],[76.4853954452734,9.846167337779717]]],[[[76.4853954452734,9.859103077871037],[76.48620392902912,9.859103077871037],[76.48620392902912,9.860720045382452],[76.4853954452734,9.860720045382452],[76.4853954452734,9.859103077871037]]],[[[76.4853954452734,9.876081236740896],[76.48620392902912,9.876081236740896],[76.48620392902912,9.877698204252312],[76.4853954452734,9.877698204252312],[76.4853954452734,9.876081236740896]]],[[[76.4853954452734,9.901144233167832],[76.48620392902912,9.901144233167832],[76.48620392902912,9.901952716923539],[76.4853954452734,9.901952716923539],[76.4853954452734,9.901144233167832]]],[[[76.4853954452734,9.9512702260217],[76.48620392902912,9.9512702260217],[76.48620392902912,9.952078709777409],[76.4853954452734,9.952078709777409],[76.4853954452734,9.9512702260217]]],[[[76.48620392902912,9.847784305291132],[76.48701241278482,9.847784305291132],[76.48701241278482,9.849401272802547],[76.48620392902912,9.849401272802547],[76.48620392902912,9.847784305291132]]],[[[76.48620392902912,9.857486110359623],[76.48701241278482,9.857486110359623],[76.48701241278482,9.859103077871037],[76.48620392902912,9.859103077871037],[76.48620392902912,9.857486110359623]]],[[[76.48620392902912,9.877698204252312],[76.48701241278482,9.877698204252312],[76.48701241278482,9.879315171763727],[76.48620392902912,9.879315171763727],[76.48620392902912,9.877698204252312]]],[[[76.48620392902912,9.880123655519435],[76.48701241278482,9.880123655519435],[76.48701241278482,9.881740623030849],[76.48620392902912,9.881740623030849],[76.48620392902912,9.880123655519435]]],[[[76.48620392902912,9.901952716923539],[76.48862938029623,9.901952716923539],[76.48862938029623,9.902761200679247],[76.48620392902912,9.902761200679247],[76.48620392902912,9.901952716923539]]],[[[76.48620392902912,9.952078709777409],[76.48701241278482,9.952078709777409],[76.48701241278482,9.952887193533115],[76.48620392902912,9.952887193533115],[76.48620392902912,9.952078709777409]]],[[[76.48701241278482,9.849401272802547],[76.48782089654053,9.849401272802547],[76.48782089654053,9.850209756558254],[76.48862938029623,9.850209756558254],[76.48862938029623,9.851018240313962],[76.48782089654053,9.851018240313962],[76.48782089654053,9.851826724069669],[76.48701241278482,9.851826724069669],[76.48701241278482,9.849401272802547]]],[[[76.48701241278482,9.855869142848208],[76.48782089654053,9.855869142848208],[76.48782089654053,9.857486110359623],[76.48701241278482,9.857486110359623],[76.48701241278482,9.855869142848208]]],[[[76.48701241278482,9.879315171763727],[76.48782089654053,9.879315171763727],[76.48782089654053,9.880123655519435],[76.48701241278482,9.880123655519435],[76.48701241278482,9.879315171763727]]],[[[76.48701241278482,9.952887193533115],[76.48782089654053,9.952887193533115],[76.48782089654053,9.953695677288824],[76.48701241278482,9.953695677288824],[76.48701241278482,9.952887193533115]]],[[[76.48782089654053,9.851826724069669],[76.48862938029623,9.851826724069669],[76.48862938029623,9.855869142848208],[76.48782089654053,9.855869142848208],[76.48782089654053,9.851826724069669]]],[[[76.48782089654053,9.953695677288824],[76.49105483156336,9.953695677288824],[76.49105483156336,9.95450416104453],[76.48782089654053,9.95450416104453],[76.48782089654053,9.953695677288824]]],[[[76.48862938029623,9.849401272802547],[76.48943786405194,9.849401272802547],[76.48943786405194,9.850209756558254],[76.48862938029623,9.850209756558254],[76.48862938029623,9.849401272802547]]],[[[76.48862938029623,9.902761200679247],[76.48943786405194,9.902761200679247],[76.48943786405194,9.903569684434954],[76.48862938029623,9.903569684434954],[76.48862938029623,9.902761200679247]]],[[[76.48943786405194,9.903569684434954],[76.49024634780764,9.903569684434954],[76.49024634780764,9.90437816819066],[76.48943786405194,9.90437816819066],[76.48943786405194,9.903569684434954]]],[[[76.49024634780764,9.90437816819066],[76.49186331531907,9.90437816819066],[76.49186331531907,9.90518665194637],[76.49024634780764,9.90518665194637],[76.49024634780764,9.90437816819066]]],[[[76.49105483156336,9.952887193533115],[76.49267179907477,9.952887193533115],[76.49267179907477,9.953695677288824],[76.49105483156336,9.953695677288824],[76.49105483156336,9.952887193533115]]],[[[76.49186331531907,9.903569684434954],[76.49267179907477,9.903569684434954],[76.49267179907477,9.90437816819066],[76.49186331531907,9.90437816819066],[76.49186331531907,9.903569684434954]]],[[[76.49267179907477,9.902761200679247],[76.49348028283048,9.902761200679247],[76.49348028283048,9.903569684434954],[76.49267179907477,9.903569684434954],[76.49267179907477,9.902761200679247]]],[[[76.49267179907477,9.952078709777409],[76.49348028283048,9.952078709777409],[76.49348028283048,9.952887193533115],[76.49267179907477,9.952887193533115],[76.49267179907477,9.952078709777409]]],[[[76.49348028283048,9.901952716923539],[76.49428876658618,9.901952716923539],[76.49428876658618,9.902761200679247],[76.49348028283048,9.902761200679247],[76.49348028283048,9.901952716923539]]],[[[76.49348028283048,9.9512702260217],[76.49428876658618,9.9512702260217],[76.49428876658618,9.952078709777409],[76.49348028283048,9.952078709777409],[76.49348028283048,9.9512702260217]]],[[[76.49428876658618,9.899527265656417],[76.4950972503419,9.899527265656417],[76.4950972503419,9.901952716923539],[76.49428876658618,9.901952716923539],[76.49428876658618,9.899527265656417]]],[[[76.49428876658618,9.949653258510285],[76.4950972503419,9.949653258510285],[76.4950972503419,9.9512702260217],[76.49428876658618,9.9512702260217],[76.49428876658618,9.949653258510285]]],[[[76.49428876658618,9.963397482357314],[76.4950972503419,9.963397482357314],[76.4950972503419,9.966631417380144],[76.49428876658618,9.966631417380144],[76.49428876658618,9.963397482357314]]],[[[76.4950972503419,9.897910298145002],[76.4959057340976,9.897910298145002],[76.4959057340976,9.899527265656417],[76.4950972503419,9.899527265656417],[76.4950972503419,9.897910298145002]]],[[[76.4950972503419,9.948844774754578],[76.4959057340976,9.948844774754578],[76.4959057340976,9.949653258510285],[76.4950972503419,9.949653258510285],[76.4950972503419,9.948844774754578]]],[[[76.4950972503419,9.962588998601607],[76.4959057340976,9.962588998601607],[76.4959057340976,9.963397482357314],[76.4950972503419,9.963397482357314],[76.4950972503419,9.962588998601607]]],[[[76.4950972503419,9.966631417380144],[76.4959057340976,9.966631417380144],[76.4959057340976,9.967439901135853],[76.4950972503419,9.967439901135853],[76.4950972503419,9.966631417380144]]],[[[76.4959057340976,9.897101814389293],[76.49671421785331,9.897101814389293],[76.49671421785331,9.897910298145002],[76.4959057340976,9.897910298145002],[76.4959057340976,9.897101814389293]]],[[[76.4959057340976,9.94803629099887],[76.49994815287614,9.94803629099887],[76.49994815287614,9.948844774754578],[76.4959057340976,9.948844774754578],[76.4959057340976,9.94803629099887]]],[[[76.4959057340976,9.961780514845898],[76.49671421785331,9.961780514845898],[76.49671421785331,9.962588998601607],[76.4959057340976,9.962588998601607],[76.4959057340976,9.961780514845898]]],[[[76.4959057340976,9.967439901135853],[76.49671421785331,9.967439901135853],[76.49671421785331,9.96824838489156],[76.4959057340976,9.96824838489156],[76.4959057340976,9.967439901135853]]],[[[76.49671421785331,9.896293330633586],[76.49913966912042,9.896293330633586],[76.49913966912042,9.897101814389293],[76.49671421785331,9.897101814389293],[76.49671421785331,9.896293330633586]]],[[[76.49671421785331,9.960972031090192],[76.50075663663185,9.960972031090192],[76.50075663663185,9.961780514845898],[76.49671421785331,9.961780514845898],[76.49671421785331,9.960972031090192]]],[[[76.49671421785331,9.96824838489156],[76.49752270160901,9.96824838489156],[76.49752270160901,9.969056868647268],[76.49671421785331,9.969056868647268],[76.49671421785331,9.96824838489156]]],[[[76.49752270160901,9.969056868647268],[76.49994815287614,9.969056868647268],[76.49994815287614,9.969865352402975],[76.49752270160901,9.969865352402975],[76.49752270160901,9.969056868647268]]],[[[76.50075663663185,9.897101814389293],[76.49994815287614,9.897101814389293],[76.49994815287614,9.896293330633586],[76.49913966912042,9.896293330633586],[76.49913966912042,9.895484846877878],[76.50075663663185,9.895484846877878],[76.50075663663185,9.897101814389293]]],[[[76.49994815287614,9.948844774754578],[76.50075663663185,9.948844774754578],[76.50075663663185,9.952078709777409],[76.49994815287614,9.952078709777409],[76.49994815287614,9.948844774754578]]],[[[76.49994815287614,9.952887193533115],[76.50075663663185,9.952887193533115],[76.50075663663185,9.953695677288824],[76.49994815287614,9.953695677288824],[76.49994815287614,9.952887193533115]]],[[[76.49994815287614,9.969865352402975],[76.50156512038755,9.969865352402975],[76.50156512038755,9.970673836158682],[76.49994815287614,9.970673836158682],[76.49994815287614,9.969865352402975]]],[[[76.50075663663185,9.897101814389293],[76.50318208789896,9.897101814389293],[76.50318208789896,9.897910298145002],[76.50075663663185,9.897910298145002],[76.50075663663185,9.897101814389293]]],[[[76.50075663663185,9.952078709777409],[76.50156512038755,9.952078709777409],[76.50156512038755,9.952887193533115],[76.50075663663185,9.952887193533115],[76.50075663663185,9.952078709777409]]],[[[76.50075663663185,9.953695677288824],[76.50237360414326,9.953695677288824],[76.50237360414326,9.95450416104453],[76.50075663663185,9.95450416104453],[76.50075663663185,9.953695677288824]]],[[[76.50075663663185,9.960163547334483],[76.50237360414326,9.960163547334483],[76.50237360414326,9.960972031090192],[76.50075663663185,9.960972031090192],[76.50075663663185,9.960163547334483]]],[[[76.50156512038755,9.970673836158682],[76.50399057165468,9.970673836158682],[76.50399057165468,9.97148231991439],[76.50156512038755,9.97148231991439],[76.50156512038755,9.970673836158682]]],[[[76.50237360414326,9.95450416104453],[76.50318208789896,9.95450416104453],[76.50318208789896,9.956121128555946],[76.50237360414326,9.956121128555946],[76.50237360414326,9.95450416104453]]],[[[76.50399057165468,9.958546579823068],[76.50479905541039,9.958546579823068],[76.50479905541039,9.960163547334483],[76.50237360414326,9.960163547334483],[76.50237360414326,9.959355063578776],[76.50399057165468,9.959355063578776],[76.50399057165468,9.958546579823068]]],[[[76.50318208789896,9.897910298145002],[76.50399057165468,9.897910298145002],[76.50399057165468,9.898718781900708],[76.50318208789896,9.898718781900708],[76.50318208789896,9.897910298145002]]],[[[76.50318208789896,9.956121128555946],[76.50399057165468,9.956121128555946],[76.50399057165468,9.958546579823068],[76.50318208789896,9.958546579823068],[76.50318208789896,9.956121128555946]]],[[[76.50399057165468,9.898718781900708],[76.50479905541039,9.898718781900708],[76.50479905541039,9.899527265656417],[76.50399057165468,9.899527265656417],[76.50399057165468,9.898718781900708]]],[[[76.50399057165468,9.97148231991439],[76.50560753916609,9.97148231991439],[76.50560753916609,9.972290803670097],[76.50399057165468,9.972290803670097],[76.50399057165468,9.97148231991439]]],[[[76.50479905541039,9.897910298145002],[76.5072245066775,9.897910298145002],[76.5072245066775,9.898718781900708],[76.50479905541039,9.898718781900708],[76.50479905541039,9.897910298145002]]],[[[76.5072245066775,9.973907771181512],[76.5072245066775,9.980375641227173],[76.50560753916609,9.980375641227173],[76.50560753916609,9.983609576250004],[76.50479905541039,9.983609576250004],[76.50479905541039,9.979567157471466],[76.5064160229218,9.979567157471466],[76.5064160229218,9.973907771181512],[76.5072245066775,9.973907771181512]]],[[[76.50560753916609,9.972290803670097],[76.50964995794463,9.972290803670097],[76.50964995794463,9.973099287425805],[76.50803299043322,9.973099287425805],[76.50803299043322,9.973907771181512],[76.5072245066775,9.973907771181512],[76.5072245066775,9.973099287425805],[76.50560753916609,9.973099287425805],[76.50560753916609,9.972290803670097]]],[[[76.50560753916609,9.983609576250004],[76.5064160229218,9.983609576250004],[76.5064160229218,9.985226543761419],[76.50560753916609,9.985226543761419],[76.50560753916609,9.983609576250004]]],[[[76.50560753916609,9.986843511272834],[76.5064160229218,9.986843511272834],[76.5064160229218,9.987651995028541],[76.50560753916609,9.987651995028541],[76.50560753916609,9.986843511272834]]],[[[76.50560753916609,9.990885930051371],[76.5064160229218,9.990885930051371],[76.5064160229218,9.994119865074202],[76.50560753916609,9.994119865074202],[76.50560753916609,9.990885930051371]]],[[[76.50803299043322,10.000587735119863],[76.50803299043322,10.0046301538984],[76.5064160229218,10.0046301538984],[76.5064160229218,10.007055605165522],[76.50560753916609,10.007055605165522],[76.50560753916609,10.003821670142692],[76.5072245066775,10.003821670142692],[76.5072245066775,10.000587735119863],[76.50803299043322,10.000587735119863]]],[[[76.5064160229218,9.985226543761419],[76.5072245066775,9.985226543761419],[76.5072245066775,9.986843511272834],[76.5064160229218,9.986843511272834],[76.5064160229218,9.985226543761419]]],[[[76.5064160229218,9.987651995028541],[76.5072245066775,9.987651995028541],[76.5072245066775,9.990885930051371],[76.5064160229218,9.990885930051371],[76.5064160229218,9.987651995028541]]],[[[76.5064160229218,9.994119865074202],[76.5072245066775,9.994119865074202],[76.5072245066775,9.994928348829909],[76.5064160229218,9.994928348829909],[76.5064160229218,9.994119865074202]]],[[[76.5064160229218,10.007055605165522],[76.50803299043322,10.007055605165522],[76.50803299043322,10.007864088921231],[76.5064160229218,10.007864088921231],[76.5064160229218,10.007055605165522]]],[[[76.5072245066775,9.897101814389293],[76.50884147418893,9.897101814389293],[76.50884147418893,9.897910298145002],[76.5072245066775,9.897910298145002],[76.5072245066775,9.897101814389293]]],[[[76.5072245066775,9.994928348829909],[76.50803299043322,9.994928348829909],[76.50803299043322,9.995736832585617],[76.5072245066775,9.995736832585617],[76.5072245066775,9.994928348829909]]],[[[76.50803299043322,10.015948926478305],[76.50803299043322,10.016757410234014],[76.50964995794463,10.016757410234014],[76.50964995794463,10.01756589398972],[76.5072245066775,10.01756589398972],[76.5072245066775,10.015948926478305],[76.50803299043322,10.015948926478305]]],[[[76.50803299043322,9.995736832585617],[76.50884147418893,9.995736832585617],[76.50884147418893,9.996545316341324],[76.50803299043322,9.996545316341324],[76.50803299043322,9.995736832585617]]],[[[76.50803299043322,9.999779251364155],[76.50884147418893,9.999779251364155],[76.50884147418893,10.000587735119863],[76.50803299043322,10.000587735119863],[76.50803299043322,9.999779251364155]]],[[[76.50803299043322,10.007864088921231],[76.50884147418893,10.007864088921231],[76.50884147418893,10.008672572676938],[76.50803299043322,10.008672572676938],[76.50803299043322,10.007864088921231]]],[[[76.50964995794463,10.010289540188353],[76.51045844170034,10.010289540188353],[76.51045844170034,10.01433195896689],[76.50884147418893,10.01433195896689],[76.50884147418893,10.015948926478305],[76.50803299043322,10.015948926478305],[76.50803299043322,10.013523475211183],[76.50964995794463,10.013523475211183],[76.50964995794463,10.010289540188353]]],[[[76.50884147418893,9.896293330633586],[76.51045844170034,9.896293330633586],[76.51045844170034,9.897101814389293],[76.50884147418893,9.897101814389293],[76.50884147418893,9.896293330633586]]],[[[76.50884147418893,9.996545316341324],[76.51045844170034,9.996545316341324],[76.51045844170034,9.997353800097033],[76.50884147418893,9.997353800097033],[76.50884147418893,9.996545316341324]]],[[[76.50884147418893,9.998970767608448],[76.51045844170034,9.998970767608448],[76.51045844170034,9.999779251364155],[76.50884147418893,9.999779251364155],[76.50884147418893,9.998970767608448]]],[[[76.50884147418893,10.008672572676938],[76.50964995794463,10.008672572676938],[76.50964995794463,10.010289540188353],[76.50884147418893,10.010289540188353],[76.50884147418893,10.008672572676938]]],[[[76.50964995794463,9.973099287425805],[76.51045844170034,9.973099287425805],[76.51045844170034,9.973907771181512],[76.50964995794463,9.973907771181512],[76.50964995794463,9.973099287425805]]],[[[76.50964995794463,10.01756589398972],[76.51126692545604,10.01756589398972],[76.51126692545604,10.01837437774543],[76.50964995794463,10.01837437774543],[76.50964995794463,10.01756589398972]]],[[[76.51045844170034,9.893867879366463],[76.51126692545604,9.893867879366463],[76.51126692545604,9.896293330633586],[76.51045844170034,9.896293330633586],[76.51045844170034,9.893867879366463]]],[[[76.51045844170034,9.972290803670097],[76.51369237672317,9.972290803670097],[76.51369237672317,9.973099287425805],[76.51045844170034,9.973099287425805],[76.51045844170034,9.972290803670097]]],[[[76.51045844170034,9.997353800097033],[76.51126692545604,9.997353800097033],[76.51126692545604,9.998970767608448],[76.51045844170034,9.998970767608448],[76.51045844170034,9.997353800097033]]],[[[76.51126692545604,9.893059395610756],[76.51288389296747,9.893059395610756],[76.51288389296747,9.893867879366463],[76.51126692545604,9.893867879366463],[76.51126692545604,9.893059395610756]]],[[[76.51126692545604,10.01837437774543],[76.51288389296747,10.01837437774543],[76.51288389296747,10.020799829012551],[76.51207540921175,10.020799829012551],[76.51207540921175,10.019182861501136],[76.51126692545604,10.019182861501136],[76.51126692545604,10.01837437774543]]],[[[76.51288389296747,9.893867879366463],[76.51450086047888,9.893867879366463],[76.51450086047888,9.894676363122171],[76.51288389296747,9.894676363122171],[76.51288389296747,9.893867879366463]]],[[[76.51288389296747,10.020799829012551],[76.51369237672317,10.020799829012551],[76.51369237672317,10.02160831276826],[76.51288389296747,10.02160831276826],[76.51288389296747,10.020799829012551]]],[[[76.51369237672317,10.022416796523967],[76.51369237672317,10.023225280279675],[76.51450086047888,10.023225280279675],[76.51450086047888,10.024033764035382],[76.51288389296747,10.024033764035382],[76.51288389296747,10.022416796523967],[76.51369237672317,10.022416796523967]]],[[[76.51369237672317,9.97148231991439],[76.51530934423458,9.97148231991439],[76.51530934423458,9.972290803670097],[76.51369237672317,9.972290803670097],[76.51369237672317,9.97148231991439]]],[[[76.51369237672317,10.02160831276826],[76.51450086047888,10.02160831276826],[76.51450086047888,10.022416796523967],[76.51369237672317,10.022416796523967],[76.51369237672317,10.02160831276826]]],[[[76.516926311746,9.892250911855047],[76.516926311746,9.893059395610756],[76.51611782799029,9.893059395610756],[76.51611782799029,9.893867879366463],[76.51450086047888,9.893867879366463],[76.51450086047888,9.893059395610756],[76.51530934423458,9.893059395610756],[76.51530934423458,9.892250911855047],[76.516926311746,9.892250911855047]]],[[[76.51450086047888,10.024033764035382],[76.51530934423458,10.024033764035382],[76.51530934423458,10.02484224779109],[76.51450086047888,10.02484224779109],[76.51450086047888,10.024033764035382]]],[[[76.51530934423458,9.970673836158682],[76.51611782799029,9.970673836158682],[76.51611782799029,9.97148231991439],[76.51530934423458,9.97148231991439],[76.51530934423458,9.970673836158682]]],[[[76.51530934423458,10.02484224779109],[76.51611782799029,10.02484224779109],[76.51611782799029,10.025650731546797],[76.51530934423458,10.025650731546797],[76.51530934423458,10.02484224779109]]],[[[76.51611782799029,9.969865352402975],[76.51773479550171,9.969865352402975],[76.51773479550171,9.970673836158682],[76.51611782799029,9.970673836158682],[76.51611782799029,9.969865352402975]]],[[[76.51854327925741,9.893059395610756],[76.51773479550171,9.893059395610756],[76.51773479550171,9.892250911855047],[76.516926311746,9.892250911855047],[76.516926311746,9.89144242809934],[76.51854327925741,9.89144242809934],[76.51854327925741,9.893059395610756]]],[[[76.51773479550171,9.96824838489156],[76.51854327925741,9.96824838489156],[76.51854327925741,9.969865352402975],[76.51773479550171,9.969865352402975],[76.51773479550171,9.96824838489156]]],[[[76.51854327925741,9.893059395610756],[76.52096873052453,9.893059395610756],[76.52096873052453,9.893867879366463],[76.51854327925741,9.893867879366463],[76.51854327925741,9.893059395610756]]],[[[76.51854327925741,9.967439901135853],[76.51935176301312,9.967439901135853],[76.51935176301312,9.96824838489156],[76.51854327925741,9.96824838489156],[76.51854327925741,9.967439901135853]]],[[[76.51935176301312,9.966631417380144],[76.52177721428025,9.966631417380144],[76.52177721428025,9.967439901135853],[76.51935176301312,9.967439901135853],[76.51935176301312,9.966631417380144]]],[[[76.52096873052453,9.892250911855047],[76.52177721428025,9.892250911855047],[76.52177721428025,9.893059395610756],[76.52096873052453,9.893059395610756],[76.52096873052453,9.892250911855047]]],[[[76.52177721428025,9.89144242809934],[76.52339418179166,9.89144242809934],[76.52339418179166,9.892250911855047],[76.52177721428025,9.892250911855047],[76.52177721428025,9.89144242809934]]],[[[76.52177721428025,9.965014449868729],[76.52662811681449,9.965014449868729],[76.52662811681449,9.966631417380144],[76.52177721428025,9.966631417380144],[76.52177721428025,9.965014449868729]]],[[[76.52339418179166,9.892250911855047],[76.52581963305879,9.892250911855047],[76.52581963305879,9.893059395610756],[76.52339418179166,9.893059395610756],[76.52339418179166,9.892250911855047]]],[[[76.52581963305879,9.893059395610756],[76.52662811681449,9.893059395610756],[76.52662811681449,9.893867879366463],[76.52581963305879,9.893867879366463],[76.52581963305879,9.893059395610756]]],[[[76.52662811681449,9.893867879366463],[76.5282450843259,9.893867879366463],[76.5282450843259,9.894676363122171],[76.52662811681449,9.894676363122171],[76.52662811681449,9.893867879366463]]],[[[76.52662811681449,9.964205966113022],[76.5274366005702,9.964205966113022],[76.5274366005702,9.965014449868729],[76.52662811681449,9.965014449868729],[76.52662811681449,9.964205966113022]]],[[[76.5274366005702,9.963397482357314],[76.5282450843259,9.963397482357314],[76.5282450843259,9.964205966113022],[76.5274366005702,9.964205966113022],[76.5274366005702,9.963397482357314]]],[[[76.5282450843259,9.893059395610756],[76.52986205183731,9.893059395610756],[76.52986205183731,9.893867879366463],[76.5282450843259,9.893867879366463],[76.5282450843259,9.893059395610756]]],[[[76.5282450843259,9.962588998601607],[76.52905356808161,9.962588998601607],[76.52905356808161,9.963397482357314],[76.5282450843259,9.963397482357314],[76.5282450843259,9.962588998601607]]],[[[76.52905356808161,9.961780514845898],[76.53309598686015,9.961780514845898],[76.53309598686015,9.962588998601607],[76.52905356808161,9.962588998601607],[76.52905356808161,9.961780514845898]]],[[[76.52986205183731,9.892250911855047],[76.53067053559303,9.892250911855047],[76.53067053559303,9.893059395610756],[76.52986205183731,9.893059395610756],[76.52986205183731,9.892250911855047]]],[[[76.53067053559303,9.893059395610756],[76.53228750310444,9.893059395610756],[76.53228750310444,9.893867879366463],[76.53067053559303,9.893867879366463],[76.53067053559303,9.893059395610756]]],[[[76.53228750310444,9.889825460587925],[76.53309598686015,9.889825460587925],[76.53309598686015,9.89144242809934],[76.53228750310444,9.89144242809934],[76.53228750310444,9.889825460587925]]],[[[76.53228750310444,9.892250911855047],[76.53309598686015,9.892250911855047],[76.53309598686015,9.893059395610756],[76.53228750310444,9.893059395610756],[76.53228750310444,9.892250911855047]]],[[[76.53471295437157,9.88820849307651],[76.53471295437157,9.889825460587925],[76.53309598686015,9.889825460587925],[76.53309598686015,9.889016976832218],[76.53390447061585,9.889016976832218],[76.53390447061585,9.88820849307651],[76.53471295437157,9.88820849307651]]],[[[76.53309598686015,9.89144242809934],[76.53390447061585,9.89144242809934],[76.53390447061585,9.892250911855047],[76.53309598686015,9.892250911855047],[76.53309598686015,9.89144242809934]]],[[[76.53309598686015,9.962588998601607],[76.53471295437157,9.962588998601607],[76.53471295437157,9.963397482357314],[76.53309598686015,9.963397482357314],[76.53309598686015,9.962588998601607]]],[[[76.53390447061585,9.885783041809388],[76.53471295437157,9.885783041809388],[76.53471295437157,9.886591525565095],[76.53390447061585,9.886591525565095],[76.53390447061585,9.885783041809388]]],[[[76.53632992188298,9.88497455805368],[76.53632992188298,9.885783041809388],[76.53471295437157,9.885783041809388],[76.53471295437157,9.883357590542264],[76.53552143812728,9.883357590542264],[76.53552143812728,9.88497455805368],[76.53632992188298,9.88497455805368]]],[[[76.53471295437157,9.886591525565095],[76.53632992188298,9.886591525565095],[76.53632992188298,9.887400009320803],[76.53552143812728,9.887400009320803],[76.53552143812728,9.88820849307651],[76.53471295437157,9.88820849307651],[76.53471295437157,9.886591525565095]]],[[[76.53471295437157,9.963397482357314],[76.53794688939439,9.963397482357314],[76.53794688939439,9.964205966113022],[76.53471295437157,9.964205966113022],[76.53471295437157,9.963397482357314]]],[[[76.53632992188298,9.880932139275142],[76.53713840563869,9.880932139275142],[76.53713840563869,9.88497455805368],[76.53632992188298,9.88497455805368],[76.53632992188298,9.880932139275142]]],[[[76.53713840563869,9.880123655519435],[76.53794688939439,9.880123655519435],[76.53794688939439,9.880932139275142],[76.53713840563869,9.880932139275142],[76.53713840563869,9.880123655519435]]],[[[76.53794688939439,9.880932139275142],[76.5387553731501,9.880932139275142],[76.5387553731501,9.881740623030849],[76.53794688939439,9.881740623030849],[76.53794688939439,9.880932139275142]]],[[[76.53794688939439,9.964205966113022],[76.53956385690581,9.964205966113022],[76.53956385690581,9.965014449868729],[76.53794688939439,9.965014449868729],[76.53794688939439,9.964205966113022]]],[[[76.5387553731501,9.881740623030849],[76.54118082441722,9.881740623030849],[76.54118082441722,9.882549106786557],[76.5387553731501,9.882549106786557],[76.5387553731501,9.881740623030849]]],[[[76.53956385690581,9.965014449868729],[76.54037234066152,9.965014449868729],[76.54037234066152,9.966631417380144],[76.53956385690581,9.966631417380144],[76.53956385690581,9.965014449868729]]],[[[76.54037234066152,9.966631417380144],[76.54118082441722,9.966631417380144],[76.54118082441722,9.967439901135853],[76.54037234066152,9.967439901135853],[76.54037234066152,9.966631417380144]]],[[[76.54118082441722,9.880123655519435],[76.54198930817293,9.880123655519435],[76.54198930817293,9.881740623030849],[76.54118082441722,9.881740623030849],[76.54118082441722,9.880123655519435]]],[[[76.54118082441722,9.967439901135853],[76.54279779192863,9.967439901135853],[76.54279779192863,9.96824838489156],[76.54118082441722,9.96824838489156],[76.54118082441722,9.967439901135853]]],[[[76.54198930817293,9.87850668800802],[76.54279779192863,9.87850668800802],[76.54279779192863,9.880123655519435],[76.54198930817293,9.880123655519435],[76.54198930817293,9.87850668800802]]],[[[76.54198930817293,9.881740623030849],[76.54441475944006,9.881740623030849],[76.54441475944006,9.882549106786557],[76.54279779192863,9.882549106786557],[76.54279779192863,9.883357590542264],[76.54198930817293,9.883357590542264],[76.54198930817293,9.881740623030849]]],[[[76.54441475944006,9.876889720496605],[76.54441475944006,9.877698204252312],[76.54360627568435,9.877698204252312],[76.54360627568435,9.87850668800802],[76.54279779192863,9.87850668800802],[76.54279779192863,9.876889720496605],[76.54441475944006,9.876889720496605]]],[[[76.54360627568435,9.956929612311654],[76.54360627568435,9.959355063578776],[76.54441475944006,9.959355063578776],[76.54441475944006,9.960972031090192],[76.54360627568435,9.960972031090192],[76.54360627568435,9.960163547334483],[76.54279779192863,9.960163547334483],[76.54279779192863,9.956929612311654],[76.54360627568435,9.956929612311654]]],[[[76.54279779192863,9.96824838489156],[76.54360627568435,9.96824838489156],[76.54360627568435,9.969056868647268],[76.54279779192863,9.969056868647268],[76.54279779192863,9.96824838489156]]],[[[76.54360627568435,9.956121128555946],[76.54441475944006,9.956121128555946],[76.54441475944006,9.956929612311654],[76.54360627568435,9.956929612311654],[76.54360627568435,9.956121128555946]]],[[[76.54360627568435,9.969056868647268],[76.54441475944006,9.969056868647268],[76.54441475944006,9.969865352402975],[76.54360627568435,9.969865352402975],[76.54360627568435,9.969056868647268]]],[[[76.54441475944006,9.876081236740896],[76.54522324319576,9.876081236740896],[76.54522324319576,9.876889720496605],[76.54441475944006,9.876889720496605],[76.54441475944006,9.876081236740896]]],[[[76.54441475944006,9.882549106786557],[76.54522324319576,9.882549106786557],[76.54522324319576,9.883357590542264],[76.54441475944006,9.883357590542264],[76.54441475944006,9.882549106786557]]],[[[76.54441475944006,9.95531264480024],[76.54603172695147,9.95531264480024],[76.54603172695147,9.956121128555946],[76.54441475944006,9.956121128555946],[76.54441475944006,9.95531264480024]]],[[[76.54441475944006,9.960972031090192],[76.54522324319576,9.960972031090192],[76.54522324319576,9.961780514845898],[76.54441475944006,9.961780514845898],[76.54441475944006,9.960972031090192]]],[[[76.54441475944006,9.969865352402975],[76.54522324319576,9.969865352402975],[76.54522324319576,9.970673836158682],[76.54441475944006,9.970673836158682],[76.54441475944006,9.969865352402975]]],[[[76.54522324319576,9.87527275298519],[76.54603172695147,9.87527275298519],[76.54603172695147,9.876081236740896],[76.54522324319576,9.876081236740896],[76.54522324319576,9.87527275298519]]],[[[76.54522324319576,9.881740623030849],[76.54603172695147,9.881740623030849],[76.54603172695147,9.882549106786557],[76.54522324319576,9.882549106786557],[76.54522324319576,9.881740623030849]]],[[[76.54522324319576,9.961780514845898],[76.54684021070717,9.961780514845898],[76.54684021070717,9.962588998601607],[76.54522324319576,9.962588998601607],[76.54522324319576,9.961780514845898]]],[[[76.54522324319576,9.970673836158682],[76.54684021070717,9.970673836158682],[76.54684021070717,9.97148231991439],[76.54522324319576,9.97148231991439],[76.54522324319576,9.970673836158682]]],[[[76.54603172695147,9.874464269229481],[76.54684021070717,9.874464269229481],[76.54684021070717,9.87527275298519],[76.54603172695147,9.87527275298519],[76.54603172695147,9.874464269229481]]],[[[76.54603172695147,9.880932139275142],[76.54764869446288,9.880932139275142],[76.54764869446288,9.881740623030849],[76.54603172695147,9.881740623030849],[76.54603172695147,9.880932139275142]]],[[[76.54603172695147,9.95450416104453],[76.54684021070717,9.95450416104453],[76.54684021070717,9.95531264480024],[76.54603172695147,9.95531264480024],[76.54603172695147,9.95450416104453]]],[[[76.5484571782186,9.873655785473774],[76.5484571782186,9.87527275298519],[76.54764869446288,9.87527275298519],[76.54764869446288,9.874464269229481],[76.54684021070717,9.874464269229481],[76.54684021070717,9.873655785473774],[76.5484571782186,9.873655785473774]]],[[[76.54684021070717,9.953695677288824],[76.5484571782186,9.953695677288824],[76.5484571782186,9.95450416104453],[76.54684021070717,9.95450416104453],[76.54684021070717,9.953695677288824]]],[[[76.54684021070717,9.962588998601607],[76.54764869446288,9.962588998601607],[76.54764869446288,9.964205966113022],[76.54684021070717,9.964205966113022],[76.54684021070717,9.962588998601607]]],[[[76.54684021070717,9.969865352402975],[76.54764869446288,9.969865352402975],[76.54764869446288,9.970673836158682],[76.54684021070717,9.970673836158682],[76.54684021070717,9.969865352402975]]],[[[76.54764869446288,9.881740623030849],[76.5492656619743,9.881740623030849],[76.5492656619743,9.880932139275142],[76.55007414573001,9.880932139275142],[76.55007414573001,9.882549106786557],[76.54764869446288,9.882549106786557],[76.54764869446288,9.881740623030849]]],[[[76.54764869446288,9.964205966113022],[76.5484571782186,9.964205966113022],[76.5484571782186,9.969865352402975],[76.54764869446288,9.969865352402975],[76.54764869446288,9.964205966113022]]],[[[76.5484571782186,9.872847301718066],[76.55007414573001,9.872847301718066],[76.55007414573001,9.873655785473774],[76.5484571782186,9.873655785473774],[76.5484571782186,9.872847301718066]]],[[[76.5484571782186,9.95450416104453],[76.55007414573001,9.95450416104453],[76.55007414573001,9.95531264480024],[76.5484571782186,9.95531264480024],[76.5484571782186,9.95450416104453]]],[[[76.55007414573001,9.872038817962359],[76.55330808075284,9.872038817962359],[76.55330808075284,9.872847301718066],[76.55007414573001,9.872847301718066],[76.55007414573001,9.872038817962359]]],[[[76.55007414573001,9.880123655519435],[76.55088262948571,9.880123655519435],[76.55088262948571,9.880932139275142],[76.55007414573001,9.880932139275142],[76.55007414573001,9.880123655519435]]],[[[76.55007414573001,9.95531264480024],[76.55088262948571,9.95531264480024],[76.55088262948571,9.956121128555946],[76.55007414573001,9.956121128555946],[76.55007414573001,9.95531264480024]]],[[[76.55088262948571,9.879315171763727],[76.55169111324142,9.879315171763727],[76.55169111324142,9.880123655519435],[76.55088262948571,9.880123655519435],[76.55088262948571,9.879315171763727]]],[[[76.55088262948571,9.956121128555946],[76.55573353201996,9.956121128555946],[76.55573353201996,9.956929612311654],[76.55088262948571,9.956929612311654],[76.55088262948571,9.956121128555946]]],[[[76.55896746704279,9.880123655519435],[76.55815898328709,9.880123655519435],[76.55815898328709,9.880932139275142],[76.55735049953138,9.880932139275142],[76.55735049953138,9.880123655519435],[76.55573353201996,9.880123655519435],[76.55573353201996,9.879315171763727],[76.55169111324142,9.879315171763727],[76.55169111324142,9.87850668800802],[76.55654201577566,9.87850668800802],[76.55654201577566,9.879315171763727],[76.55896746704279,9.879315171763727],[76.55896746704279,9.880123655519435]]],[[[76.55330808075284,9.872847301718066],[76.55411656450855,9.872847301718066],[76.55411656450855,9.873655785473774],[76.55330808075284,9.873655785473774],[76.55330808075284,9.872847301718066]]],[[[76.55411656450855,9.873655785473774],[76.55573353201996,9.873655785473774],[76.55573353201996,9.874464269229481],[76.55411656450855,9.874464269229481],[76.55411656450855,9.873655785473774]]],[[[76.55492504826425,9.87123033420665],[76.55573353201996,9.87123033420665],[76.55573353201996,9.872038817962359],[76.55492504826425,9.872038817962359],[76.55492504826425,9.87123033420665]]],[[[76.55573353201996,9.868804882939529],[76.55654201577566,9.868804882939529],[76.55654201577566,9.87123033420665],[76.55573353201996,9.87123033420665],[76.55573353201996,9.868804882939529]]],[[[76.55573353201996,9.872038817962359],[76.55654201577566,9.872038817962359],[76.55654201577566,9.872847301718066],[76.55735049953138,9.872847301718066],[76.55735049953138,9.873655785473774],[76.55573353201996,9.873655785473774],[76.55573353201996,9.872038817962359]]],[[[76.55573353201996,9.956929612311654],[76.55654201577566,9.956929612311654],[76.55654201577566,9.957738096067361],[76.55573353201996,9.957738096067361],[76.55573353201996,9.956929612311654]]],[[[76.55654201577566,9.867996399183822],[76.55896746704279,9.867996399183822],[76.55896746704279,9.868804882939529],[76.55654201577566,9.868804882939529],[76.55654201577566,9.867996399183822]]],[[[76.55654201577566,9.956121128555946],[76.55815898328709,9.956121128555946],[76.55815898328709,9.956929612311654],[76.55654201577566,9.956929612311654],[76.55654201577566,9.956121128555946]]],[[[76.55815898328709,9.956929612311654],[76.55896746704279,9.956929612311654],[76.55896746704279,9.957738096067361],[76.55815898328709,9.957738096067361],[76.55815898328709,9.956929612311654]]],[[[76.5605844345542,9.866379431672406],[76.5605844345542,9.867996399183822],[76.55896746704279,9.867996399183822],[76.55896746704279,9.867187915428113],[76.5597759507985,9.867187915428113],[76.5597759507985,9.866379431672406],[76.5605844345542,9.866379431672406]]],[[[76.55896746704279,9.880123655519435],[76.5605844345542,9.880123655519435],[76.5605844345542,9.882549106786557],[76.5597759507985,9.882549106786557],[76.5597759507985,9.880932139275142],[76.55896746704279,9.880932139275142],[76.55896746704279,9.880123655519435]]],[[[76.55896746704279,9.957738096067361],[76.5597759507985,9.957738096067361],[76.5597759507985,9.958546579823068],[76.55896746704279,9.958546579823068],[76.55896746704279,9.957738096067361]]],[[[76.5597759507985,9.958546579823068],[76.5605844345542,9.958546579823068],[76.5605844345542,9.960972031090192],[76.5597759507985,9.960972031090192],[76.5597759507985,9.958546579823068]]],[[[76.5605844345542,9.865570947916698],[76.56220140206563,9.865570947916698],[76.56220140206563,9.866379431672406],[76.5605844345542,9.866379431672406],[76.5605844345542,9.865570947916698]]],[[[76.5605844345542,9.882549106786557],[76.56220140206563,9.882549106786557],[76.56220140206563,9.883357590542264],[76.5605844345542,9.883357590542264],[76.5605844345542,9.882549106786557]]],[[[76.5605844345542,9.960972031090192],[76.56139291830992,9.960972031090192],[76.56139291830992,9.962588998601607],[76.5605844345542,9.962588998601607],[76.5605844345542,9.960972031090192]]],[[[76.56139291830992,9.962588998601607],[76.56220140206563,9.962588998601607],[76.56220140206563,9.964205966113022],[76.56139291830992,9.964205966113022],[76.56139291830992,9.962588998601607]]],[[[76.56220140206563,9.864762464160991],[76.56624382084416,9.864762464160991],[76.56624382084416,9.865570947916698],[76.56220140206563,9.865570947916698],[76.56220140206563,9.864762464160991]]],[[[76.56220140206563,9.881740623030849],[76.56300988582133,9.881740623030849],[76.56300988582133,9.882549106786557],[76.56220140206563,9.882549106786557],[76.56220140206563,9.881740623030849]]],[[[76.56220140206563,9.886591525565095],[76.56300988582133,9.886591525565095],[76.56300988582133,9.887400009320803],[76.56220140206563,9.887400009320803],[76.56220140206563,9.886591525565095]]],[[[76.56220140206563,9.964205966113022],[76.56300988582133,9.964205966113022],[76.56300988582133,9.965014449868729],[76.56220140206563,9.965014449868729],[76.56220140206563,9.964205966113022]]],[[[76.56220140206563,9.970673836158682],[76.56300988582133,9.970673836158682],[76.56300988582133,9.97148231991439],[76.56220140206563,9.97148231991439],[76.56220140206563,9.970673836158682]]],[[[76.56300988582133,9.882549106786557],[76.56381836957704,9.882549106786557],[76.56381836957704,9.883357590542264],[76.56300988582133,9.883357590542264],[76.56300988582133,9.882549106786557]]],[[[76.56300988582133,9.88497455805368],[76.56381836957704,9.88497455805368],[76.56381836957704,9.886591525565095],[76.56300988582133,9.886591525565095],[76.56300988582133,9.88497455805368]]],[[[76.56300988582133,9.965014449868729],[76.56381836957704,9.965014449868729],[76.56381836957704,9.970673836158682],[76.56300988582133,9.970673836158682],[76.56300988582133,9.965014449868729]]],[[[76.56300988582133,9.97148231991439],[76.56381836957704,9.97148231991439],[76.56381836957704,9.973099287425805],[76.56300988582133,9.973099287425805],[76.56300988582133,9.97148231991439]]],[[[76.56381836957704,9.883357590542264],[76.56462685333274,9.883357590542264],[76.56462685333274,9.88497455805368],[76.56381836957704,9.88497455805368],[76.56381836957704,9.883357590542264]]],[[[76.56381836957704,9.973099287425805],[76.56462685333274,9.973099287425805],[76.56462685333274,9.975524738692927],[76.56381836957704,9.975524738692927],[76.56381836957704,9.973099287425805]]],[[[76.56462685333274,9.975524738692927],[76.56543533708845,9.975524738692927],[76.56543533708845,9.976333222448636],[76.56462685333274,9.976333222448636],[76.56462685333274,9.975524738692927]]],[[[76.56543533708845,9.976333222448636],[76.56624382084416,9.976333222448636],[76.56624382084416,9.977950189960051],[76.56543533708845,9.977950189960051],[76.56543533708845,9.976333222448636]]],[[[76.56624382084416,9.863953980405283],[76.56705230459987,9.863953980405283],[76.56705230459987,9.864762464160991],[76.56624382084416,9.864762464160991],[76.56624382084416,9.863953980405283]]],[[[76.56624382084416,9.977950189960051],[76.56705230459987,9.977950189960051],[76.56705230459987,9.98118412498288],[76.56624382084416,9.98118412498288],[76.56624382084416,9.977950189960051]]],[[[76.5702862396227,9.863145496649576],[76.56786078835557,9.863145496649576],[76.56786078835557,9.863953980405283],[76.56705230459987,9.863953980405283],[76.56705230459987,9.862337012893867],[76.56866927211128,9.862337012893867],[76.56866927211128,9.86152852913816],[76.56947775586698,9.86152852913816],[76.56947775586698,9.862337012893867],[76.5702862396227,9.862337012893867],[76.5702862396227,9.863145496649576]]],[[[76.56705230459987,9.98118412498288],[76.56786078835557,9.98118412498288],[76.56786078835557,9.982801092494295],[76.56705230459987,9.982801092494295],[76.56705230459987,9.98118412498288]]],[[[76.56786078835557,9.982801092494295],[76.57190320713411,9.982801092494295],[76.57190320713411,9.983609576250004],[76.56786078835557,9.983609576250004],[76.56786078835557,9.982801092494295]]],[[[76.5702862396227,9.863145496649576],[76.57109472337841,9.863145496649576],[76.57109472337841,9.863953980405283],[76.5702862396227,9.863953980405283],[76.5702862396227,9.863145496649576]]],[[[76.57109472337841,9.863953980405283],[76.57271169088982,9.863953980405283],[76.57271169088982,9.864762464160991],[76.57109472337841,9.864762464160991],[76.57109472337841,9.863953980405283]]],[[[76.57190320713411,9.983609576250004],[76.57271169088982,9.983609576250004],[76.57271169088982,9.98441806000571],[76.57190320713411,9.98441806000571],[76.57190320713411,9.983609576250004]]],[[[76.57271169088982,9.863145496649576],[76.57432865840124,9.863145496649576],[76.57432865840124,9.863953980405283],[76.57271169088982,9.863953980405283],[76.57271169088982,9.863145496649576]]],[[[76.57271169088982,9.98441806000571],[76.57352017464552,9.98441806000571],[76.57352017464552,9.985226543761419],[76.57271169088982,9.985226543761419],[76.57271169088982,9.98441806000571]]],[[[76.57352017464552,9.985226543761419],[76.57432865840124,9.985226543761419],[76.57432865840124,9.986035027517126],[76.57352017464552,9.986035027517126],[76.57352017464552,9.985226543761419]]],[[[76.57432865840124,9.863953980405283],[76.57513714215695,9.863953980405283],[76.57513714215695,9.864762464160991],[76.57432865840124,9.864762464160991],[76.57432865840124,9.863953980405283]]],[[[76.57432865840124,9.986035027517126],[76.57513714215695,9.986035027517126],[76.57513714215695,9.986843511272834],[76.57432865840124,9.986843511272834],[76.57432865840124,9.986035027517126]]],[[[76.57513714215695,9.864762464160991],[76.57675410966836,9.864762464160991],[76.57675410966836,9.865570947916698],[76.57513714215695,9.865570947916698],[76.57513714215695,9.864762464160991]]],[[[76.57513714215695,9.986843511272834],[76.57594562591265,9.986843511272834],[76.57594562591265,9.987651995028541],[76.57513714215695,9.987651995028541],[76.57513714215695,9.986843511272834]]],[[[76.57594562591265,9.987651995028541],[76.57837107717977,9.987651995028541],[76.57837107717977,9.98846047878425],[76.57594562591265,9.98846047878425],[76.57594562591265,9.987651995028541]]],[[[76.57675410966836,9.863145496649576],[76.57756259342406,9.863145496649576],[76.57756259342406,9.864762464160991],[76.57675410966836,9.864762464160991],[76.57675410966836,9.863145496649576]]],[[[76.57756259342406,9.859103077871037],[76.57837107717977,9.859103077871037],[76.57837107717977,9.86152852913816],[76.57756259342406,9.86152852913816],[76.57756259342406,9.859103077871037]]],[[[76.57756259342406,9.862337012893867],[76.57837107717977,9.862337012893867],[76.57837107717977,9.863145496649576],[76.57756259342406,9.863145496649576],[76.57756259342406,9.862337012893867]]],[[[76.57837107717977,9.85829459411533],[76.57917956093549,9.85829459411533],[76.57917956093549,9.859103077871037],[76.57837107717977,9.859103077871037],[76.57837107717977,9.85829459411533]]],[[[76.57837107717977,9.86152852913816],[76.57917956093549,9.86152852913816],[76.57917956093549,9.862337012893867],[76.57837107717977,9.862337012893867],[76.57837107717977,9.86152852913816]]],[[[76.57837107717977,9.986843511272834],[76.5807965284469,9.986843511272834],[76.5807965284469,9.987651995028541],[76.57837107717977,9.987651995028541],[76.57837107717977,9.986843511272834]]],[[[76.57917956093549,9.857486110359623],[76.5807965284469,9.857486110359623],[76.5807965284469,9.85829459411533],[76.57917956093549,9.85829459411533],[76.57917956093549,9.857486110359623]]],[[[76.5807965284469,9.85829459411533],[76.5816050122026,9.85829459411533],[76.5816050122026,9.859103077871037],[76.5807965284469,9.859103077871037],[76.5807965284469,9.85829459411533]]],[[[76.5807965284469,9.986035027517126],[76.5816050122026,9.986035027517126],[76.5816050122026,9.986843511272834],[76.5807965284469,9.986843511272834],[76.5807965284469,9.986035027517126]]],[[[76.5816050122026,9.859103077871037],[76.5824134959583,9.859103077871037],[76.5824134959583,9.859911561626745],[76.5816050122026,9.859911561626745],[76.5816050122026,9.859103077871037]]],[[[76.58483894722544,9.983609576250004],[76.58483894722544,9.985226543761419],[76.58564743098114,9.985226543761419],[76.58564743098114,9.986035027517126],[76.5816050122026,9.986035027517126],[76.5816050122026,9.985226543761419],[76.58403046346973,9.985226543761419],[76.58403046346973,9.983609576250004],[76.58483894722544,9.983609576250004]]],[[[76.58322197971403,9.979567157471466],[76.58403046346973,9.979567157471466],[76.58403046346973,9.98118412498288],[76.58322197971403,9.98118412498288],[76.58322197971403,9.979567157471466]]],[[[76.58403046346973,9.977141706204343],[76.58483894722544,9.977141706204343],[76.58483894722544,9.979567157471466],[76.58403046346973,9.979567157471466],[76.58403046346973,9.977141706204343]]],[[[76.58403046346973,9.98118412498288],[76.58483894722544,9.98118412498288],[76.58483894722544,9.981992608738588],[76.58403046346973,9.981992608738588],[76.58403046346973,9.98118412498288]]],[[[76.58483894722544,9.976333222448636],[76.58564743098114,9.976333222448636],[76.58564743098114,9.977141706204343],[76.58483894722544,9.977141706204343],[76.58483894722544,9.976333222448636]]],[[[76.58483894722544,9.981992608738588],[76.58564743098114,9.981992608738588],[76.58564743098114,9.983609576250004],[76.58483894722544,9.983609576250004],[76.58483894722544,9.981992608738588]]],[[[76.58483894722544,10.03131011783675],[76.58807288224827,10.03131011783675],[76.58807288224827,10.032118601592458],[76.58483894722544,10.032118601592458],[76.58483894722544,10.03131011783675]]],[[[76.58564743098114,9.975524738692927],[76.58807288224827,9.975524738692927],[76.58807288224827,9.976333222448636],[76.58564743098114,9.976333222448636],[76.58564743098114,9.975524738692927]]],[[[76.58564743098114,9.986035027517126],[76.58645591473685,9.986035027517126],[76.58645591473685,9.986843511272834],[76.58564743098114,9.986843511272834],[76.58564743098114,9.986035027517126]]],[[[76.58645591473685,9.986843511272834],[76.58726439849255,9.986843511272834],[76.58726439849255,9.98846047878425],[76.58645591473685,9.98846047878425],[76.58645591473685,9.986843511272834]]],[[[76.58726439849255,9.98846047878425],[76.58888136600397,9.98846047878425],[76.58888136600397,9.990077446295665],[76.58807288224827,9.990077446295665],[76.58807288224827,9.989268962539956],[76.58726439849255,9.989268962539956],[76.58726439849255,9.98846047878425]]],[[[76.58807288224827,9.97471625493722],[76.58888136600397,9.97471625493722],[76.58888136600397,9.975524738692927],[76.58807288224827,9.975524738692927],[76.58807288224827,9.97471625493722]]],[[[76.58807288224827,10.029693150325334],[76.58888136600397,10.029693150325334],[76.58888136600397,10.03131011783675],[76.58807288224827,10.03131011783675],[76.58807288224827,10.029693150325334]]],[[[76.58888136600397,9.973099287425805],[76.58968984975968,9.973099287425805],[76.58968984975968,9.97471625493722],[76.58888136600397,9.97471625493722],[76.58888136600397,9.973099287425805]]],[[[76.58888136600397,9.990077446295665],[76.58968984975968,9.990077446295665],[76.58968984975968,9.991694413807078],[76.58888136600397,9.991694413807078],[76.58888136600397,9.990077446295665]]],[[[76.58888136600397,10.028884666569628],[76.58968984975968,10.028884666569628],[76.58968984975968,10.029693150325334],[76.58888136600397,10.029693150325334],[76.58888136600397,10.028884666569628]]],[[[76.58968984975968,9.972290803670097],[76.59049833351538,9.972290803670097],[76.59049833351538,9.973099287425805],[76.58968984975968,9.973099287425805],[76.58968984975968,9.972290803670097]]],[[[76.58968984975968,9.991694413807078],[76.59130681727109,9.991694413807078],[76.59130681727109,9.993311381318494],[76.58968984975968,9.993311381318494],[76.58968984975968,9.991694413807078]]],[[[76.58968984975968,10.028076182813919],[76.59049833351538,10.028076182813919],[76.59049833351538,10.028884666569628],[76.58968984975968,10.028884666569628],[76.58968984975968,10.028076182813919]]],[[[76.59049833351538,9.97148231991439],[76.59696620356105,9.97148231991439],[76.59696620356105,9.972290803670097],[76.59049833351538,9.972290803670097],[76.59049833351538,9.97148231991439]]],[[[76.59049833351538,10.027267699058212],[76.59130681727109,10.027267699058212],[76.59130681727109,10.028076182813919],[76.59049833351538,10.028076182813919],[76.59049833351538,10.027267699058212]]],[[[76.59130681727109,9.993311381318494],[76.59373226853822,9.993311381318494],[76.59373226853822,9.994119865074202],[76.59130681727109,9.994119865074202],[76.59130681727109,9.993311381318494]]],[[[76.59130681727109,10.026459215302504],[76.59615771980533,10.026459215302504],[76.59615771980533,10.027267699058212],[76.59130681727109,10.027267699058212],[76.59130681727109,10.026459215302504]]],[[[76.59373226853822,9.991694413807078],[76.59534923604963,9.991694413807078],[76.59534923604963,9.993311381318494],[76.59373226853822,9.993311381318494],[76.59373226853822,9.991694413807078]]],[[[76.59534923604963,9.990885930051371],[76.59777468731676,9.990885930051371],[76.59777468731676,9.991694413807078],[76.59534923604963,9.991694413807078],[76.59534923604963,9.990885930051371]]],[[[76.59777468731676,10.02484224779109],[76.59777468731676,10.026459215302504],[76.59615771980533,10.026459215302504],[76.59615771980533,10.025650731546797],[76.59696620356105,10.025650731546797],[76.59696620356105,10.02484224779109],[76.59777468731676,10.02484224779109]]],[[[76.59858317107246,9.970673836158682],[76.59858317107246,9.972290803670097],[76.59777468731676,9.972290803670097],[76.59777468731676,9.97148231991439],[76.59696620356105,9.97148231991439],[76.59696620356105,9.970673836158682],[76.59858317107246,9.970673836158682]]],[[[76.59777468731676,9.990077446295665],[76.59858317107246,9.990077446295665],[76.59858317107246,9.990885930051371],[76.59777468731676,9.990885930051371],[76.59777468731676,9.990077446295665]]],[[[76.59777468731676,10.024033764035382],[76.59939165482817,10.024033764035382],[76.59939165482817,10.02484224779109],[76.59777468731676,10.02484224779109],[76.59777468731676,10.024033764035382]]],[[[76.59858317107246,9.969865352402975],[76.59939165482817,9.969865352402975],[76.59939165482817,9.970673836158682],[76.59858317107246,9.970673836158682],[76.59858317107246,9.969865352402975]]],[[[76.59858317107246,9.989268962539956],[76.6018171060953,9.989268962539956],[76.6018171060953,9.990077446295665],[76.59858317107246,9.990077446295665],[76.59858317107246,9.989268962539956]]],[[[76.59939165482817,9.933483583396134],[76.60020013858387,9.933483583396134],[76.60020013858387,9.936717518418964],[76.59939165482817,9.936717518418964],[76.59939165482817,9.933483583396134]]],[[[76.59939165482817,9.969056868647268],[76.60020013858387,9.969056868647268],[76.60020013858387,9.969865352402975],[76.59939165482817,9.969865352402975],[76.59939165482817,9.969056868647268]]],[[[76.59939165482817,9.995736832585617],[76.60020013858387,9.995736832585617],[76.60020013858387,10.000587735119863],[76.59939165482817,10.000587735119863],[76.59939165482817,9.995736832585617]]],[[[76.59939165482817,10.023225280279675],[76.6018171060953,10.023225280279675],[76.6018171060953,10.024033764035382],[76.59939165482817,10.024033764035382],[76.59939165482817,10.023225280279675]]],[[[76.60020013858387,9.932675099640427],[76.6018171060953,9.932675099640427],[76.6018171060953,9.933483583396134],[76.60020013858387,9.933483583396134],[76.60020013858387,9.932675099640427]]],[[[76.60020013858387,9.936717518418964],[76.6018171060953,9.936717518418964],[76.6018171060953,9.937526002174671],[76.60020013858387,9.937526002174671],[76.60020013858387,9.936717518418964]]],[[[76.60020013858387,9.96824838489156],[76.60100862233959,9.96824838489156],[76.60100862233959,9.969056868647268],[76.60020013858387,9.969056868647268],[76.60020013858387,9.96824838489156]]],[[[76.60020013858387,9.991694413807078],[76.60100862233959,9.991694413807078],[76.60100862233959,9.995736832585617],[76.60020013858387,9.995736832585617],[76.60020013858387,9.991694413807078]]],[[[76.60020013858387,10.000587735119863],[76.60505104111812,10.000587735119863],[76.60505104111812,10.00139621887557],[76.60020013858387,10.00139621887557],[76.60020013858387,10.000587735119863]]],[[[76.60100862233959,9.967439901135853],[76.6018171060953,9.967439901135853],[76.6018171060953,9.96824838489156],[76.60100862233959,9.96824838489156],[76.60100862233959,9.967439901135853]]],[[[76.60100862233959,9.990885930051371],[76.6018171060953,9.990885930051371],[76.6018171060953,9.991694413807078],[76.60100862233959,9.991694413807078],[76.60100862233959,9.990885930051371]]],[[[76.6018171060953,9.931866615884719],[76.60424255736241,9.931866615884719],[76.60424255736241,9.932675099640427],[76.6018171060953,9.932675099640427],[76.6018171060953,9.931866615884719]]],[[[76.6018171060953,9.937526002174671],[76.602625589851,9.937526002174671],[76.602625589851,9.939142969686086],[76.6018171060953,9.939142969686086],[76.6018171060953,9.937526002174671]]],[[[76.6018171060953,9.966631417380144],[76.602625589851,9.966631417380144],[76.602625589851,9.967439901135853],[76.6018171060953,9.967439901135853],[76.6018171060953,9.966631417380144]]],[[[76.6018171060953,9.990077446295665],[76.602625589851,9.990077446295665],[76.602625589851,9.990885930051371],[76.6018171060953,9.990885930051371],[76.6018171060953,9.990077446295665]]],[[[76.60505104111812,10.02160831276826],[76.60505104111812,10.022416796523967],[76.6034340736067,10.022416796523967],[76.6034340736067,10.023225280279675],[76.6018171060953,10.023225280279675],[76.6018171060953,10.022416796523967],[76.602625589851,10.022416796523967],[76.602625589851,10.02160831276826],[76.60505104111812,10.02160831276826]]],[[[76.602625589851,9.939142969686086],[76.6034340736067,9.939142969686086],[76.6034340736067,9.94156842095321],[76.602625589851,9.94156842095321],[76.602625589851,9.939142969686086]]],[[[76.602625589851,9.965014449868729],[76.6034340736067,9.965014449868729],[76.6034340736067,9.966631417380144],[76.602625589851,9.966631417380144],[76.602625589851,9.965014449868729]]],[[[76.602625589851,9.990885930051371],[76.6034340736067,9.990885930051371],[76.6034340736067,9.991694413807078],[76.602625589851,9.991694413807078],[76.602625589851,9.990885930051371]]],[[[76.6034340736067,9.94156842095321],[76.60505104111812,9.94156842095321],[76.60505104111812,9.942376904708917],[76.6034340736067,9.942376904708917],[76.6034340736067,9.94156842095321]]],[[[76.6034340736067,9.964205966113022],[76.60424255736241,9.964205966113022],[76.60424255736241,9.965014449868729],[76.6034340736067,9.965014449868729],[76.6034340736067,9.964205966113022]]],[[[76.6034340736067,9.991694413807078],[76.60505104111812,9.991694413807078],[76.60505104111812,9.993311381318494],[76.6034340736067,9.993311381318494],[76.6034340736067,9.991694413807078]]],[[[76.60424255736241,9.932675099640427],[76.60505104111812,9.932675099640427],[76.60505104111812,9.933483583396134],[76.60424255736241,9.933483583396134],[76.60424255736241,9.932675099640427]]],[[[76.60424255736241,9.963397482357314],[76.60505104111812,9.963397482357314],[76.60505104111812,9.964205966113022],[76.60424255736241,9.964205966113022],[76.60424255736241,9.963397482357314]]],[[[76.60505104111812,9.933483583396134],[76.60585952487384,9.933483583396134],[76.60585952487384,9.934292067151842],[76.60505104111812,9.934292067151842],[76.60505104111812,9.933483583396134]]],[[[76.60505104111812,9.942376904708917],[76.60585952487384,9.942376904708917],[76.60585952487384,9.943185388464626],[76.60505104111812,9.943185388464626],[76.60505104111812,9.942376904708917]]],[[[76.60505104111812,9.962588998601607],[76.60828497614095,9.962588998601607],[76.60828497614095,9.963397482357314],[76.60505104111812,9.963397482357314],[76.60505104111812,9.962588998601607]]],[[[76.60505104111812,9.993311381318494],[76.60585952487384,9.993311381318494],[76.60585952487384,9.994928348829909],[76.60505104111812,9.994928348829909],[76.60505104111812,9.993311381318494]]],[[[76.60505104111812,10.00139621887557],[76.60585952487384,10.00139621887557],[76.60585952487384,10.002204702631278],[76.60505104111812,10.002204702631278],[76.60505104111812,10.00139621887557]]],[[[76.60505104111812,10.020799829012551],[76.60828497614095,10.020799829012551],[76.60828497614095,10.02160831276826],[76.60505104111812,10.02160831276826],[76.60505104111812,10.020799829012551]]],[[[76.60585952487384,9.934292067151842],[76.60747649238525,9.934292067151842],[76.60747649238525,9.93510055090755],[76.60585952487384,9.93510055090755],[76.60585952487384,9.934292067151842]]],[[[76.60585952487384,9.943185388464626],[76.60990194365237,9.943185388464626],[76.60990194365237,9.943993872220332],[76.60585952487384,9.943993872220332],[76.60585952487384,9.943185388464626]]],[[[76.60585952487384,9.953695677288824],[76.60747649238525,9.953695677288824],[76.60747649238525,9.95531264480024],[76.60585952487384,9.95531264480024],[76.60585952487384,9.953695677288824]]],[[[76.60585952487384,9.994928348829909],[76.60747649238525,9.994928348829909],[76.60747649238525,9.995736832585617],[76.60585952487384,9.995736832585617],[76.60585952487384,9.994928348829909]]],[[[76.60990194365237,10.002204702631278],[76.60909345989666,10.002204702631278],[76.60909345989666,10.00139621887557],[76.60585952487384,10.00139621887557],[76.60585952487384,10.000587735119863],[76.60990194365237,10.000587735119863],[76.60990194365237,10.002204702631278]]],[[[76.60747649238525,9.93510055090755],[76.60828497614095,9.93510055090755],[76.60828497614095,9.935909034663258],[76.60747649238525,9.935909034663258],[76.60747649238525,9.93510055090755]]],[[[76.60747649238525,9.952887193533115],[76.60990194365237,9.952887193533115],[76.60990194365237,9.953695677288824],[76.60747649238525,9.953695677288824],[76.60747649238525,9.952887193533115]]],[[[76.60747649238525,9.95531264480024],[76.60828497614095,9.95531264480024],[76.60828497614095,9.956121128555946],[76.60747649238525,9.956121128555946],[76.60747649238525,9.95531264480024]]],[[[76.60747649238525,9.995736832585617],[76.60990194365237,9.995736832585617],[76.60990194365237,9.996545316341324],[76.60747649238525,9.996545316341324],[76.60747649238525,9.995736832585617]]],[[[76.60747649238525,10.010289540188353],[76.60828497614095,10.010289540188353],[76.60828497614095,10.011098023944061],[76.60747649238525,10.011098023944061],[76.60747649238525,10.010289540188353]]],[[[76.60828497614095,9.935909034663258],[76.60909345989666,9.935909034663258],[76.60909345989666,9.936717518418964],[76.60828497614095,9.936717518418964],[76.60828497614095,9.935909034663258]]],[[[76.60828497614095,9.956121128555946],[76.60909345989666,9.956121128555946],[76.60909345989666,9.956929612311654],[76.60828497614095,9.956929612311654],[76.60828497614095,9.956121128555946]]],[[[76.60828497614095,9.960972031090192],[76.60909345989666,9.960972031090192],[76.60909345989666,9.962588998601607],[76.60828497614095,9.962588998601607],[76.60828497614095,9.960972031090192]]],[[[76.60828497614095,10.007055605165522],[76.60909345989666,10.007055605165522],[76.60909345989666,10.010289540188353],[76.60828497614095,10.010289540188353],[76.60828497614095,10.007055605165522]]],[[[76.60828497614095,10.011098023944061],[76.60909345989666,10.011098023944061],[76.60909345989666,10.011906507699768],[76.60828497614095,10.011906507699768],[76.60828497614095,10.011098023944061]]],[[[76.60828497614095,10.019182861501136],[76.60909345989666,10.019182861501136],[76.60909345989666,10.020799829012551],[76.60828497614095,10.020799829012551],[76.60828497614095,10.019182861501136]]],[[[76.60909345989666,9.936717518418964],[76.6139443624309,9.936717518418964],[76.6139443624309,9.937526002174671],[76.60909345989666,9.937526002174671],[76.60909345989666,9.936717518418964]]],[[[76.60909345989666,9.956929612311654],[76.60990194365237,9.956929612311654],[76.60990194365237,9.957738096067361],[76.60909345989666,9.957738096067361],[76.60909345989666,9.956929612311654]]],[[[76.60909345989666,9.958546579823068],[76.60990194365237,9.958546579823068],[76.60990194365237,9.960972031090192],[76.60909345989666,9.960972031090192],[76.60909345989666,9.958546579823068]]],[[[76.60909345989666,10.006247121409816],[76.60990194365237,10.006247121409816],[76.60990194365237,10.007055605165522],[76.60909345989666,10.007055605165522],[76.60909345989666,10.006247121409816]]],[[[76.60909345989666,10.011906507699768],[76.6139443624309,10.011906507699768],[76.6139443624309,10.015140442722599],[76.6131358786752,10.015140442722599],[76.6131358786752,10.012714991455477],[76.60909345989666,10.012714991455477],[76.60909345989666,10.011906507699768]]],[[[76.60909345989666,10.01837437774543],[76.61071042740808,10.01837437774543],[76.61071042740808,10.019182861501136],[76.60909345989666,10.019182861501136],[76.60909345989666,10.01837437774543]]],[[[76.60990194365237,9.943993872220332],[76.61232739491949,9.943993872220332],[76.61232739491949,9.94480235597604],[76.60990194365237,9.94480235597604],[76.60990194365237,9.943993872220332]]],[[[76.60990194365237,9.953695677288824],[76.6131358786752,9.953695677288824],[76.6131358786752,9.95450416104453],[76.60990194365237,9.95450416104453],[76.60990194365237,9.953695677288824]]],[[[76.60990194365237,9.957738096067361],[76.61071042740808,9.957738096067361],[76.61071042740808,9.958546579823068],[76.60990194365237,9.958546579823068],[76.60990194365237,9.957738096067361]]],[[[76.60990194365237,9.994928348829909],[76.61071042740808,9.994928348829909],[76.61071042740808,9.995736832585617],[76.60990194365237,9.995736832585617],[76.60990194365237,9.994928348829909]]],[[[76.60990194365237,10.002204702631278],[76.61071042740808,10.002204702631278],[76.61071042740808,10.003013186386985],[76.60990194365237,10.003013186386985],[76.60990194365237,10.002204702631278]]],[[[76.60990194365237,10.005438637654107],[76.61071042740808,10.005438637654107],[76.61071042740808,10.006247121409816],[76.60990194365237,10.006247121409816],[76.60990194365237,10.005438637654107]]],[[[76.60990194365237,10.020799829012551],[76.61071042740808,10.020799829012551],[76.61071042740808,10.02160831276826],[76.60990194365237,10.02160831276826],[76.60990194365237,10.020799829012551]]],[[[76.6131358786752,9.995736832585617],[76.61232739491949,9.995736832585617],[76.61232739491949,9.994928348829909],[76.61071042740808,9.994928348829909],[76.61071042740808,9.994119865074202],[76.6139443624309,9.994119865074202],[76.6139443624309,9.994928348829909],[76.6131358786752,9.994928348829909],[76.6131358786752,9.995736832585617]]],[[[76.61071042740808,10.003013186386985],[76.61232739491949,10.003013186386985],[76.61232739491949,10.0046301538984],[76.61151891116378,10.0046301538984],[76.61151891116378,10.003821670142692],[76.61071042740808,10.003821670142692],[76.61071042740808,10.003013186386985]]],[[[76.61071042740808,10.0046301538984],[76.61151891116378,10.0046301538984],[76.61151891116378,10.005438637654107],[76.61071042740808,10.005438637654107],[76.61071042740808,10.0046301538984]]],[[[76.61071042740808,10.01756589398972],[76.6131358786752,10.01756589398972],[76.6131358786752,10.01837437774543],[76.61071042740808,10.01837437774543],[76.61071042740808,10.01756589398972]]],[[[76.61071042740808,10.019182861501136],[76.61151891116378,10.019182861501136],[76.61151891116378,10.020799829012551],[76.61071042740808,10.020799829012551],[76.61071042740808,10.019182861501136]]],[[[76.61071042740808,10.02160831276826],[76.61151891116378,10.02160831276826],[76.61151891116378,10.023225280279675],[76.61071042740808,10.023225280279675],[76.61071042740808,10.02160831276826]]],[[[76.61071042740808,10.08062762693491],[76.61151891116378,10.08062762693491],[76.61151891116378,10.083053078202035],[76.61071042740808,10.083053078202035],[76.61071042740808,10.08062762693491]]],[[[76.61151891116378,10.023225280279675],[76.61232739491949,10.023225280279675],[76.61232739491949,10.025650731546797],[76.61151891116378,10.025650731546797],[76.61151891116378,10.023225280279675]]],[[[76.61151891116378,10.079819143179204],[76.6139443624309,10.079819143179204],[76.6139443624309,10.08062762693491],[76.61151891116378,10.08062762693491],[76.61151891116378,10.079819143179204]]],[[[76.61151891116378,10.083053078202035],[76.6131358786752,10.083053078202035],[76.6131358786752,10.083861561957741],[76.61151891116378,10.083861561957741],[76.61151891116378,10.083053078202035]]],[[[76.61232739491949,9.94480235597604],[76.6131358786752,9.94480235597604],[76.6131358786752,9.949653258510285],[76.61232739491949,9.949653258510285],[76.61232739491949,9.94480235597604]]],[[[76.61232739491949,10.025650731546797],[76.6131358786752,10.025650731546797],[76.6131358786752,10.028076182813919],[76.61232739491949,10.028076182813919],[76.61232739491949,10.025650731546797]]],[[[76.6131358786752,9.949653258510285],[76.6139443624309,9.949653258510285],[76.6139443624309,9.950461742265993],[76.6131358786752,9.950461742265993],[76.6131358786752,9.949653258510285]]],[[[76.6131358786752,9.952887193533115],[76.61475284618662,9.952887193533115],[76.61475284618662,9.953695677288824],[76.6131358786752,9.953695677288824],[76.6131358786752,9.952887193533115]]],[[[76.6131358786752,9.995736832585617],[76.6139443624309,9.995736832585617],[76.6139443624309,9.996545316341324],[76.6131358786752,9.996545316341324],[76.6131358786752,9.995736832585617]]],[[[76.6131358786752,10.016757410234014],[76.6139443624309,10.016757410234014],[76.6139443624309,10.01756589398972],[76.6131358786752,10.01756589398972],[76.6131358786752,10.016757410234014]]],[[[76.6131358786752,10.028076182813919],[76.6139443624309,10.028076182813919],[76.6139443624309,10.028884666569628],[76.6131358786752,10.028884666569628],[76.6131358786752,10.028076182813919]]],[[[76.6131358786752,10.083861561957741],[76.61556132994232,10.083861561957741],[76.61556132994232,10.08467004571345],[76.6131358786752,10.08467004571345],[76.6131358786752,10.083861561957741]]],[[[76.6139443624309,9.93510055090755],[76.61475284618662,9.93510055090755],[76.61475284618662,9.936717518418964],[76.6139443624309,9.936717518418964],[76.6139443624309,9.93510055090755]]],[[[76.6139443624309,9.950461742265993],[76.61475284618662,9.950461742265993],[76.61475284618662,9.9512702260217],[76.6139443624309,9.9512702260217],[76.6139443624309,9.950461742265993]]],[[[76.6139443624309,9.996545316341324],[76.61960374872086,9.996545316341324],[76.61960374872086,9.997353800097033],[76.6139443624309,9.997353800097033],[76.6139443624309,9.996545316341324]]],[[[76.6139443624309,10.015140442722599],[76.61475284618662,10.015140442722599],[76.61475284618662,10.016757410234014],[76.6139443624309,10.016757410234014],[76.6139443624309,10.015140442722599]]],[[[76.6139443624309,10.028884666569628],[76.61475284618662,10.028884666569628],[76.61475284618662,10.030501634081043],[76.6139443624309,10.030501634081043],[76.6139443624309,10.028884666569628]]],[[[76.6139443624309,10.03454405285958],[76.61475284618662,10.03454405285958],[76.61475284618662,10.035352536615289],[76.6139443624309,10.035352536615289],[76.6139443624309,10.03454405285958]]],[[[76.6139443624309,10.079010659423497],[76.61475284618662,10.079010659423497],[76.61475284618662,10.079819143179204],[76.6139443624309,10.079819143179204],[76.6139443624309,10.079010659423497]]],[[[76.61798678120944,9.932675099640427],[76.61798678120944,9.934292067151842],[76.61636981369803,9.934292067151842],[76.61636981369803,9.93510055090755],[76.61475284618662,9.93510055090755],[76.61475284618662,9.934292067151842],[76.61556132994232,9.934292067151842],[76.61556132994232,9.933483583396134],[76.61717829745373,9.933483583396134],[76.61717829745373,9.932675099640427],[76.61798678120944,9.932675099640427]]],[[[76.61475284618662,9.9512702260217],[76.61556132994232,9.9512702260217],[76.61556132994232,9.952887193533115],[76.61475284618662,9.952887193533115],[76.61475284618662,9.9512702260217]]],[[[76.61475284618662,10.030501634081043],[76.61556132994232,10.030501634081043],[76.61556132994232,10.032927085348165],[76.61475284618662,10.032927085348165],[76.61475284618662,10.030501634081043]]],[[[76.61475284618662,10.033735569103873],[76.61556132994232,10.033735569103873],[76.61556132994232,10.03454405285958],[76.61475284618662,10.03454405285958],[76.61475284618662,10.033735569103873]]],[[[76.61475284618662,10.035352536615289],[76.61556132994232,10.035352536615289],[76.61556132994232,10.036161020370995],[76.61475284618662,10.036161020370995],[76.61475284618662,10.035352536615289]]],[[[76.61475284618662,10.036969504126702],[76.61556132994232,10.036969504126702],[76.61556132994232,10.038586471638117],[76.61475284618662,10.038586471638117],[76.61475284618662,10.036969504126702]]],[[[76.61717829745373,10.076585208156374],[76.61717829745373,10.079010659423497],[76.61475284618662,10.079010659423497],[76.61475284618662,10.078202175667789],[76.61636981369803,10.078202175667789],[76.61636981369803,10.076585208156374],[76.61717829745373,10.076585208156374]]],[[[76.61556132994232,10.032927085348165],[76.61636981369803,10.032927085348165],[76.61636981369803,10.033735569103873],[76.61556132994232,10.033735569103873],[76.61556132994232,10.032927085348165]]],[[[76.61556132994232,10.036161020370995],[76.61636981369803,10.036161020370995],[76.61636981369803,10.036969504126702],[76.61556132994232,10.036969504126702],[76.61556132994232,10.036161020370995]]],[[[76.61556132994232,10.038586471638117],[76.61636981369803,10.038586471638117],[76.61636981369803,10.039394955393826],[76.61556132994232,10.039394955393826],[76.61556132994232,10.038586471638117]]],[[[76.61556132994232,10.08467004571345],[76.61717829745373,10.08467004571345],[76.61717829745373,10.085478529469157],[76.61556132994232,10.085478529469157],[76.61556132994232,10.08467004571345]]],[[[76.61636981369803,10.039394955393826],[76.61879526496516,10.039394955393826],[76.61879526496516,10.038586471638117],[76.61960374872086,10.038586471638117],[76.61960374872086,10.040203439149533],[76.61798678120944,10.040203439149533],[76.61798678120944,10.041011922905241],[76.61717829745373,10.041011922905241],[76.61717829745373,10.040203439149533],[76.61636981369803,10.040203439149533],[76.61636981369803,10.039394955393826]]],[[[76.61717829745373,10.074968240644958],[76.61798678120944,10.074968240644958],[76.61798678120944,10.076585208156374],[76.61717829745373,10.076585208156374],[76.61717829745373,10.074968240644958]]],[[[76.61717829745373,10.085478529469157],[76.61798678120944,10.085478529469157],[76.61798678120944,10.086287013224865],[76.61717829745373,10.086287013224865],[76.61717829745373,10.085478529469157]]],[[[76.61798678120944,9.930249648373303],[76.61879526496516,9.930249648373303],[76.61879526496516,9.932675099640427],[76.61798678120944,9.932675099640427],[76.61798678120944,9.930249648373303]]],[[[76.61960374872086,10.071734305622128],[76.61960374872086,10.075776724400667],[76.61879526496516,10.075776724400667],[76.61879526496516,10.074968240644958],[76.61798678120944,10.074968240644958],[76.61798678120944,10.073351273133543],[76.61879526496516,10.073351273133543],[76.61879526496516,10.071734305622128],[76.61960374872086,10.071734305622128]]],[[[76.61798678120944,10.086287013224865],[76.62041223247657,10.086287013224865],[76.62041223247657,10.087095496980572],[76.61798678120944,10.087095496980572],[76.61798678120944,10.086287013224865]]],[[[76.61879526496516,9.929441164617597],[76.62041223247657,9.929441164617597],[76.62041223247657,9.930249648373303],[76.61879526496516,9.930249648373303],[76.61879526496516,9.929441164617597]]],[[[76.61960374872086,9.997353800097033],[76.62202919998798,9.997353800097033],[76.62202919998798,9.99816228385274],[76.61960374872086,9.99816228385274],[76.61960374872086,9.997353800097033]]],[[[76.61960374872086,10.040203439149533],[76.62122071623227,10.040203439149533],[76.62122071623227,10.041820406660948],[76.62202919998798,10.041820406660948],[76.62202919998798,10.042628890416657],[76.62122071623227,10.042628890416657],[76.62122071623227,10.043437374172363],[76.62041223247657,10.043437374172363],[76.62041223247657,10.041011922905241],[76.61960374872086,10.041011922905241],[76.61960374872086,10.040203439149533]]],[[[76.61960374872086,10.070925821866421],[76.62041223247657,10.070925821866421],[76.62041223247657,10.071734305622128],[76.61960374872086,10.071734305622128],[76.61960374872086,10.070925821866421]]],[[[76.62041223247657,9.928632680861888],[76.62768858627794,9.928632680861888],[76.62768858627794,9.929441164617597],[76.62041223247657,9.929441164617597],[76.62041223247657,9.928632680861888]]],[[[76.62041223247657,10.06122401679793],[76.62122071623227,10.06122401679793],[76.62122071623227,10.062032500553638],[76.62041223247657,10.062032500553638],[76.62041223247657,10.06122401679793]]],[[[76.62041223247657,10.069308854355006],[76.62122071623227,10.069308854355006],[76.62122071623227,10.070925821866421],[76.62041223247657,10.070925821866421],[76.62041223247657,10.069308854355006]]],[[[76.62041223247657,10.085478529469157],[76.62122071623227,10.085478529469157],[76.62122071623227,10.086287013224865],[76.62041223247657,10.086287013224865],[76.62041223247657,10.085478529469157]]],[[[76.62122071623227,10.043437374172363],[76.62202919998798,10.043437374172363],[76.62202919998798,10.045054341683779],[76.62122071623227,10.045054341683779],[76.62122071623227,10.043437374172363]]],[[[76.62122071623227,10.058798565530807],[76.62202919998798,10.058798565530807],[76.62202919998798,10.06122401679793],[76.62122071623227,10.06122401679793],[76.62122071623227,10.058798565530807]]],[[[76.62122071623227,10.062032500553638],[76.62202919998798,10.062032500553638],[76.62202919998798,10.062840984309345],[76.62122071623227,10.062840984309345],[76.62122071623227,10.062032500553638]]],[[[76.62283768374368,10.06769188684359],[76.62283768374368,10.069308854355006],[76.62122071623227,10.069308854355006],[76.62122071623227,10.068500370599299],[76.62202919998798,10.068500370599299],[76.62202919998798,10.06769188684359],[76.62283768374368,10.06769188684359]]],[[[76.62122071623227,10.086287013224865],[76.62202919998798,10.086287013224865],[76.62202919998798,10.087095496980572],[76.62122071623227,10.087095496980572],[76.62122071623227,10.086287013224865]]],[[[76.62202919998798,9.996545316341324],[76.6244546512551,9.996545316341324],[76.6244546512551,9.997353800097033],[76.62202919998798,9.997353800097033],[76.62202919998798,9.996545316341324]]],[[[76.62202919998798,10.045054341683779],[76.62283768374368,10.045054341683779],[76.62283768374368,10.045862825439487],[76.6236461674994,10.045862825439487],[76.6236461674994,10.048288276706609],[76.62283768374368,10.048288276706609],[76.62283768374368,10.0474797929509],[76.62202919998798,10.0474797929509],[76.62202919998798,10.045054341683779]]],[[[76.6236461674994,10.057181598019392],[76.6236461674994,10.0579900817751],[76.62283768374368,10.0579900817751],[76.62283768374368,10.058798565530807],[76.62202919998798,10.058798565530807],[76.62202919998798,10.057181598019392],[76.6236461674994,10.057181598019392]]],[[[76.62202919998798,10.062840984309345],[76.6236461674994,10.062840984309345],[76.6236461674994,10.06445795182076],[76.62283768374368,10.06445795182076],[76.62283768374368,10.063649468065053],[76.62202919998798,10.063649468065053],[76.62202919998798,10.062840984309345]]],[[[76.62202919998798,10.085478529469157],[76.62283768374368,10.085478529469157],[76.62283768374368,10.086287013224865],[76.62202919998798,10.086287013224865],[76.62202919998798,10.085478529469157]]],[[[76.62283768374368,10.066883403087884],[76.6236461674994,10.066883403087884],[76.6236461674994,10.06769188684359],[76.62283768374368,10.06769188684359],[76.62283768374368,10.066883403087884]]],[[[76.62283768374368,10.086287013224865],[76.6244546512551,10.086287013224865],[76.6244546512551,10.08790398073628],[76.6236461674994,10.08790398073628],[76.6236461674994,10.087095496980572],[76.62283768374368,10.087095496980572],[76.62283768374368,10.086287013224865]]],[[[76.6236461674994,10.048288276706609],[76.6244546512551,10.048288276706609],[76.6244546512551,10.049096760462316],[76.6236461674994,10.049096760462316],[76.6236461674994,10.048288276706609]]],[[[76.6236461674994,10.056373114263685],[76.6244546512551,10.056373114263685],[76.6244546512551,10.057181598019392],[76.6236461674994,10.057181598019392],[76.6236461674994,10.056373114263685]]],[[[76.6236461674994,10.06445795182076],[76.6244546512551,10.06445795182076],[76.6244546512551,10.065266435576468],[76.6236461674994,10.065266435576468],[76.6236461674994,10.06445795182076]]],[[[76.6244546512551,10.065266435576468],[76.62526313501081,10.065266435576468],[76.62526313501081,10.066883403087884],[76.6236461674994,10.066883403087884],[76.6236461674994,10.066074919332175],[76.6244546512551,10.066074919332175],[76.6244546512551,10.065266435576468]]],[[[76.6244546512551,10.088712464491987],[76.6244546512551,10.090329432003402],[76.62688010252222,10.090329432003402],[76.62688010252222,10.091137915759111],[76.6236461674994,10.091137915759111],[76.6236461674994,10.088712464491987],[76.6244546512551,10.088712464491987]]],[[[76.6244546512551,9.995736832585617],[76.62607161876652,9.995736832585617],[76.62607161876652,9.996545316341324],[76.6244546512551,9.996545316341324],[76.6244546512551,9.995736832585617]]],[[[76.6244546512551,10.049096760462316],[76.62607161876652,10.049096760462316],[76.62607161876652,10.049905244218024],[76.62526313501081,10.049905244218024],[76.62526313501081,10.053139179240855],[76.6244546512551,10.053139179240855],[76.6244546512551,10.049096760462316]]],[[[76.6244546512551,10.055564630507977],[76.62526313501081,10.055564630507977],[76.62526313501081,10.056373114263685],[76.6244546512551,10.056373114263685],[76.6244546512551,10.055564630507977]]],[[[76.6244546512551,10.08790398073628],[76.62526313501081,10.08790398073628],[76.62526313501081,10.088712464491987],[76.6244546512551,10.088712464491987],[76.6244546512551,10.08790398073628]]],[[[76.62526313501081,10.053139179240855],[76.62768858627794,10.053139179240855],[76.62768858627794,10.053947662996562],[76.62607161876652,10.053947662996562],[76.62607161876652,10.055564630507977],[76.62526313501081,10.055564630507977],[76.62526313501081,10.053139179240855]]],[[[76.62607161876652,9.994928348829909],[76.62688010252222,9.994928348829909],[76.62688010252222,9.995736832585617],[76.62607161876652,9.995736832585617],[76.62607161876652,9.994928348829909]]],[[[76.62688010252222,9.993311381318494],[76.62768858627794,9.993311381318494],[76.62768858627794,9.994928348829909],[76.62688010252222,9.994928348829909],[76.62688010252222,9.993311381318494]]],[[[76.62688010252222,10.091137915759111],[76.62768858627794,10.091137915759111],[76.62768858627794,10.091946399514818],[76.62688010252222,10.091946399514818],[76.62688010252222,10.091137915759111]]],[[[76.62768858627794,9.927824197106181],[76.62849707003365,9.927824197106181],[76.62849707003365,9.928632680861888],[76.62768858627794,9.928632680861888],[76.62768858627794,9.927824197106181]]],[[[76.62768858627794,9.991694413807078],[76.62849707003365,9.991694413807078],[76.62849707003365,9.993311381318494],[76.62768858627794,9.993311381318494],[76.62768858627794,9.991694413807078]]],[[[76.62768858627794,10.053947662996562],[76.62930555378935,10.053947662996562],[76.62930555378935,10.05475614675227],[76.62768858627794,10.05475614675227],[76.62768858627794,10.053947662996562]]],[[[76.62768858627794,10.091946399514818],[76.62849707003365,10.091946399514818],[76.62849707003365,10.092754883270525],[76.63092252130076,10.092754883270525],[76.63092252130076,10.093563367026233],[76.62768858627794,10.093563367026233],[76.62768858627794,10.091946399514818]]],[[[76.62849707003365,9.910846038236322],[76.62930555378935,9.910846038236322],[76.62930555378935,9.914079973259152],[76.62849707003365,9.914079973259152],[76.62849707003365,9.910846038236322]]],[[[76.62849707003365,9.926207229594766],[76.62930555378935,9.926207229594766],[76.62930555378935,9.927824197106181],[76.62849707003365,9.927824197106181],[76.62849707003365,9.926207229594766]]],[[[76.62849707003365,9.990885930051371],[76.63011403754506,9.990885930051371],[76.63011403754506,9.991694413807078],[76.62849707003365,9.991694413807078],[76.62849707003365,9.990885930051371]]],[[[76.62930555378935,9.910037554480615],[76.63011403754506,9.910037554480615],[76.63011403754506,9.910846038236322],[76.62930555378935,9.910846038236322],[76.62930555378935,9.910037554480615]]],[[[76.62930555378935,9.914079973259152],[76.63011403754506,9.914079973259152],[76.63011403754506,9.91488845701486],[76.62930555378935,9.91488845701486],[76.62930555378935,9.914079973259152]]],[[[76.62930555378935,9.925398745839058],[76.63739039134643,9.925398745839058],[76.63739039134643,9.926207229594766],[76.62930555378935,9.926207229594766],[76.62930555378935,9.925398745839058]]],[[[76.62930555378935,10.05475614675227],[76.63011403754506,10.05475614675227],[76.63011403754506,10.055564630507977],[76.62930555378935,10.055564630507977],[76.62930555378935,10.05475614675227]]],[[[76.63011403754506,9.91488845701486],[76.63092252130076,9.91488845701486],[76.63092252130076,9.915696940770568],[76.63011403754506,9.915696940770568],[76.63011403754506,9.91488845701486]]],[[[76.63011403754506,9.990077446295665],[76.63253948881218,9.990077446295665],[76.63253948881218,9.990885930051371],[76.63011403754506,9.990885930051371],[76.63011403754506,9.990077446295665]]],[[[76.63011403754506,10.055564630507977],[76.63092252130076,10.055564630507977],[76.63092252130076,10.056373114263685],[76.63011403754506,10.056373114263685],[76.63011403754506,10.055564630507977]]],[[[76.63092252130076,9.915696940770568],[76.63173100505647,9.915696940770568],[76.63173100505647,9.916505424526274],[76.63092252130076,9.916505424526274],[76.63092252130076,9.915696940770568]]],[[[76.63092252130076,10.056373114263685],[76.63334797256789,10.056373114263685],[76.63334797256789,10.057181598019392],[76.63092252130076,10.057181598019392],[76.63092252130076,10.056373114263685]]],[[[76.63092252130076,10.093563367026233],[76.63173100505647,10.093563367026233],[76.63173100505647,10.09437185078194],[76.63092252130076,10.09437185078194],[76.63092252130076,10.093563367026233]]],[[[76.63173100505647,9.916505424526274],[76.63334797256789,9.916505424526274],[76.63334797256789,9.917313908281983],[76.63173100505647,9.917313908281983],[76.63173100505647,9.916505424526274]]],[[[76.63173100505647,10.09437185078194],[76.63253948881218,10.09437185078194],[76.63253948881218,10.095180334537648],[76.63173100505647,10.095180334537648],[76.63173100505647,10.09437185078194]]],[[[76.63253948881218,9.989268962539956],[76.63981584261354,9.989268962539956],[76.63981584261354,9.990077446295665],[76.63253948881218,9.990077446295665],[76.63253948881218,9.989268962539956]]],[[[76.63253948881218,10.095180334537648],[76.63658190759072,10.095180334537648],[76.63658190759072,10.095988818293355],[76.63253948881218,10.095988818293355],[76.63253948881218,10.095180334537648]]],[[[76.63334797256789,9.917313908281983],[76.63658190759072,9.917313908281983],[76.63658190759072,9.91812239203769],[76.63334797256789,9.91812239203769],[76.63334797256789,9.917313908281983]]],[[[76.63334797256789,10.057181598019392],[76.6349649400793,10.057181598019392],[76.6349649400793,10.0579900817751],[76.63334797256789,10.0579900817751],[76.63334797256789,10.057181598019392]]],[[[76.6349649400793,10.0579900817751],[76.635773423835,10.0579900817751],[76.635773423835,10.058798565530807],[76.6349649400793,10.058798565530807],[76.6349649400793,10.0579900817751]]],[[[76.635773423835,10.057181598019392],[76.63658190759072,10.057181598019392],[76.63658190759072,10.0579900817751],[76.635773423835,10.0579900817751],[76.635773423835,10.057181598019392]]],[[[76.63658190759072,9.91812239203769],[76.63739039134643,9.91812239203769],[76.63739039134643,9.918930875793398],[76.63658190759072,9.918930875793398],[76.63658190759072,9.91812239203769]]],[[[76.63658190759072,10.056373114263685],[76.63739039134643,10.056373114263685],[76.63739039134643,10.057181598019392],[76.63658190759072,10.057181598019392],[76.63658190759072,10.056373114263685]]],[[[76.63658190759072,10.095988818293355],[76.63739039134643,10.095988818293355],[76.63739039134643,10.096797302049064],[76.63658190759072,10.096797302049064],[76.63658190759072,10.095988818293355]]],[[[76.63739039134643,9.917313908281983],[76.63900735885784,9.917313908281983],[76.63900735885784,9.91812239203769],[76.63739039134643,9.91812239203769],[76.63739039134643,9.917313908281983]]],[[[76.63900735885784,9.92135632706052],[76.63981584261354,9.92135632706052],[76.63981584261354,9.925398745839058],[76.63739039134643,9.925398745839058],[76.63739039134643,9.92459026208335],[76.63900735885784,9.92459026208335],[76.63900735885784,9.92135632706052]]],[[[76.63900735885784,10.05475614675227],[76.63900735885784,10.055564630507977],[76.63819887510213,10.055564630507977],[76.63819887510213,10.056373114263685],[76.63739039134643,10.056373114263685],[76.63739039134643,10.05475614675227],[76.63900735885784,10.05475614675227]]],[[[76.63739039134643,10.096797302049064],[76.63819887510213,10.096797302049064],[76.63819887510213,10.09760578580477],[76.63739039134643,10.09760578580477],[76.63739039134643,10.096797302049064]]],[[[76.63819887510213,9.920547843304814],[76.63900735885784,9.920547843304814],[76.63900735885784,9.92135632706052],[76.63819887510213,9.92135632706052],[76.63819887510213,9.920547843304814]]],[[[76.63819887510213,10.09760578580477],[76.64062432636926,10.09760578580477],[76.64062432636926,10.098414269560479],[76.63819887510213,10.098414269560479],[76.63819887510213,10.09760578580477]]],[[[76.63900735885784,9.91812239203769],[76.63981584261354,9.91812239203769],[76.63981584261354,9.920547843304814],[76.63900735885784,9.920547843304814],[76.63900735885784,9.91812239203769]]],[[[76.63900735885784,10.053947662996562],[76.64224129388067,10.053947662996562],[76.64224129388067,10.05475614675227],[76.63900735885784,10.05475614675227],[76.63900735885784,10.053947662996562]]],[[[76.63981584261354,9.917313908281983],[76.64062432636926,9.917313908281983],[76.64062432636926,9.91812239203769],[76.63981584261354,9.91812239203769],[76.63981584261354,9.917313908281983]]],[[[76.63981584261354,9.990077446295665],[76.64224129388067,9.990077446295665],[76.64224129388067,9.990885930051371],[76.63981584261354,9.990885930051371],[76.63981584261354,9.990077446295665]]],[[[76.64062432636926,9.91812239203769],[76.64304977763638,9.91812239203769],[76.64304977763638,9.918930875793398],[76.64062432636926,9.918930875793398],[76.64062432636926,9.91812239203769]]],[[[76.64062432636926,10.098414269560479],[76.64143281012497,10.098414269560479],[76.64143281012497,10.100031237071894],[76.64062432636926,10.100031237071894],[76.64062432636926,10.098414269560479]]],[[[76.64143281012497,10.100031237071894],[76.64304977763638,10.100031237071894],[76.64304977763638,10.10164820458331],[76.64143281012497,10.10164820458331],[76.64143281012497,10.100031237071894]]],[[[76.64224129388067,9.990885930051371],[76.64304977763638,9.990885930051371],[76.64304977763638,9.990077446295665],[76.64385826139208,9.990077446295665],[76.64385826139208,9.991694413807078],[76.64224129388067,9.991694413807078],[76.64224129388067,9.990885930051371]]],[[[76.64224129388067,10.05475614675227],[76.64385826139208,10.05475614675227],[76.64385826139208,10.055564630507977],[76.64224129388067,10.055564630507977],[76.64224129388067,10.05475614675227]]],[[[76.64304977763638,10.052330695485146],[76.64385826139208,10.052330695485146],[76.64385826139208,10.053947662996562],[76.64304977763638,10.053947662996562],[76.64304977763638,10.052330695485146]]],[[[76.64385826139208,9.991694413807078],[76.64709219641492,9.991694413807078],[76.64709219641492,9.993311381318494],[76.64385826139208,9.993311381318494],[76.64385826139208,9.991694413807078]]],[[[76.64385826139208,10.049905244218024],[76.64466674514779,10.049905244218024],[76.64466674514779,10.052330695485146],[76.64385826139208,10.052330695485146],[76.64385826139208,10.049905244218024]]],[[[76.64385826139208,10.053947662996562],[76.64466674514779,10.053947662996562],[76.64466674514779,10.05475614675227],[76.64385826139208,10.05475614675227],[76.64385826139208,10.053947662996562]]],[[[76.64466674514779,10.049096760462316],[76.6454752289035,10.049096760462316],[76.6454752289035,10.049905244218024],[76.64466674514779,10.049905244218024],[76.64466674514779,10.049096760462316]]],[[[76.6454752289035,10.048288276706609],[76.64628371265921,10.048288276706609],[76.64628371265921,10.049096760462316],[76.6454752289035,10.049096760462316],[76.6454752289035,10.048288276706609]]],[[[76.64628371265921,10.0474797929509],[76.64790068017062,10.0474797929509],[76.64790068017062,10.048288276706609],[76.64628371265921,10.048288276706609],[76.64628371265921,10.0474797929509]]],[[[76.64709219641492,9.993311381318494],[76.64870916392633,9.993311381318494],[76.64870916392633,9.994119865074202],[76.64709219641492,9.994119865074202],[76.64709219641492,9.993311381318494]]],[[[76.64790068017062,10.045862825439487],[76.64870916392633,10.045862825439487],[76.64870916392633,10.0474797929509],[76.64790068017062,10.0474797929509],[76.64790068017062,10.045862825439487]]],[[[76.64870916392633,9.994119865074202],[76.65356006646057,9.994119865074202],[76.65356006646057,9.994928348829909],[76.64870916392633,9.994928348829909],[76.64870916392633,9.994119865074202]]],[[[76.64870916392633,10.045054341683779],[76.65113461519346,10.045054341683779],[76.65113461519346,10.045862825439487],[76.64870916392633,10.045862825439487],[76.64870916392633,10.045054341683779]]],[[[76.65113461519346,10.045862825439487],[76.65194309894916,10.045862825439487],[76.65194309894916,10.0474797929509],[76.65113461519346,10.0474797929509],[76.65113461519346,10.045862825439487]]],[[[76.65194309894916,10.0474797929509],[76.65275158270487,10.0474797929509],[76.65275158270487,10.048288276706609],[76.65194309894916,10.048288276706609],[76.65194309894916,10.0474797929509]]],[[[76.65436855021629,10.045054341683779],[76.65436855021629,10.0474797929509],[76.65275158270487,10.0474797929509],[76.65275158270487,10.045862825439487],[76.65356006646057,10.045862825439487],[76.65356006646057,10.045054341683779],[76.65436855021629,10.045054341683779]]],[[[76.65356006646057,9.994928348829909],[76.65436855021629,9.994928348829909],[76.65436855021629,9.995736832585617],[76.65356006646057,9.995736832585617],[76.65356006646057,9.994928348829909]]],[[[76.65436855021629,9.995736832585617],[76.655177033972,9.995736832585617],[76.655177033972,9.996545316341324],[76.65436855021629,9.996545316341324],[76.65436855021629,9.995736832585617]]],[[[76.65436855021629,10.044245857928072],[76.655177033972,10.044245857928072],[76.655177033972,10.045054341683779],[76.65436855021629,10.045054341683779],[76.65436855021629,10.044245857928072]]],[[[76.655177033972,9.996545316341324],[76.6559855177277,9.996545316341324],[76.6559855177277,9.997353800097033],[76.655177033972,9.997353800097033],[76.655177033972,9.996545316341324]]],[[[76.655177033972,10.043437374172363],[76.6567940014834,10.043437374172363],[76.6567940014834,10.044245857928072],[76.655177033972,10.044245857928072],[76.655177033972,10.043437374172363]]],[[[76.6559855177277,9.997353800097033],[76.6567940014834,9.997353800097033],[76.6567940014834,9.99816228385274],[76.6559855177277,9.99816228385274],[76.6559855177277,9.997353800097033]]],[[[76.6567940014834,9.99816228385274],[76.65760248523911,9.99816228385274],[76.65760248523911,9.998970767608448],[76.6567940014834,9.998970767608448],[76.6567940014834,9.99816228385274]]],[[[76.6567940014834,10.042628890416657],[76.65760248523911,10.042628890416657],[76.65760248523911,10.043437374172363],[76.6567940014834,10.043437374172363],[76.6567940014834,10.042628890416657]]],[[[76.65760248523911,9.998970767608448],[76.65841096899483,9.998970767608448],[76.65841096899483,9.999779251364155],[76.65760248523911,9.999779251364155],[76.65760248523911,9.998970767608448]]],[[[76.65760248523911,10.043437374172363],[76.65841096899483,10.043437374172363],[76.65841096899483,10.044245857928072],[76.65760248523911,10.044245857928072],[76.65760248523911,10.043437374172363]]],[[[76.65841096899483,9.999779251364155],[76.65921945275053,9.999779251364155],[76.65921945275053,10.000587735119863],[76.65841096899483,10.000587735119863],[76.65841096899483,9.999779251364155]]],[[[76.65841096899483,10.044245857928072],[76.65921945275053,10.044245857928072],[76.65921945275053,10.045054341683779],[76.65841096899483,10.045054341683779],[76.65841096899483,10.044245857928072]]],[[[76.65921945275053,9.998970767608448],[76.66002793650624,9.998970767608448],[76.66002793650624,9.999779251364155],[76.65921945275053,9.999779251364155],[76.65921945275053,9.998970767608448]]],[[[76.65921945275053,10.043437374172363],[76.66002793650624,10.043437374172363],[76.66002793650624,10.044245857928072],[76.65921945275053,10.044245857928072],[76.65921945275053,10.043437374172363]]],[[[76.66002793650624,9.99816228385274],[76.66245338777335,9.99816228385274],[76.66245338777335,9.998970767608448],[76.66002793650624,9.998970767608448],[76.66002793650624,9.99816228385274]]],[[[76.66002793650624,10.044245857928072],[76.66164490401765,10.044245857928072],[76.66164490401765,10.045054341683779],[76.66002793650624,10.045054341683779],[76.66002793650624,10.044245857928072]]],[[[76.66164490401765,10.045054341683779],[76.66326187152907,10.045054341683779],[76.66326187152907,10.0474797929509],[76.66164490401765,10.0474797929509],[76.66164490401765,10.045054341683779]]],[[[76.66245338777335,9.997353800097033],[76.6664958065519,9.997353800097033],[76.6664958065519,9.99816228385274],[76.66245338777335,9.99816228385274],[76.66245338777335,9.997353800097033]]],[[[76.66326187152907,10.044245857928072],[76.66407035528478,10.044245857928072],[76.66407035528478,10.045054341683779],[76.66326187152907,10.045054341683779],[76.66326187152907,10.044245857928072]]],[[[76.66407035528478,10.045054341683779],[76.66487883904048,10.045054341683779],[76.66487883904048,10.045862825439487],[76.66407035528478,10.045862825439487],[76.66407035528478,10.045054341683779]]],[[[76.66487883904048,10.045862825439487],[76.6664958065519,10.045862825439487],[76.6664958065519,10.045054341683779],[76.66730429030761,10.045054341683779],[76.66730429030761,10.0474797929509],[76.66487883904048,10.0474797929509],[76.66487883904048,10.045862825439487]]],[[[76.6664958065519,9.995736832585617],[76.66730429030761,9.995736832585617],[76.66730429030761,9.997353800097033],[76.6664958065519,9.997353800097033],[76.6664958065519,9.995736832585617]]],[[[76.66892125781902,9.991694413807078],[76.66892125781902,9.993311381318494],[76.66811277406332,9.993311381318494],[76.66811277406332,9.995736832585617],[76.66730429030761,9.995736832585617],[76.66730429030761,9.991694413807078],[76.66892125781902,9.991694413807078]]],[[[76.66730429030761,10.044245857928072],[76.66811277406332,10.044245857928072],[76.66811277406332,10.045054341683779],[76.66730429030761,10.045054341683779],[76.66730429030761,10.044245857928072]]],[[[76.66811277406332,10.042628890416657],[76.66892125781902,10.042628890416657],[76.66892125781902,10.044245857928072],[76.66811277406332,10.044245857928072],[76.66811277406332,10.042628890416657]]],[[[76.66892125781902,9.990885930051371],[76.67215519284186,9.990885930051371],[76.67215519284186,9.991694413807078],[76.66892125781902,9.991694413807078],[76.66892125781902,9.990885930051371]]],[[[76.66892125781902,10.041820406660948],[76.66972974157473,10.041820406660948],[76.66972974157473,10.042628890416657],[76.66892125781902,10.042628890416657],[76.66892125781902,10.041820406660948]]],[[[76.66972974157473,10.042628890416657],[76.67053822533043,10.042628890416657],[76.67053822533043,10.043437374172363],[76.66972974157473,10.043437374172363],[76.66972974157473,10.042628890416657]]],[[[76.67053822533043,10.043437374172363],[76.67215519284186,10.043437374172363],[76.67215519284186,10.044245857928072],[76.67053822533043,10.044245857928072],[76.67053822533043,10.043437374172363]]],[[[76.67215519284186,9.990077446295665],[76.67377216035327,9.990077446295665],[76.67377216035327,9.990885930051371],[76.67215519284186,9.990885930051371],[76.67215519284186,9.990077446295665]]],[[[76.67215519284186,10.042628890416657],[76.67296367659756,10.042628890416657],[76.67296367659756,10.043437374172363],[76.67215519284186,10.043437374172363],[76.67215519284186,10.042628890416657]]],[[[76.67296367659756,10.041820406660948],[76.67458064410897,10.041820406660948],[76.67458064410897,10.042628890416657],[76.67296367659756,10.042628890416657],[76.67296367659756,10.041820406660948]]],[[[76.67377216035327,9.990885930051371],[76.67458064410897,9.990885930051371],[76.67458064410897,9.993311381318494],[76.67377216035327,9.993311381318494],[76.67377216035327,9.990885930051371]]],[[[76.67458064410897,9.993311381318494],[76.6761976116204,9.993311381318494],[76.6761976116204,9.994119865074202],[76.67458064410897,9.994119865074202],[76.67458064410897,9.993311381318494]]],[[[76.67458064410897,10.042628890416657],[76.67538912786468,10.042628890416657],[76.67538912786468,10.041820406660948],[76.6761976116204,10.041820406660948],[76.6761976116204,10.043437374172363],[76.67458064410897,10.043437374172363],[76.67458064410897,10.042628890416657]]],[[[76.6761976116204,9.991694413807078],[76.6770060953761,9.991694413807078],[76.6770060953761,9.993311381318494],[76.6761976116204,9.993311381318494],[76.6761976116204,9.991694413807078]]],[[[76.6761976116204,10.041011922905241],[76.6778145791318,10.041011922905241],[76.6778145791318,10.041820406660948],[76.6761976116204,10.041820406660948],[76.6761976116204,10.041011922905241]]],[[[76.6770060953761,9.990885930051371],[76.6778145791318,9.990885930051371],[76.6778145791318,9.991694413807078],[76.6770060953761,9.991694413807078],[76.6770060953761,9.990885930051371]]],[[[76.6778145791318,9.990077446295665],[76.67862306288751,9.990077446295665],[76.67862306288751,9.990885930051371],[76.6778145791318,9.990885930051371],[76.6778145791318,9.990077446295665]]],[[[76.6778145791318,10.038586471638117],[76.67862306288751,10.038586471638117],[76.67862306288751,10.041011922905241],[76.6778145791318,10.041011922905241],[76.6778145791318,10.038586471638117]]],[[[76.68266548166605,9.989268962539956],[76.68266548166605,9.990077446295665],[76.68024003039892,9.990077446295665],[76.68024003039892,9.990885930051371],[76.67943154664322,9.990885930051371],[76.67943154664322,9.990077446295665],[76.67862306288751,9.990077446295665],[76.67862306288751,9.989268962539956],[76.68266548166605,9.989268962539956]]],[[[76.68024003039892,10.036969504126702],[76.68024003039892,10.03777798788241],[76.67943154664322,10.03777798788241],[76.67943154664322,10.038586471638117],[76.67862306288751,10.038586471638117],[76.67862306288751,10.036969504126702],[76.68024003039892,10.036969504126702]]],[[[76.68024003039892,10.036161020370995],[76.68347396542175,10.036161020370995],[76.68347396542175,10.036969504126702],[76.68024003039892,10.036969504126702],[76.68024003039892,10.036161020370995]]],[[[76.68266548166605,9.98846047878425],[76.68589941668888,9.98846047878425],[76.68589941668888,9.989268962539956],[76.68266548166605,9.989268962539956],[76.68266548166605,9.98846047878425]]],[[[76.68347396542175,10.035352536615289],[76.68428244917746,10.035352536615289],[76.68428244917746,10.036161020370995],[76.68347396542175,10.036161020370995],[76.68347396542175,10.035352536615289]]],[[[76.68428244917746,10.03454405285958],[76.68509093293318,10.03454405285958],[76.68509093293318,10.035352536615289],[76.68428244917746,10.035352536615289],[76.68428244917746,10.03454405285958]]],[[[76.68509093293318,10.033735569103873],[76.68670790044459,10.033735569103873],[76.68670790044459,10.03454405285958],[76.68509093293318,10.03454405285958],[76.68509093293318,10.033735569103873]]],[[[76.68589941668888,9.987651995028541],[76.68994183546742,9.987651995028541],[76.68994183546742,9.98846047878425],[76.68589941668888,9.98846047878425],[76.68589941668888,9.987651995028541]]],[[[76.68670790044459,10.032927085348165],[76.6891333517117,10.032927085348165],[76.6891333517117,10.033735569103873],[76.68670790044459,10.033735569103873],[76.68670790044459,10.032927085348165]]],[[[76.6891333517117,10.032118601592458],[76.68994183546742,10.032118601592458],[76.68994183546742,10.032927085348165],[76.6891333517117,10.032927085348165],[76.6891333517117,10.032118601592458]]],[[[76.68994183546742,9.98846047878425],[76.69075031922313,9.98846047878425],[76.69075031922313,9.989268962539956],[76.68994183546742,9.989268962539956],[76.68994183546742,9.98846047878425]]],[[[76.68994183546742,10.03131011783675],[76.69236728673454,10.03131011783675],[76.69236728673454,10.032118601592458],[76.68994183546742,10.032118601592458],[76.68994183546742,10.03131011783675]]],[[[76.69075031922313,9.989268962539956],[76.69236728673454,9.989268962539956],[76.69236728673454,9.990077446295665],[76.69075031922313,9.990077446295665],[76.69075031922313,9.989268962539956]]],[[[76.69236728673454,9.990077446295665],[76.69560122175737,9.990077446295665],[76.69560122175737,9.990885930051371],[76.69236728673454,9.990885930051371],[76.69236728673454,9.990077446295665]]],[[[76.69236728673454,10.032118601592458],[76.69317577049024,10.032118601592458],[76.69317577049024,10.03454405285958],[76.69236728673454,10.03454405285958],[76.69236728673454,10.032118601592458]]],[[[76.69317577049024,10.03454405285958],[76.69398425424596,10.03454405285958],[76.69398425424596,10.035352536615289],[76.69317577049024,10.035352536615289],[76.69317577049024,10.03454405285958]]],[[[76.69398425424596,10.033735569103873],[76.69802667302449,10.033735569103873],[76.69802667302449,10.03454405285958],[76.69398425424596,10.03454405285958],[76.69398425424596,10.033735569103873]]],[[[76.69560122175737,9.990885930051371],[76.69640970551308,9.990885930051371],[76.69640970551308,9.993311381318494],[76.69560122175737,9.993311381318494],[76.69560122175737,9.990885930051371]]],[[[76.69640970551308,9.993311381318494],[76.69721818926878,9.993311381318494],[76.69721818926878,9.994119865074202],[76.69640970551308,9.994119865074202],[76.69640970551308,9.993311381318494]]],[[[76.69721818926878,9.994119865074202],[76.69802667302449,9.994119865074202],[76.69802667302449,9.994928348829909],[76.69721818926878,9.994928348829909],[76.69721818926878,9.994119865074202]]],[[[76.69802667302449,9.991694413807078],[76.6988351567802,9.991694413807078],[76.6988351567802,9.994119865074202],[76.69802667302449,9.994119865074202],[76.69802667302449,9.991694413807078]]],[[[76.69802667302449,10.03454405285958],[76.6988351567802,10.03454405285958],[76.6988351567802,10.035352536615289],[76.69802667302449,10.035352536615289],[76.69802667302449,10.03454405285958]]],[[[76.6988351567802,9.989268962539956],[76.69964364053591,9.989268962539956],[76.69964364053591,9.991694413807078],[76.6988351567802,9.991694413807078],[76.6988351567802,9.989268962539956]]],[[[76.6988351567802,10.033735569103873],[76.69964364053591,10.033735569103873],[76.69964364053591,10.03454405285958],[76.6988351567802,10.03454405285958],[76.6988351567802,10.033735569103873]]],[[[76.69964364053591,9.987651995028541],[76.70045212429162,9.987651995028541],[76.70045212429162,9.989268962539956],[76.69964364053591,9.989268962539956],[76.69964364053591,9.987651995028541]]],[[[76.69964364053591,10.03454405285958],[76.70126060804732,10.03454405285958],[76.70126060804732,10.035352536615289],[76.69964364053591,10.035352536615289],[76.69964364053591,10.03454405285958]]],[[[76.70045212429162,9.986035027517126],[76.70126060804732,9.986035027517126],[76.70126060804732,9.987651995028541],[76.70045212429162,9.987651995028541],[76.70045212429162,9.986035027517126]]],[[[76.70126060804732,9.985226543761419],[76.70206909180303,9.985226543761419],[76.70206909180303,9.986035027517126],[76.70126060804732,9.986035027517126],[76.70126060804732,9.985226543761419]]],[[[76.70449454307015,10.03454405285958],[76.70126060804732,10.03454405285958],[76.70126060804732,10.033735569103873],[76.70368605931445,10.033735569103873],[76.70368605931445,10.032927085348165],[76.70449454307015,10.032927085348165],[76.70449454307015,10.03454405285958]]],[[[76.70206909180303,9.98441806000571],[76.70368605931445,9.98441806000571],[76.70368605931445,9.985226543761419],[76.70206909180303,9.985226543761419],[76.70206909180303,9.98441806000571]]],[[[76.70368605931445,9.985226543761419],[76.70449454307015,9.985226543761419],[76.70449454307015,9.986035027517126],[76.70368605931445,9.986035027517126],[76.70368605931445,9.985226543761419]]],[[[76.70449454307015,9.986035027517126],[76.70611151058156,9.986035027517126],[76.70611151058156,9.986843511272834],[76.70449454307015,9.986843511272834],[76.70449454307015,9.986035027517126]]],[[[76.70449454307015,10.03454405285958],[76.70530302682586,10.03454405285958],[76.70530302682586,10.035352536615289],[76.70449454307015,10.035352536615289],[76.70449454307015,10.03454405285958]]],[[[76.70530302682586,10.035352536615289],[76.70772847809299,10.035352536615289],[76.70772847809299,10.033735569103873],[76.7085369618487,10.033735569103873],[76.7085369618487,10.036161020370995],[76.70530302682586,10.036161020370995],[76.70530302682586,10.035352536615289]]],[[[76.70611151058156,9.986843511272834],[76.7085369618487,9.986843511272834],[76.7085369618487,9.987651995028541],[76.70611151058156,9.987651995028541],[76.70611151058156,9.986843511272834]]],[[[76.7085369618487,9.987651995028541],[76.71096241311581,9.987651995028541],[76.71096241311581,9.98846047878425],[76.7085369618487,9.98846047878425],[76.7085369618487,9.987651995028541]]],[[[76.7085369618487,10.032118601592458],[76.7093454456044,10.032118601592458],[76.7093454456044,10.033735569103873],[76.7085369618487,10.033735569103873],[76.7085369618487,10.032118601592458]]],[[[76.7093454456044,10.03131011783675],[76.71338786438294,10.03131011783675],[76.71338786438294,10.032118601592458],[76.7093454456044,10.032118601592458],[76.7093454456044,10.03131011783675]]],[[[76.71096241311581,9.986843511272834],[76.71257938062723,9.986843511272834],[76.71257938062723,9.987651995028541],[76.71096241311581,9.987651995028541],[76.71096241311581,9.986843511272834]]],[[[76.71823876691718,10.029693150325334],[76.71823876691718,10.03131011783675],[76.71743028316148,10.03131011783675],[76.71743028316148,10.030501634081043],[76.71581331565007,10.030501634081043],[76.71581331565007,10.03131011783675],[76.71338786438294,10.03131011783675],[76.71338786438294,10.030501634081043],[76.71419634813864,10.030501634081043],[76.71419634813864,10.029693150325334],[76.71823876691718,10.029693150325334]]],[[[76.71823876691718,10.028884666569628],[76.71904725067289,10.028884666569628],[76.71904725067289,10.029693150325334],[76.71823876691718,10.029693150325334],[76.71823876691718,10.028884666569628]]],[[[76.71904725067289,10.028076182813919],[76.71985573442859,10.028076182813919],[76.71985573442859,10.028884666569628],[76.71904725067289,10.028884666569628],[76.71904725067289,10.028076182813919]]],[[[76.71985573442859,10.027267699058212],[76.72066421818431,10.027267699058212],[76.72066421818431,10.028076182813919],[76.71985573442859,10.028076182813919],[76.71985573442859,10.027267699058212]]],[[[76.72066421818431,10.028076182813919],[76.72470663696285,10.028076182813919],[76.72470663696285,10.028884666569628],[76.72066421818431,10.028884666569628],[76.72066421818431,10.028076182813919]]],[[[76.73683389329845,10.026459215302504],[76.73683389329845,10.027267699058212],[76.72632360447426,10.027267699058212],[76.72632360447426,10.028076182813919],[76.72470663696285,10.028076182813919],[76.72470663696285,10.027267699058212],[76.72551512071855,10.027267699058212],[76.72551512071855,10.026459215302504],[76.73683389329845,10.026459215302504]]],[[[76.73683389329845,10.025650731546797],[76.73764237705416,10.025650731546797],[76.73764237705416,10.026459215302504],[76.73683389329845,10.026459215302504],[76.73683389329845,10.025650731546797]]],[[[76.73764237705416,10.02484224779109],[76.74087631207699,10.02484224779109],[76.74087631207699,10.025650731546797],[76.73764237705416,10.025650731546797],[76.73764237705416,10.02484224779109]]],[[[76.74815266587837,10.02484224779109],[76.74491873085553,10.02484224779109],[76.74491873085553,10.025650731546797],[76.74411024709983,10.025650731546797],[76.74411024709983,10.02484224779109],[76.74087631207699,10.02484224779109],[76.74087631207699,10.024033764035382],[76.74815266587837,10.024033764035382],[76.74815266587837,10.02484224779109]]],[[[76.74815266587837,10.02484224779109],[76.75300356841261,10.02484224779109],[76.75300356841261,10.025650731546797],[76.74815266587837,10.025650731546797],[76.74815266587837,10.02484224779109]]],[[[76.75300356841261,10.024033764035382],[76.75542901967972,10.024033764035382],[76.75542901967972,10.02484224779109],[76.75300356841261,10.02484224779109],[76.75300356841261,10.024033764035382]]],[[[76.75542901967972,10.02484224779109],[76.75623750343544,10.02484224779109],[76.75623750343544,10.025650731546797],[76.75542901967972,10.025650731546797],[76.75542901967972,10.02484224779109]]],[[[76.75623750343544,10.024033764035382],[76.76189688972539,10.024033764035382],[76.76189688972539,10.02484224779109],[76.75623750343544,10.02484224779109],[76.75623750343544,10.024033764035382]]],[[[76.76189688972539,10.02484224779109],[76.76513082474823,10.02484224779109],[76.76513082474823,10.025650731546797],[76.76189688972539,10.025650731546797],[76.76189688972539,10.02484224779109]]],[[[76.76513082474823,10.025650731546797],[76.76593930850393,10.025650731546797],[76.76593930850393,10.026459215302504],[76.76513082474823,10.026459215302504],[76.76513082474823,10.025650731546797]]],[[[76.76593930850393,10.02484224779109],[76.7732156623053,10.02484224779109],[76.7732156623053,10.025650731546797],[76.76593930850393,10.025650731546797],[76.76593930850393,10.02484224779109]]],[[[76.7732156623053,10.024033764035382],[76.77564111357242,10.024033764035382],[76.77564111357242,10.02484224779109],[76.7732156623053,10.02484224779109],[76.7732156623053,10.024033764035382]]],[[[76.77564111357242,10.023225280279675],[76.77644959732812,10.023225280279675],[76.77644959732812,10.024033764035382],[76.77564111357242,10.024033764035382],[76.77564111357242,10.023225280279675]]],[[[76.77644959732812,10.022416796523967],[76.77725808108383,10.022416796523967],[76.77725808108383,10.023225280279675],[76.77644959732812,10.023225280279675],[76.77644959732812,10.022416796523967]]]]},"id":"+317241+92957","properties":{"count":1535,"label":1}},{"type":"Feature","geometry":{"geodesic":false,"type":"MultiPolygon","coordinates":[[[[76.48054454273915,10.291641887174587],[76.48782089654053,10.291641887174587],[76.48782089654053,10.292450370930295],[76.48054454273915,10.292450370930295],[76.48054454273915,10.291641887174587]]],[[[76.48862938029623,10.293258854686002],[76.48943786405194,10.293258854686002],[76.48943786405194,10.29406733844171],[76.48862938029623,10.29406733844171],[76.48862938029623,10.293258854686002]]],[[[76.48782089654053,10.292450370930295],[76.48862938029623,10.292450370930295],[76.48862938029623,10.293258854686002],[76.48782089654053,10.293258854686002],[76.48782089654053,10.292450370930295]]]]},"id":"+317245+92404","properties":{"count":11,"label":1}},{"type":"Feature","geometry":{"geodesic":false,"type":"MultiPolygon","coordinates":[[[[76.49105483156336,10.293258854686002],[76.49186331531907,10.293258854686002],[76.49186331531907,10.29406733844171],[76.49105483156336,10.29406733844171],[76.49105483156336,10.293258854686002]]],[[[76.49428876658618,10.291641887174587],[76.49428876658618,10.290024919663173],[76.4959057340976,10.290024919663173],[76.4959057340976,10.29083340341888],[76.4950972503419,10.29083340341888],[76.4950972503419,10.291641887174587],[76.49428876658618,10.291641887174587]]],[[[76.49186331531907,10.292450370930295],[76.49348028283048,10.292450370930295],[76.49348028283048,10.293258854686002],[76.49186331531907,10.293258854686002],[76.49186331531907,10.292450370930295]]],[[[76.49348028283048,10.291641887174587],[76.49428876658618,10.291641887174587],[76.49428876658618,10.292450370930295],[76.49348028283048,10.292450370930295],[76.49348028283048,10.291641887174587]]]]},"id":"+317255+92406","properties":{"count":7,"label":1}},{"type":"Feature","geometry":{"geodesic":false,"type":"MultiPolygon","coordinates":[[[[76.4959057340976,10.288407952151758],[76.49671421785331,10.288407952151758],[76.49671421785331,10.289216435907464],[76.4959057340976,10.289216435907464],[76.4959057340976,10.288407952151758]]],[[[76.50156512038755,10.28759946839605],[76.50318208789896,10.28759946839605],[76.50318208789896,10.288407952151758],[76.50156512038755,10.288407952151758],[76.50156512038755,10.28759946839605]]],[[[76.50156512038755,10.28759946839605],[76.49752270160901,10.28759946839605],[76.49752270160901,10.288407952151758],[76.49671421785331,10.288407952151758],[76.49671421785331,10.286790984640342],[76.50156512038755,10.286790984640342],[76.50156512038755,10.28759946839605]]]]},"id":"+317262+92410","properties":{"count":10,"label":1}},{"type":"Feature","geometry":{"geodesic":false,"type":"MultiPolygon","coordinates":[[[[76.50156512038755,9.850209756558254],[76.50237360414326,9.850209756558254],[76.50237360414326,9.851018240313962],[76.50156512038755,9.851018240313962],[76.50156512038755,9.850209756558254]]],[[[76.49913966912042,9.851018240313962],[76.50156512038755,9.851018240313962],[76.50156512038755,9.851826724069669],[76.49913966912042,9.851826724069669],[76.49913966912042,9.851018240313962]]]]},"id":"+317263+92950","properties":{"count":4,"label":1}},{"type":"Feature","geometry":{"geodesic":false,"type":"Polygon","coordinates":[[[76.50318208789528,9.851018240314772],[76.50479905540672,9.851018240314772],[76.50479905540672,9.851826724070477],[76.50318208789528,9.851826724070477],[76.50318208789528,9.851018240314772]]]},"id":"+317266+92949","properties":{"count":2,"label":1}},{"type":"Feature","geometry":{"geodesic":false,"type":"Polygon","coordinates":[[[76.50479905540672,10.288407952152568],[76.50884147418523,10.288407952152568],[76.50884147418523,10.289216435908273],[76.50479905540672,10.289216435908273],[76.50479905540672,10.288407952152568]]]},"id":"+317271+92408","properties":{"count":5,"label":1}},{"type":"Feature","geometry":{"geodesic":false,"type":"Polygon","coordinates":[[[76.51126692545236,10.287599468396863],[76.51207540920805,10.287599468396863],[76.51207540920805,10.288407952152568],[76.51126692545236,10.288407952152568],[76.51126692545236,10.287599468396863]]]},"id":"+317275+92409","properties":{"count":1,"label":1}},{"type":"Feature","geometry":{"geodesic":false,"type":"Polygon","coordinates":[[[76.51692631174231,10.286790984641158],[76.517734795498,10.286790984641158],[76.517734795498,10.287599468396863],[76.51692631174231,10.287599468396863],[76.51692631174231,10.286790984641158]]]},"id":"+317282+92410","properties":{"count":1,"label":1}},{"type":"Feature","geometry":{"geodesic":false,"type":"MultiPolygon","coordinates":[[[[76.52016024676882,10.284365533373219],[76.52177721428025,10.284365533373219],[76.52177721428025,10.285174017128927],[76.52016024676882,10.285174017128927],[76.52016024676882,10.284365533373219]]],[[[76.51935176301312,10.285174017128927],[76.52016024676882,10.285174017128927],[76.52016024676882,10.285982500884634],[76.51935176301312,10.285982500884634],[76.51935176301312,10.285174017128927]]]]},"id":"+317287+92413","properties":{"count":3,"label":1}},{"type":"Feature","geometry":{"geodesic":false,"type":"MultiPolygon","coordinates":[[[[76.52258569803595,10.283557049617512],[76.52662811681449,10.283557049617512],[76.52662811681449,10.284365533373219],[76.52258569803595,10.284365533373219],[76.52258569803595,10.283557049617512]]],[[[76.52905356808161,10.285982500884634],[76.53067053559303,10.285982500884634],[76.53067053559303,10.286790984640342],[76.52905356808161,10.286790984640342],[76.52905356808161,10.285982500884634]]],[[[76.52662811681449,10.284365533373219],[76.5274366005702,10.284365533373219],[76.5274366005702,10.285174017128927],[76.52662811681449,10.285174017128927],[76.52662811681449,10.284365533373219]]],[[[76.5274366005702,10.285174017128927],[76.52905356808161,10.285174017128927],[76.52905356808161,10.285982500884634],[76.5274366005702,10.285982500884634],[76.5274366005702,10.285174017128927]]]]},"id":"+317293+92414","properties":{"count":10,"label":1}},{"type":"Feature","geometry":{"geodesic":false,"type":"Polygon","coordinates":[[[76.5355214381236,10.286790984641158],[76.53632992187929,10.286790984641158],[76.53632992187929,10.287599468396863],[76.53794688939072,10.287599468396863],[76.53794688939072,10.288407952152568],[76.5347129543679,10.288407952152568],[76.5347129543679,10.287599468396863],[76.5355214381236,10.287599468396863],[76.5355214381236,10.286790984641158]]]},"id":"+317305+92410","properties":{"count":5,"label":1}},{"type":"Feature","geometry":{"geodesic":false,"type":"Polygon","coordinates":[[[76.5395638569021,10.288407952152568],[76.54118082441354,10.288407952152568],[76.54118082441354,10.289216435908273],[76.5395638569021,10.289216435908273],[76.5395638569021,10.288407952152568]]]},"id":"+317311+92408","properties":{"count":2,"label":1}},{"type":"Feature","geometry":{"geodesic":false,"type":"Polygon","coordinates":[[[76.55573353201626,10.282748565862619],[76.55815898328339,10.282748565862619],[76.55815898328339,10.283557049618324],[76.55573353201626,10.283557049618324],[76.55573353201626,10.282748565862619]]]},"id":"+317332+92415","properties":{"count":3,"label":1}},{"type":"Feature","geometry":{"geodesic":false,"type":"Polygon","coordinates":[[[76.56300988581765,10.284365533374029],[76.56624382084047,10.284365533374029],[76.56624382084047,10.285174017129734],[76.56300988581765,10.285174017129734],[76.56300988581765,10.284365533374029]]]},"id":"+317342+92413","properties":{"count":4,"label":1}},{"type":"Feature","geometry":{"geodesic":false,"type":"MultiPolygon","coordinates":[[[[76.56624382084416,10.292450370930295],[76.56705230459987,10.292450370930295],[76.56705230459987,10.29406733844171],[76.56624382084416,10.29406733844171],[76.56624382084416,10.292450370930295]]],[[[76.56786078835557,10.290024919663173],[76.56866927211128,10.290024919663173],[76.56866927211128,10.291641887174587],[76.56786078835557,10.291641887174587],[76.56786078835557,10.290024919663173]]],[[[76.56705230459987,10.291641887174587],[76.56786078835557,10.291641887174587],[76.56786078835557,10.292450370930295],[76.56705230459987,10.292450370930295],[76.56705230459987,10.291641887174587]]]]},"id":"+317345+92406","properties":{"count":5,"label":1}},{"type":"Feature","geometry":{"geodesic":false,"type":"MultiPolygon","coordinates":[[[[76.5702862396227,10.288407952151758],[76.57109472337841,10.288407952151758],[76.57109472337841,10.289216435907464],[76.5702862396227,10.289216435907464],[76.5702862396227,10.288407952151758]]],[[[76.56947775586698,10.289216435907464],[76.5702862396227,10.289216435907464],[76.5702862396227,10.290024919663173],[76.56947775586698,10.290024919663173],[76.56947775586698,10.289216435907464]]]]},"id":"+317348+92408","properties":{"count":2,"label":1}},{"type":"Feature","geometry":{"geodesic":false,"type":"MultiPolygon","coordinates":[[[[76.62930555378935,9.903569684434954],[76.63011403754506,9.903569684434954],[76.63011403754506,9.90437816819066],[76.62930555378935,9.90437816819066],[76.62930555378935,9.903569684434954]]],[[[76.63092252130076,9.906803619457785],[76.63173100505647,9.906803619457785],[76.63173100505647,9.907612103213491],[76.63092252130076,9.907612103213491],[76.63092252130076,9.906803619457785]]],[[[76.62930555378935,9.90518665194637],[76.63011403754506,9.90518665194637],[76.63011403754506,9.905995135702076],[76.62930555378935,9.905995135702076],[76.62930555378935,9.90518665194637]]],[[[76.63011403754506,9.90437816819066],[76.63092252130076,9.90437816819066],[76.63092252130076,9.90518665194637],[76.63011403754506,9.90518665194637],[76.63011403754506,9.90437816819066]]],[[[76.63011403754506,9.905995135702076],[76.63092252130076,9.905995135702076],[76.63092252130076,9.906803619457785],[76.63011403754506,9.906803619457785],[76.63011403754506,9.905995135702076]]]]},"id":"+317421+92884","properties":{"count":5,"label":1}},{"type":"Feature","geometry":{"geodesic":false,"type":"Polygon","coordinates":[[[76.62930555378566,9.901952716924342],[76.6301140375414,9.901952716924342],[76.6301140375414,9.902761200680061],[76.62930555378566,9.902761200680061],[76.62930555378566,9.901952716924342]]]},"id":"+317421+92886","properties":{"count":1,"label":1}},{"type":"Feature","geometry":{"geodesic":false,"type":"MultiPolygon","coordinates":[[[[76.62849707003365,9.897910298145002],[76.62930555378935,9.897910298145002],[76.62930555378935,9.899527265656417],[76.62849707003365,9.899527265656417],[76.62849707003365,9.897910298145002]]],[[[76.63011403754506,9.887400009320803],[76.63092252130076,9.887400009320803],[76.63092252130076,9.889016976832218],[76.63011403754506,9.889016976832218],[76.63011403754506,9.887400009320803]]],[[[76.62930555378935,9.889016976832218],[76.63011403754506,9.889016976832218],[76.63011403754506,9.890633944343634],[76.62930555378935,9.890633944343634],[76.62930555378935,9.889016976832218]]],[[[76.62930555378935,9.896293330633586],[76.63011403754506,9.896293330633586],[76.63011403754506,9.897910298145002],[76.62930555378935,9.897910298145002],[76.62930555378935,9.896293330633586]]],[[[76.63011403754506,9.890633944343634],[76.63092252130076,9.890633944343634],[76.63092252130076,9.896293330633586],[76.63011403754506,9.896293330633586],[76.63011403754506,9.890633944343634]]]]},"id":"+317422+92904","properties":{"count":15,"label":1}},{"type":"Feature","geometry":{"geodesic":false,"type":"Polygon","coordinates":[[[76.6309225212971,9.8857830418102],[76.63173100505279,9.8857830418102],[76.63173100505279,9.886591525565905],[76.6309225212971,9.886591525565905],[76.6309225212971,9.8857830418102]]]},"id":"+317423+92906","properties":{"count":1,"label":1}},{"type":"Feature","geometry":{"geodesic":false,"type":"MultiPolygon","coordinates":[[[[76.64466674514779,9.919739359549105],[76.64628371265921,9.919739359549105],[76.64628371265921,9.920547843304814],[76.64466674514779,9.920547843304814],[76.64466674514779,9.919739359549105]]],[[[76.66164490401765,9.916505424526274],[76.66568732279619,9.916505424526274],[76.66568732279619,9.917313908281983],[76.66164490401765,9.917313908281983],[76.66164490401765,9.916505424526274]]],[[[76.64628371265921,9.920547843304814],[76.64790068017062,9.920547843304814],[76.64790068017062,9.92135632706052],[76.64628371265921,9.92135632706052],[76.64628371265921,9.920547843304814]]],[[[76.64790068017062,9.92135632706052],[76.65032613143775,9.92135632706052],[76.65032613143775,9.922164810816229],[76.64790068017062,9.922164810816229],[76.64790068017062,9.92135632706052]]],[[[76.65032613143775,9.920547843304814],[76.65194309894916,9.920547843304814],[76.65194309894916,9.92135632706052],[76.65032613143775,9.92135632706052],[76.65032613143775,9.920547843304814]]],[[[76.65356006646057,9.918930875793398],[76.65356006646057,9.919739359549105],[76.65275158270487,9.919739359549105],[76.65275158270487,9.920547843304814],[76.65194309894916,9.920547843304814],[76.65194309894916,9.918930875793398],[76.65356006646057,9.918930875793398]]],[[[76.65356006646057,9.91812239203769],[76.655177033972,9.91812239203769],[76.655177033972,9.918930875793398],[76.65356006646057,9.918930875793398],[76.65356006646057,9.91812239203769]]],[[[76.655177033972,9.918930875793398],[76.6559855177277,9.918930875793398],[76.6559855177277,9.919739359549105],[76.655177033972,9.919739359549105],[76.655177033972,9.918930875793398]]],[[[76.6559855177277,9.919739359549105],[76.6567940014834,9.919739359549105],[76.6567940014834,9.920547843304814],[76.6559855177277,9.920547843304814],[76.6559855177277,9.919739359549105]]],[[[76.6567940014834,9.920547843304814],[76.65760248523911,9.920547843304814],[76.65760248523911,9.92135632706052],[76.6567940014834,9.92135632706052],[76.6567940014834,9.920547843304814]]],[[[76.65760248523911,9.919739359549105],[76.65841096899483,9.919739359549105],[76.65841096899483,9.920547843304814],[76.65760248523911,9.920547843304814],[76.65760248523911,9.919739359549105]]],[[[76.65841096899483,9.918930875793398],[76.65921945275053,9.918930875793398],[76.65921945275053,9.919739359549105],[76.65841096899483,9.919739359549105],[76.65841096899483,9.918930875793398]]],[[[76.65921945275053,9.91812239203769],[76.66002793650624,9.91812239203769],[76.66002793650624,9.918930875793398],[76.65921945275053,9.918930875793398],[76.65921945275053,9.91812239203769]]],[[[76.66002793650624,9.917313908281983],[76.66164490401765,9.917313908281983],[76.66164490401765,9.91812239203769],[76.66002793650624,9.91812239203769],[76.66002793650624,9.917313908281983]]]]},"id":"+317465+92868","properties":{"count":27,"label":1}},{"type":"Feature","geometry":{"geodesic":false,"type":"MultiPolygon","coordinates":[[[[76.6664958065519,9.917313908281983],[76.66892125781902,9.917313908281983],[76.66892125781902,9.91812239203769],[76.6664958065519,9.91812239203769],[76.6664958065519,9.917313908281983]]],[[[76.68347396542175,9.910037554480615],[76.68428244917746,9.910037554480615],[76.68428244917746,9.910846038236322],[76.68347396542175,9.910846038236322],[76.68347396542175,9.910037554480615]]],[[[76.66892125781902,9.91812239203769],[76.67053822533043,9.91812239203769],[76.67053822533043,9.918930875793398],[76.66892125781902,9.918930875793398],[76.66892125781902,9.91812239203769]]],[[[76.67053822533043,9.918930875793398],[76.67538912786468,9.918930875793398],[76.67538912786468,9.919739359549105],[76.67053822533043,9.919739359549105],[76.67053822533043,9.918930875793398]]],[[[76.67538912786468,9.91812239203769],[76.6761976116204,9.91812239203769],[76.6761976116204,9.918930875793398],[76.67538912786468,9.918930875793398],[76.67538912786468,9.91812239203769]]],[[[76.6761976116204,9.917313908281983],[76.68024003039892,9.917313908281983],[76.68024003039892,9.91812239203769],[76.6761976116204,9.91812239203769],[76.6761976116204,9.917313908281983]]],[[[76.68024003039892,9.91812239203769],[76.68104851415464,9.91812239203769],[76.68104851415464,9.918930875793398],[76.68024003039892,9.918930875793398],[76.68024003039892,9.91812239203769]]],[[[76.68104851415464,9.914079973259152],[76.68185699791034,9.914079973259152],[76.68185699791034,9.916505424526274],[76.68104851415464,9.916505424526274],[76.68104851415464,9.914079973259152]]],[[[76.68185699791034,9.916505424526274],[76.68266548166605,9.916505424526274],[76.68266548166605,9.91812239203769],[76.68104851415464,9.91812239203769],[76.68104851415464,9.917313908281983],[76.68185699791034,9.917313908281983],[76.68185699791034,9.916505424526274]]],[[[76.68185699791034,9.912463005747737],[76.68266548166605,9.912463005747737],[76.68266548166605,9.914079973259152],[76.68185699791034,9.914079973259152],[76.68185699791034,9.912463005747737]]],[[[76.68266548166605,9.910846038236322],[76.68347396542175,9.910846038236322],[76.68347396542175,9.912463005747737],[76.68266548166605,9.912463005747737],[76.68266548166605,9.910846038236322]]]]},"id":"+317488+92876","properties":{"count":29,"label":1}},{"type":"Feature","geometry":{"geodesic":false,"type":"MultiPolygon","coordinates":[[[[76.68670790044459,9.909229070724907],[76.6875163842003,9.909229070724907],[76.6875163842003,9.910037554480615],[76.68670790044459,9.910037554480615],[76.68670790044459,9.909229070724907]]],[[[76.68994183546742,9.907612103213491],[76.69236728673454,9.907612103213491],[76.69236728673454,9.9084205869692],[76.68994183546742,9.9084205869692],[76.68994183546742,9.907612103213491]]],[[[76.6875163842003,9.9084205869692],[76.68994183546742,9.9084205869692],[76.68994183546742,9.909229070724907],[76.6875163842003,9.909229070724907],[76.6875163842003,9.9084205869692]]]]},"id":"+317498+92879","properties":{"count":7,"label":1}},{"type":"Feature","geometry":{"geodesic":false,"type":"Polygon","coordinates":[[[76.69560122175372,9.90842058697001],[76.69640970550941,9.90842058697001],[76.69640970550941,9.909229070725715],[76.69560122175372,9.909229070725715],[76.69560122175372,9.90842058697001]]]},"id":"+317503+92878","properties":{"count":1,"label":1}},{"type":"Feature","geometry":{"geodesic":false,"type":"MultiPolygon","coordinates":[[[[76.72308966945143,9.98118412498288],[76.72389815320713,9.98118412498288],[76.72389815320713,9.981992608738588],[76.72308966945143,9.981992608738588],[76.72308966945143,9.98118412498288]]],[[[76.72228118569572,9.981992608738588],[76.72308966945143,9.981992608738588],[76.72308966945143,9.982801092494295],[76.72228118569572,9.982801092494295],[76.72228118569572,9.981992608738588]]]]},"id":"+317537+92788","properties":{"count":2,"label":1}},{"type":"Feature","geometry":{"geodesic":false,"type":"Polygon","coordinates":[[[76.73359995827192,9.984418060006519],[76.73440844202767,9.984418060006519],[76.73440844202767,9.985226543762224],[76.73359995827192,9.985226543762224],[76.73359995827192,9.984418060006519]]]},"id":"+317550+92784","properties":{"count":1,"label":1}},{"type":"Feature","geometry":{"geodesic":false,"type":"MultiPolygon","coordinates":[[[[76.73764237705416,9.986035027517126],[76.73845086080988,9.986035027517126],[76.73845086080988,9.986843511272834],[76.73764237705416,9.986843511272834],[76.73764237705416,9.986035027517126]]],[[[76.73683389329845,9.985226543761419],[76.73764237705416,9.985226543761419],[76.73764237705416,9.986035027517126],[76.73683389329845,9.986035027517126],[76.73683389329845,9.985226543761419]]]]},"id":"+317554+92783","properties":{"count":2,"label":1}},{"type":"Feature","geometry":{"geodesic":false,"type":"MultiPolygon","coordinates":[[[[76.75704598719115,9.986035027517126],[76.75785447094685,9.986035027517126],[76.75785447094685,9.986843511272834],[76.75704598719115,9.986843511272834],[76.75704598719115,9.986035027517126]]],[[[76.75542901967972,9.986843511272834],[76.75704598719115,9.986843511272834],[76.75704598719115,9.987651995028541],[76.75542901967972,9.987651995028541],[76.75542901967972,9.986843511272834]]]]},"id":"+317579+92782","properties":{"count":3,"label":1}},{"type":"Feature","geometry":{"geodesic":false,"type":"Polygon","coordinates":[[[76.76351385723311,9.981184124983685],[76.76432234098885,9.981184124983685],[76.76432234098885,9.981992608739404],[76.76351385723311,9.981992608739404],[76.76351385723311,9.981184124983685]]]},"id":"+317587+92788","properties":{"count":1,"label":1}},{"type":"Feature","geometry":{"geodesic":false,"type":"MultiPolygon","coordinates":[[[[76.21374490335566,10.19381535273397],[76.21536187086707,10.19381535273397],[76.21536187086707,10.19462383648968],[76.21374490335566,10.19462383648968],[76.21374490335566,10.19381535273397]]],[[[76.27357270127801,10.17441174259699],[76.27438118503373,10.17441174259699],[76.27438118503373,10.175220226352698],[76.27357270127801,10.175220226352698],[76.27357270127801,10.17441174259699]]],[[[76.38837739458849,10.148540262414347],[76.38918587834421,10.148540262414347],[76.38918587834421,10.152582681192886],[76.38837739458849,10.152582681192886],[76.38837739458849,10.148540262414347]]],[[[76.39484526463416,10.211601995359539],[76.39565374838986,10.211601995359539],[76.39565374838986,10.212410479115245],[76.39484526463416,10.212410479115245],[76.39484526463416,10.211601995359539]]],[[[76.44092883870948,10.2609195044577],[76.44092883870948,10.262536471969115],[76.4417373224652,10.262536471969115],[76.4417373224652,10.26415343948053],[76.44012035495378,10.26415343948053],[76.44012035495378,10.2609195044577],[76.44092883870948,10.2609195044577]]],[[[76.46599183513642,10.123477265987413],[76.46680031889213,10.123477265987413],[76.46680031889213,10.124285749743121],[76.46599183513642,10.124285749743121],[76.46599183513642,10.123477265987413]]],[[[76.48701241278482,10.091946399514818],[76.48782089654053,10.091946399514818],[76.48782089654053,10.093563367026233],[76.48701241278482,10.093563367026233],[76.48701241278482,10.091946399514818]]],[[[76.52177721428025,10.140455424857272],[76.52339418179166,10.140455424857272],[76.52339418179166,10.141263908612979],[76.52258569803595,10.141263908612979],[76.52258569803595,10.142072392368688],[76.52177721428025,10.142072392368688],[76.52177721428025,10.140455424857272]]],[[[76.55573353201996,10.24394134558784],[76.55654201577566,10.24394134558784],[76.55654201577566,10.244749829343549],[76.55573353201996,10.244749829343549],[76.55573353201996,10.24394134558784]]],[[[76.57594562591265,10.129945136033074],[76.57675410966836,10.129945136033074],[76.57675410966836,10.132370587300196],[76.57594562591265,10.132370587300196],[76.57594562591265,10.129945136033074]]],[[[76.67296367659756,10.189772933955433],[76.67377216035327,10.189772933955433],[76.67377216035327,10.190581417711142],[76.67296367659756,10.190581417711142],[76.67296367659756,10.189772933955433]]],[[[76.67538912786468,10.252834666900624],[76.6761976116204,10.252834666900624],[76.6761976116204,10.253643150656332],[76.67538912786468,10.253643150656332],[76.67538912786468,10.252834666900624]]],[[[76.71904725067289,10.19785777151251],[76.71985573442859,10.19785777151251],[76.71985573442859,10.198666255268217],[76.71904725067289,10.198666255268217],[76.71904725067289,10.19785777151251]]],[[[76.75785447094685,10.125094233498828],[76.75866295470256,10.125094233498828],[76.75866295470256,10.125902717254535],[76.75785447094685,10.125902717254535],[76.75785447094685,10.125094233498828]]],[[[76.78534291864091,10.050713727973731],[76.78615140239661,10.050713727973731],[76.78615140239661,10.05152221172944],[76.78534291864091,10.05152221172944],[76.78534291864091,10.050713727973731]]],[[[76.86376584294455,10.091137915759111],[76.86457432670025,10.091137915759111],[76.86457432670025,10.09437185078194],[76.86376584294455,10.09437185078194],[76.86376584294455,10.091137915759111]]],[[[76.86457432670025,10.181688096398357],[76.86861674547879,10.181688096398357],[76.86861674547879,10.183305063909772],[76.86457432670025,10.183305063909772],[76.86457432670025,10.181688096398357]]],[[[76.90257306321851,10.14773177865864],[76.90338154697422,10.14773177865864],[76.90338154697422,10.148540262414347],[76.90257306321851,10.148540262414347],[76.90257306321851,10.14773177865864]]],[[[76.90257306321851,10.239898926809303],[76.90338154697422,10.239898926809303],[76.90338154697422,10.24070741056501],[76.90257306321851,10.24070741056501],[76.90257306321851,10.239898926809303]]],[[[76.21536187086707,10.193006868978264],[76.2177873221342,10.193006868978264],[76.2177873221342,10.19381535273397],[76.21536187086707,10.19381535273397],[76.21536187086707,10.193006868978264]]],[[[76.2177873221342,10.192198385222556],[76.2185958058899,10.192198385222556],[76.2185958058899,10.193006868978264],[76.2177873221342,10.193006868978264],[76.2177873221342,10.192198385222556]]],[[[76.2185958058899,10.191389901466849],[76.21940428964561,10.191389901466849],[76.21940428964561,10.192198385222556],[76.2185958058899,10.192198385222556],[76.2185958058899,10.191389901466849]]],[[[76.21940428964561,10.190581417711142],[76.22021277340131,10.190581417711142],[76.22021277340131,10.191389901466849],[76.21940428964561,10.191389901466849],[76.21940428964561,10.190581417711142]]],[[[76.22021277340131,10.189772933955433],[76.22102125715703,10.189772933955433],[76.22102125715703,10.190581417711142],[76.22021277340131,10.190581417711142],[76.22021277340131,10.189772933955433]]],[[[76.22102125715703,10.188964450199727],[76.22182974091274,10.188964450199727],[76.22182974091274,10.189772933955433],[76.22102125715703,10.189772933955433],[76.22102125715703,10.188964450199727]]],[[[76.22182974091274,10.188155966444018],[76.22263822466844,10.188155966444018],[76.22263822466844,10.188964450199727],[76.22182974091274,10.188964450199727],[76.22182974091274,10.188155966444018]]],[[[76.22263822466844,10.186538998932603],[76.22344670842415,10.186538998932603],[76.22344670842415,10.188155966444018],[76.22263822466844,10.188155966444018],[76.22263822466844,10.186538998932603]]],[[[76.22344670842415,10.185730515176896],[76.22506367593556,10.185730515176896],[76.22506367593556,10.186538998932603],[76.22344670842415,10.186538998932603],[76.22344670842415,10.185730515176896]]],[[[76.22506367593556,10.184922031421188],[76.22668064344698,10.184922031421188],[76.22668064344698,10.185730515176896],[76.22506367593556,10.185730515176896],[76.22506367593556,10.184922031421188]]],[[[76.22668064344698,10.184113547665481],[76.23153154598123,10.184113547665481],[76.23153154598123,10.184922031421188],[76.22668064344698,10.184922031421188],[76.22668064344698,10.184113547665481]]],[[[76.23153154598123,10.183305063909772],[76.23799941602688,10.183305063909772],[76.23799941602688,10.184113547665481],[76.23153154598123,10.184113547665481],[76.23153154598123,10.183305063909772]]],[[[76.23799941602688,10.181688096398357],[76.2388078997826,10.181688096398357],[76.2388078997826,10.183305063909772],[76.23799941602688,10.183305063909772],[76.23799941602688,10.181688096398357]]],[[[76.2388078997826,10.18087961264265],[76.2396163835383,10.18087961264265],[76.2396163835383,10.181688096398357],[76.2388078997826,10.181688096398357],[76.2388078997826,10.18087961264265]]],[[[76.2396163835383,10.180071128886944],[76.24042486729401,10.180071128886944],[76.24042486729401,10.18087961264265],[76.2396163835383,10.18087961264265],[76.2396163835383,10.180071128886944]]],[[[76.24042486729401,10.179262645131235],[76.24204183480542,10.179262645131235],[76.24204183480542,10.180071128886944],[76.24042486729401,10.180071128886944],[76.24042486729401,10.179262645131235]]],[[[76.24204183480542,10.178454161375528],[76.24365880231684,10.178454161375528],[76.24365880231684,10.179262645131235],[76.24204183480542,10.179262645131235],[76.24204183480542,10.178454161375528]]],[[[76.24365880231684,10.17764567761982],[76.24446728607255,10.17764567761982],[76.24446728607255,10.178454161375528],[76.24365880231684,10.178454161375528],[76.24365880231684,10.17764567761982]]],[[[76.24446728607255,10.176837193864113],[76.24527576982825,10.176837193864113],[76.24527576982825,10.17764567761982],[76.24446728607255,10.17764567761982],[76.24446728607255,10.176837193864113]]],[[[76.24527576982825,10.176028710108405],[76.24608425358396,10.176028710108405],[76.24608425358396,10.176837193864113],[76.24527576982825,10.176837193864113],[76.24527576982825,10.176028710108405]]],[[[76.24608425358396,10.175220226352698],[76.24770122109538,10.175220226352698],[76.24770122109538,10.176028710108405],[76.24608425358396,10.176028710108405],[76.24608425358396,10.175220226352698]]],[[[76.24770122109538,10.17441174259699],[76.24850970485109,10.17441174259699],[76.24850970485109,10.175220226352698],[76.24770122109538,10.175220226352698],[76.24770122109538,10.17441174259699]]],[[[76.24850970485109,10.173603258841283],[76.2493181886068,10.173603258841283],[76.2493181886068,10.17441174259699],[76.24850970485109,10.17441174259699],[76.24850970485109,10.173603258841283]]],[[[76.2493181886068,10.172794775085574],[76.2501266723625,10.172794775085574],[76.2501266723625,10.173603258841283],[76.2493181886068,10.173603258841283],[76.2493181886068,10.172794775085574]]],[[[76.2501266723625,10.171986291329867],[76.2509351561182,10.171986291329867],[76.2509351561182,10.172794775085574],[76.2501266723625,10.172794775085574],[76.2501266723625,10.171986291329867]]],[[[76.2509351561182,10.170369323818452],[76.25174363987392,10.170369323818452],[76.25174363987392,10.171986291329867],[76.2509351561182,10.171986291329867],[76.2509351561182,10.170369323818452]]],[[[76.25174363987392,10.169560840062744],[76.25255212362963,10.169560840062744],[76.25255212362963,10.170369323818452],[76.25174363987392,10.170369323818452],[76.25174363987392,10.169560840062744]]],[[[76.25255212362963,10.168752356307037],[76.25497757489674,10.168752356307037],[76.25497757489674,10.169560840062744],[76.25255212362963,10.169560840062744],[76.25255212362963,10.168752356307037]]],[[[76.25497757489674,10.16794387255133],[76.25578605865245,10.16794387255133],[76.25578605865245,10.168752356307037],[76.25497757489674,10.168752356307037],[76.25497757489674,10.16794387255133]]],[[[76.25578605865245,10.167135388795622],[76.25659454240817,10.167135388795622],[76.25659454240817,10.16794387255133],[76.25578605865245,10.16794387255133],[76.25578605865245,10.167135388795622]]],[[[76.25659454240817,10.166326905039915],[76.25740302616387,10.166326905039915],[76.25740302616387,10.167135388795622],[76.25659454240817,10.167135388795622],[76.25659454240817,10.166326905039915]]],[[[76.25740302616387,10.165518421284206],[76.25901999367528,10.165518421284206],[76.25901999367528,10.166326905039915],[76.25740302616387,10.166326905039915],[76.25740302616387,10.165518421284206]]],[[[76.25901999367528,10.1647099375285],[76.25982847743099,10.1647099375285],[76.25982847743099,10.165518421284206],[76.25901999367528,10.165518421284206],[76.25901999367528,10.1647099375285]]],[[[76.25982847743099,10.163901453772791],[76.26144544494241,10.163901453772791],[76.26144544494241,10.1647099375285],[76.25982847743099,10.1647099375285],[76.25982847743099,10.163901453772791]]],[[[76.26144544494241,10.163092970017084],[76.26225392869812,10.163092970017084],[76.26225392869812,10.163901453772791],[76.26144544494241,10.163901453772791],[76.26144544494241,10.163092970017084]]],[[[76.26225392869812,10.162284486261376],[76.26387089620953,10.162284486261376],[76.26387089620953,10.163092970017084],[76.26225392869812,10.163092970017084],[76.26225392869812,10.162284486261376]]],[[[76.26548786372095,10.16066751874996],[76.26548786372095,10.161476002505669],[76.26710483123236,10.161476002505669],[76.26710483123236,10.162284486261376],[76.26387089620953,10.162284486261376],[76.26387089620953,10.161476002505669],[76.26467937996523,10.161476002505669],[76.26467937996523,10.16066751874996],[76.26548786372095,10.16066751874996]]],[[[76.26548786372095,10.159050551238545],[76.26629634747665,10.159050551238545],[76.26629634747665,10.16066751874996],[76.26548786372095,10.16066751874996],[76.26548786372095,10.159050551238545]]],[[[76.26629634747665,10.158242067482838],[76.26710483123236,10.158242067482838],[76.26710483123236,10.159050551238545],[76.26629634747665,10.159050551238545],[76.26629634747665,10.158242067482838]]],[[[76.26710483123236,10.156625099971423],[76.26791331498806,10.156625099971423],[76.26791331498806,10.158242067482838],[76.26710483123236,10.158242067482838],[76.26710483123236,10.156625099971423]]],[[[76.26710483123236,10.162284486261376],[76.26791331498806,10.162284486261376],[76.26791331498806,10.163092970017084],[76.26710483123236,10.163092970017084],[76.26710483123236,10.162284486261376]]],[[[76.26791331498806,10.155816616215716],[76.26872179874377,10.155816616215716],[76.26872179874377,10.156625099971423],[76.26791331498806,10.156625099971423],[76.26791331498806,10.155816616215716]]],[[[76.26791331498806,10.163092970017084],[76.2711472500109,10.163092970017084],[76.2711472500109,10.163901453772791],[76.26872179874377,10.163901453772791],[76.26872179874377,10.165518421284206],[76.26791331498806,10.165518421284206],[76.26791331498806,10.163092970017084]]],[[[76.26872179874377,10.154199648704301],[76.26953028249949,10.154199648704301],[76.26953028249949,10.155816616215716],[76.26872179874377,10.155816616215716],[76.26872179874377,10.154199648704301]]],[[[76.26872179874377,10.165518421284206],[76.26953028249949,10.165518421284206],[76.26953028249949,10.167135388795622],[76.26872179874377,10.167135388795622],[76.26872179874377,10.165518421284206]]],[[[76.26953028249949,10.153391164948593],[76.2703387662552,10.153391164948593],[76.2703387662552,10.154199648704301],[76.26953028249949,10.154199648704301],[76.26953028249949,10.153391164948593]]],[[[76.26953028249949,10.167135388795622],[76.2703387662552,10.167135388795622],[76.2703387662552,10.16794387255133],[76.26953028249949,10.16794387255133],[76.26953028249949,10.167135388795622]]],[[[76.2703387662552,10.151774197437177],[76.2711472500109,10.151774197437177],[76.2711472500109,10.153391164948593],[76.2703387662552,10.153391164948593],[76.2703387662552,10.151774197437177]]],[[[76.2703387662552,10.16794387255133],[76.2711472500109,10.16794387255133],[76.2711472500109,10.168752356307037],[76.2703387662552,10.168752356307037],[76.2703387662552,10.16794387255133]]],[[[76.2711472500109,10.150157229925762],[76.2719557337666,10.150157229925762],[76.2719557337666,10.151774197437177],[76.2711472500109,10.151774197437177],[76.2711472500109,10.150157229925762]]],[[[76.2711472500109,10.163901453772791],[76.27357270127801,10.163901453772791],[76.27357270127801,10.1647099375285],[76.2711472500109,10.1647099375285],[76.2711472500109,10.163901453772791]]],[[[76.2711472500109,10.168752356307037],[76.27276421752231,10.168752356307037],[76.27276421752231,10.169560840062744],[76.2711472500109,10.169560840062744],[76.2711472500109,10.168752356307037]]],[[[76.2719557337666,10.149348746170055],[76.27357270127801,10.149348746170055],[76.27357270127801,10.150157229925762],[76.2719557337666,10.150157229925762],[76.2719557337666,10.149348746170055]]],[[[76.27276421752231,10.169560840062744],[76.27357270127801,10.169560840062744],[76.27357270127801,10.171177807574159],[76.27276421752231,10.171177807574159],[76.27276421752231,10.169560840062744]]],[[[76.27276421752231,10.173603258841283],[76.27357270127801,10.173603258841283],[76.27357270127801,10.17441174259699],[76.27276421752231,10.17441174259699],[76.27276421752231,10.173603258841283]]],[[[76.27357270127801,10.148540262414347],[76.27518966878944,10.148540262414347],[76.27518966878944,10.149348746170055],[76.27357270127801,10.149348746170055],[76.27357270127801,10.148540262414347]]],[[[76.27357270127801,10.163092970017084],[76.27438118503373,10.163092970017084],[76.27438118503373,10.163901453772791],[76.27357270127801,10.163901453772791],[76.27357270127801,10.163092970017084]]],[[[76.27357270127801,10.171177807574159],[76.27438118503373,10.171177807574159],[76.27438118503373,10.173603258841283],[76.27357270127801,10.173603258841283],[76.27357270127801,10.171177807574159]]],[[[76.27438118503373,10.162284486261376],[76.27518966878944,10.162284486261376],[76.27518966878944,10.163092970017084],[76.27438118503373,10.163092970017084],[76.27438118503373,10.162284486261376]]],[[[76.27518966878944,10.14773177865864],[76.27680663630085,10.14773177865864],[76.27680663630085,10.148540262414347],[76.27518966878944,10.148540262414347],[76.27518966878944,10.14773177865864]]],[[[76.27518966878944,10.161476002505669],[76.27599815254514,10.161476002505669],[76.27599815254514,10.162284486261376],[76.27518966878944,10.162284486261376],[76.27518966878944,10.161476002505669]]],[[[76.27761512005655,10.16066751874996],[76.27680663630085,10.16066751874996],[76.27680663630085,10.161476002505669],[76.27599815254514,10.161476002505669],[76.27599815254514,10.159859034994254],[76.27761512005655,10.159859034994254],[76.27761512005655,10.16066751874996]]],[[[76.27680663630085,10.146923294902933],[76.27761512005655,10.146923294902933],[76.27761512005655,10.14773177865864],[76.27680663630085,10.14773177865864],[76.27680663630085,10.146923294902933]]],[[[76.27761512005655,10.146114811147225],[76.27923208756798,10.146114811147225],[76.27923208756798,10.146923294902933],[76.27761512005655,10.146923294902933],[76.27761512005655,10.146114811147225]]],[[[76.27761512005655,10.16066751874996],[76.27842360381227,10.16066751874996],[76.27842360381227,10.161476002505669],[76.27761512005655,10.161476002505669],[76.27761512005655,10.16066751874996]]],[[[76.27842360381227,10.161476002505669],[76.27923208756798,10.161476002505669],[76.27923208756798,10.162284486261376],[76.27842360381227,10.162284486261376],[76.27842360381227,10.161476002505669]]],[[[76.27923208756798,10.145306327391518],[76.28084905507939,10.145306327391518],[76.28084905507939,10.146114811147225],[76.27923208756798,10.146114811147225],[76.27923208756798,10.145306327391518]]],[[[76.27923208756798,10.162284486261376],[76.28004057132368,10.162284486261376],[76.28004057132368,10.163092970017084],[76.27923208756798,10.163092970017084],[76.27923208756798,10.162284486261376]]],[[[76.28004057132368,10.163092970017084],[76.28084905507939,10.163092970017084],[76.28084905507939,10.1647099375285],[76.28004057132368,10.1647099375285],[76.28004057132368,10.163092970017084]]],[[[76.28084905507939,10.14449784363581],[76.2824660225908,10.14449784363581],[76.2824660225908,10.145306327391518],[76.28084905507939,10.145306327391518],[76.28084905507939,10.14449784363581]]],[[[76.28084905507939,10.1647099375285],[76.2824660225908,10.1647099375285],[76.2824660225908,10.165518421284206],[76.28084905507939,10.165518421284206],[76.28084905507939,10.1647099375285]]],[[[76.2824660225908,10.143689359880103],[76.28408299010222,10.143689359880103],[76.28408299010222,10.14449784363581],[76.2824660225908,10.14449784363581],[76.2824660225908,10.143689359880103]]],[[[76.2824660225908,10.163901453772791],[76.28327450634652,10.163901453772791],[76.28327450634652,10.1647099375285],[76.2824660225908,10.1647099375285],[76.2824660225908,10.163901453772791]]],[[[76.28327450634652,10.1647099375285],[76.28569995761363,10.1647099375285],[76.28569995761363,10.165518421284206],[76.28327450634652,10.165518421284206],[76.28327450634652,10.1647099375285]]],[[[76.28408299010222,10.142880876124394],[76.28569995761363,10.142880876124394],[76.28569995761363,10.143689359880103],[76.28408299010222,10.143689359880103],[76.28408299010222,10.142880876124394]]],[[[76.28569995761363,10.142072392368688],[76.28650844136934,10.142072392368688],[76.28650844136934,10.142880876124394],[76.28569995761363,10.142880876124394],[76.28569995761363,10.142072392368688]]],[[[76.28569995761363,10.163901453772791],[76.28893389263646,10.163901453772791],[76.28893389263646,10.1647099375285],[76.28569995761363,10.1647099375285],[76.28569995761363,10.163901453772791]]],[[[76.28650844136934,10.141263908612979],[76.28812540888076,10.141263908612979],[76.28812540888076,10.142072392368688],[76.28650844136934,10.142072392368688],[76.28650844136934,10.141263908612979]]],[[[76.28812540888076,10.140455424857272],[76.28893389263646,10.140455424857272],[76.28893389263646,10.141263908612979],[76.28812540888076,10.141263908612979],[76.28812540888076,10.140455424857272]]],[[[76.28893389263646,10.139646941101564],[76.28974237639217,10.139646941101564],[76.28974237639217,10.140455424857272],[76.28893389263646,10.140455424857272],[76.28893389263646,10.139646941101564]]],[[[76.28893389263646,10.1647099375285],[76.29055086014787,10.1647099375285],[76.29055086014787,10.165518421284206],[76.28893389263646,10.165518421284206],[76.28893389263646,10.1647099375285]]],[[[76.28974237639217,10.138838457345857],[76.29135934390358,10.138838457345857],[76.29135934390358,10.139646941101564],[76.28974237639217,10.139646941101564],[76.28974237639217,10.138838457345857]]],[[[76.29055086014787,10.165518421284206],[76.2921678276593,10.165518421284206],[76.2921678276593,10.166326905039915],[76.29055086014787,10.166326905039915],[76.29055086014787,10.165518421284206]]],[[[76.29135934390358,10.138029973590148],[76.2921678276593,10.138029973590148],[76.2921678276593,10.138838457345857],[76.29135934390358,10.138838457345857],[76.29135934390358,10.138029973590148]]],[[[76.2921678276593,10.137221489834442],[76.29378479517071,10.137221489834442],[76.29378479517071,10.138029973590148],[76.2921678276593,10.138029973590148],[76.2921678276593,10.137221489834442]]],[[[76.2921678276593,10.1647099375285],[76.292976311415,10.1647099375285],[76.292976311415,10.165518421284206],[76.2921678276593,10.165518421284206],[76.2921678276593,10.1647099375285]]],[[[76.292976311415,10.163901453772791],[76.29701873019354,10.163901453772791],[76.29701873019354,10.1647099375285],[76.292976311415,10.1647099375285],[76.292976311415,10.163901453772791]]],[[[76.29378479517071,10.136413006078733],[76.29621024643784,10.136413006078733],[76.29621024643784,10.137221489834442],[76.29378479517071,10.137221489834442],[76.29378479517071,10.136413006078733]]],[[[76.29621024643784,10.137221489834442],[76.29863569770495,10.137221489834442],[76.29863569770495,10.138029973590148],[76.29621024643784,10.138029973590148],[76.29621024643784,10.137221489834442]]],[[[76.29701873019354,10.1647099375285],[76.29782721394925,10.1647099375285],[76.29782721394925,10.165518421284206],[76.29701873019354,10.165518421284206],[76.29701873019354,10.1647099375285]]],[[[76.29782721394925,10.165518421284206],[76.29863569770495,10.165518421284206],[76.29863569770495,10.166326905039915],[76.29782721394925,10.166326905039915],[76.29782721394925,10.165518421284206]]],[[[76.29782721394925,10.167135388795622],[76.29863569770495,10.167135388795622],[76.29863569770495,10.169560840062744],[76.29782721394925,10.169560840062744],[76.29782721394925,10.167135388795622]]],[[[76.29863569770495,10.138029973590148],[76.30025266521636,10.138029973590148],[76.30025266521636,10.138838457345857],[76.29863569770495,10.138838457345857],[76.29863569770495,10.138029973590148]]],[[[76.29863569770495,10.166326905039915],[76.29944418146066,10.166326905039915],[76.29944418146066,10.167135388795622],[76.29863569770495,10.167135388795622],[76.29863569770495,10.166326905039915]]],[[[76.29863569770495,10.169560840062744],[76.30186963272779,10.169560840062744],[76.30186963272779,10.170369323818452],[76.29863569770495,10.170369323818452],[76.29863569770495,10.169560840062744]]],[[[76.30025266521636,10.138838457345857],[76.30106114897208,10.138838457345857],[76.30106114897208,10.139646941101564],[76.30025266521636,10.139646941101564],[76.30025266521636,10.138838457345857]]],[[[76.30106114897208,10.139646941101564],[76.30186963272779,10.139646941101564],[76.30186963272779,10.140455424857272],[76.30106114897208,10.140455424857272],[76.30106114897208,10.139646941101564]]],[[[76.30186963272779,10.140455424857272],[76.30267811648349,10.140455424857272],[76.30267811648349,10.141263908612979],[76.30186963272779,10.141263908612979],[76.30186963272779,10.140455424857272]]],[[[76.30186963272779,10.170369323818452],[76.3042950839949,10.170369323818452],[76.3042950839949,10.171177807574159],[76.30186963272779,10.171177807574159],[76.30186963272779,10.170369323818452]]],[[[76.30267811648349,10.141263908612979],[76.3034866002392,10.141263908612979],[76.3034866002392,10.142072392368688],[76.30267811648349,10.142072392368688],[76.30267811648349,10.141263908612979]]],[[[76.3034866002392,10.142072392368688],[76.3042950839949,10.142072392368688],[76.3042950839949,10.142880876124394],[76.3034866002392,10.142880876124394],[76.3034866002392,10.142072392368688]]],[[[76.3042950839949,10.142880876124394],[76.30510356775062,10.142880876124394],[76.30510356775062,10.143689359880103],[76.3042950839949,10.143689359880103],[76.3042950839949,10.142880876124394]]],[[[76.3042950839949,10.169560840062744],[76.30591205150633,10.169560840062744],[76.30591205150633,10.170369323818452],[76.3042950839949,10.170369323818452],[76.3042950839949,10.169560840062744]]],[[[76.30510356775062,10.143689359880103],[76.30591205150633,10.143689359880103],[76.30591205150633,10.14449784363581],[76.30510356775062,10.14449784363581],[76.30510356775062,10.143689359880103]]],[[[76.30591205150633,10.14449784363581],[76.30672053526203,10.14449784363581],[76.30672053526203,10.145306327391518],[76.30591205150633,10.145306327391518],[76.30591205150633,10.14449784363581]]],[[[76.30591205150633,10.170369323818452],[76.30752901901774,10.170369323818452],[76.30752901901774,10.171177807574159],[76.30591205150633,10.171177807574159],[76.30591205150633,10.170369323818452]]],[[[76.30672053526203,10.145306327391518],[76.30752901901774,10.145306327391518],[76.30752901901774,10.146114811147225],[76.30672053526203,10.146114811147225],[76.30672053526203,10.145306327391518]]],[[[76.30752901901774,10.146114811147225],[76.30995447028486,10.146114811147225],[76.30995447028486,10.146923294902933],[76.30752901901774,10.146923294902933],[76.30752901901774,10.146114811147225]]],[[[76.30752901901774,10.169560840062744],[76.30914598652915,10.169560840062744],[76.30914598652915,10.170369323818452],[76.30752901901774,10.170369323818452],[76.30752901901774,10.169560840062744]]],[[[76.30914598652915,10.170369323818452],[76.31237992155198,10.170369323818452],[76.31237992155198,10.171177807574159],[76.31318840530768,10.171177807574159],[76.31318840530768,10.171986291329867],[76.31076295404057,10.171986291329867],[76.31076295404057,10.171177807574159],[76.30914598652915,10.171177807574159],[76.30914598652915,10.170369323818452]]],[[[76.30995447028486,10.146923294902933],[76.31157143779627,10.146923294902933],[76.31157143779627,10.14773177865864],[76.30995447028486,10.14773177865864],[76.30995447028486,10.146923294902933]]],[[[76.31157143779627,10.14773177865864],[76.3139968890634,10.14773177865864],[76.3139968890634,10.148540262414347],[76.31157143779627,10.148540262414347],[76.31157143779627,10.14773177865864]]],[[[76.31318840530768,10.171986291329867],[76.3139968890634,10.171986291329867],[76.3139968890634,10.172794775085574],[76.31318840530768,10.172794775085574],[76.31318840530768,10.171986291329867]]],[[[76.3139968890634,10.148540262414347],[76.31561385657481,10.148540262414347],[76.31561385657481,10.149348746170055],[76.3139968890634,10.149348746170055],[76.3139968890634,10.148540262414347]]],[[[76.3139968890634,10.172794775085574],[76.31561385657481,10.172794775085574],[76.31561385657481,10.173603258841283],[76.3139968890634,10.173603258841283],[76.3139968890634,10.172794775085574]]],[[[76.31561385657481,10.149348746170055],[76.31803930784194,10.149348746170055],[76.31803930784194,10.150157229925762],[76.31561385657481,10.150157229925762],[76.31561385657481,10.149348746170055]]],[[[76.31884779159765,10.171177807574159],[76.31884779159765,10.171986291329867],[76.31803930784194,10.171986291329867],[76.31803930784194,10.172794775085574],[76.31561385657481,10.172794775085574],[76.31561385657481,10.171986291329867],[76.31723082408622,10.171986291329867],[76.31723082408622,10.171177807574159],[76.31884779159765,10.171177807574159]]],[[[76.31803930784194,10.150157229925762],[76.32127324286476,10.150157229925762],[76.32127324286476,10.15096571368147],[76.31803930784194,10.15096571368147],[76.31803930784194,10.150157229925762]]],[[[76.31884779159765,10.170369323818452],[76.31965627535335,10.170369323818452],[76.31965627535335,10.171177807574159],[76.31884779159765,10.171177807574159],[76.31884779159765,10.170369323818452]]],[[[76.31965627535335,10.169560840062744],[76.32127324286476,10.169560840062744],[76.32127324286476,10.170369323818452],[76.31965627535335,10.170369323818452],[76.31965627535335,10.169560840062744]]],[[[76.32127324286476,10.15096571368147],[76.32369869413189,10.15096571368147],[76.32369869413189,10.151774197437177],[76.32127324286476,10.151774197437177],[76.32127324286476,10.15096571368147]]],[[[76.32127324286476,10.168752356307037],[76.32208172662047,10.168752356307037],[76.32208172662047,10.169560840062744],[76.32127324286476,10.169560840062744],[76.32127324286476,10.168752356307037]]],[[[76.32208172662047,10.169560840062744],[76.32289021037619,10.169560840062744],[76.32289021037619,10.170369323818452],[76.32208172662047,10.170369323818452],[76.32208172662047,10.169560840062744]]],[[[76.32289021037619,10.16794387255133],[76.32369869413189,10.16794387255133],[76.32369869413189,10.169560840062744],[76.32289021037619,10.169560840062744],[76.32289021037619,10.16794387255133]]],[[[76.32369869413189,10.151774197437177],[76.3245071778876,10.151774197437177],[76.3245071778876,10.152582681192886],[76.32369869413189,10.152582681192886],[76.32369869413189,10.151774197437177]]],[[[76.32369869413189,10.166326905039915],[76.3245071778876,10.166326905039915],[76.3245071778876,10.16794387255133],[76.32369869413189,10.16794387255133],[76.32369869413189,10.166326905039915]]],[[[76.3245071778876,10.15096571368147],[76.32935808042184,10.15096571368147],[76.32935808042184,10.151774197437177],[76.3245071778876,10.151774197437177],[76.3245071778876,10.15096571368147]]],[[[76.3245071778876,10.165518421284206],[76.326124145399,10.165518421284206],[76.326124145399,10.166326905039915],[76.3245071778876,10.166326905039915],[76.3245071778876,10.165518421284206]]],[[[76.326124145399,10.1647099375285],[76.32693262915473,10.1647099375285],[76.32693262915473,10.165518421284206],[76.326124145399,10.165518421284206],[76.326124145399,10.1647099375285]]],[[[76.32693262915473,10.165518421284206],[76.32774111291043,10.165518421284206],[76.32774111291043,10.166326905039915],[76.32693262915473,10.166326905039915],[76.32693262915473,10.165518421284206]]],[[[76.32774111291043,10.166326905039915],[76.32854959666614,10.166326905039915],[76.32854959666614,10.167135388795622],[76.32774111291043,10.167135388795622],[76.32774111291043,10.166326905039915]]],[[[76.32854959666614,10.165518421284206],[76.32935808042184,10.165518421284206],[76.32935808042184,10.166326905039915],[76.32854959666614,10.166326905039915],[76.32854959666614,10.165518421284206]]],[[[76.32935808042184,10.150157229925762],[76.33016656417755,10.150157229925762],[76.33016656417755,10.15096571368147],[76.32935808042184,10.15096571368147],[76.32935808042184,10.150157229925762]]],[[[76.32935808042184,10.166326905039915],[76.33016656417755,10.166326905039915],[76.33016656417755,10.168752356307037],[76.32935808042184,10.168752356307037],[76.32935808042184,10.166326905039915]]],[[[76.33178353168897,10.148540262414347],[76.33178353168897,10.149348746170055],[76.33097504793325,10.149348746170055],[76.33097504793325,10.150157229925762],[76.33016656417755,10.150157229925762],[76.33016656417755,10.148540262414347],[76.33178353168897,10.148540262414347]]],[[[76.33016656417755,10.168752356307037],[76.33097504793325,10.168752356307037],[76.33097504793325,10.169560840062744],[76.33016656417755,10.169560840062744],[76.33016656417755,10.168752356307037]]],[[[76.33097504793325,10.169560840062744],[76.33178353168897,10.169560840062744],[76.33178353168897,10.170369323818452],[76.33097504793325,10.170369323818452],[76.33097504793325,10.169560840062744]]],[[[76.33178353168897,10.14773177865864],[76.33340049920038,10.14773177865864],[76.33340049920038,10.148540262414347],[76.33178353168897,10.148540262414347],[76.33178353168897,10.14773177865864]]],[[[76.33178353168897,10.170369323818452],[76.33340049920038,10.170369323818452],[76.33340049920038,10.171986291329867],[76.33259201544467,10.171986291329867],[76.33259201544467,10.171177807574159],[76.33178353168897,10.171177807574159],[76.33178353168897,10.170369323818452]]],[[[76.33340049920038,10.146923294902933],[76.33420898295608,10.146923294902933],[76.33420898295608,10.14773177865864],[76.33340049920038,10.14773177865864],[76.33340049920038,10.146923294902933]]],[[[76.33340049920038,10.171986291329867],[76.33420898295608,10.171986291329867],[76.33420898295608,10.172794775085574],[76.33340049920038,10.172794775085574],[76.33340049920038,10.171986291329867]]],[[[76.33420898295608,10.145306327391518],[76.33501746671179,10.145306327391518],[76.33501746671179,10.146923294902933],[76.33420898295608,10.146923294902933],[76.33420898295608,10.145306327391518]]],[[[76.33420898295608,10.172794775085574],[76.33501746671179,10.172794775085574],[76.33501746671179,10.173603258841283],[76.33420898295608,10.173603258841283],[76.33420898295608,10.172794775085574]]],[[[76.33501746671179,10.14449784363581],[76.33663443422321,10.14449784363581],[76.33663443422321,10.145306327391518],[76.33501746671179,10.145306327391518],[76.33501746671179,10.14449784363581]]],[[[76.33501746671179,10.173603258841283],[76.34067685300175,10.173603258841283],[76.34067685300175,10.17441174259699],[76.33501746671179,10.17441174259699],[76.33501746671179,10.173603258841283]]],[[[76.33663443422321,10.143689359880103],[76.33744291797892,10.143689359880103],[76.33744291797892,10.14449784363581],[76.33663443422321,10.14449784363581],[76.33663443422321,10.143689359880103]]],[[[76.33663443422321,10.145306327391518],[76.33744291797892,10.145306327391518],[76.33744291797892,10.146114811147225],[76.33663443422321,10.146114811147225],[76.33663443422321,10.145306327391518]]],[[[76.33744291797892,10.139646941101564],[76.33825140173462,10.139646941101564],[76.33825140173462,10.143689359880103],[76.33744291797892,10.143689359880103],[76.33744291797892,10.139646941101564]]],[[[76.33744291797892,10.146114811147225],[76.33825140173462,10.146114811147225],[76.33825140173462,10.146923294902933],[76.33744291797892,10.146923294902933],[76.33744291797892,10.146114811147225]]],[[[76.33825140173462,10.129945136033074],[76.33905988549033,10.129945136033074],[76.33905988549033,10.139646941101564],[76.33825140173462,10.139646941101564],[76.33825140173462,10.129945136033074]]],[[[76.33825140173462,10.146923294902933],[76.33905988549033,10.146923294902933],[76.33905988549033,10.14773177865864],[76.33825140173462,10.14773177865864],[76.33825140173462,10.146923294902933]]],[[[76.33905988549033,10.12751968476595],[76.33986836924603,10.12751968476595],[76.33986836924603,10.129945136033074],[76.33905988549033,10.129945136033074],[76.33905988549033,10.12751968476595]]],[[[76.33905988549033,10.14773177865864],[76.33986836924603,10.14773177865864],[76.33986836924603,10.148540262414347],[76.33905988549033,10.148540262414347],[76.33905988549033,10.14773177865864]]],[[[76.33986836924603,10.126711201010243],[76.34067685300175,10.126711201010243],[76.34067685300175,10.12751968476595],[76.33986836924603,10.12751968476595],[76.33986836924603,10.126711201010243]]],[[[76.33986836924603,10.142880876124394],[76.34067685300175,10.142880876124394],[76.34067685300175,10.143689359880103],[76.33986836924603,10.143689359880103],[76.33986836924603,10.142880876124394]]],[[[76.34148533675746,10.14449784363581],[76.34229382051316,10.14449784363581],[76.34229382051316,10.146114811147225],[76.34148533675746,10.146114811147225],[76.34148533675746,10.14773177865864],[76.33986836924603,10.14773177865864],[76.33986836924603,10.146923294902933],[76.34067685300175,10.146923294902933],[76.34067685300175,10.145306327391518],[76.34148533675746,10.145306327391518],[76.34148533675746,10.14449784363581]]],[[[76.34067685300175,10.125902717254535],[76.34148533675746,10.125902717254535],[76.34148533675746,10.126711201010243],[76.34067685300175,10.126711201010243],[76.34067685300175,10.125902717254535]]],[[[76.34229382051316,10.140455424857272],[76.34229382051316,10.141263908612979],[76.34148533675746,10.141263908612979],[76.34148533675746,10.142880876124394],[76.34067685300175,10.142880876124394],[76.34067685300175,10.140455424857272],[76.34229382051316,10.140455424857272]]],[[[76.34067685300175,10.143689359880103],[76.34148533675746,10.143689359880103],[76.34148533675746,10.14449784363581],[76.34067685300175,10.14449784363581],[76.34067685300175,10.143689359880103]]],[[[76.34067685300175,10.172794775085574],[76.34229382051316,10.172794775085574],[76.34229382051316,10.173603258841283],[76.34067685300175,10.173603258841283],[76.34067685300175,10.172794775085574]]],[[[76.34148533675746,10.125094233498828],[76.34391078802457,10.125094233498828],[76.34391078802457,10.125902717254535],[76.34148533675746,10.125902717254535],[76.34148533675746,10.125094233498828]]],[[[76.34229382051316,10.139646941101564],[76.34471927178029,10.139646941101564],[76.34471927178029,10.140455424857272],[76.34229382051316,10.140455424857272],[76.34229382051316,10.139646941101564]]],[[[76.34229382051316,10.171986291329867],[76.34471927178029,10.171986291329867],[76.34471927178029,10.172794775085574],[76.34229382051316,10.172794775085574],[76.34229382051316,10.171986291329867]]],[[[76.34391078802457,10.124285749743121],[76.3471447230474,10.124285749743121],[76.3471447230474,10.125094233498828],[76.34391078802457,10.125094233498828],[76.34391078802457,10.124285749743121]]],[[[76.34471927178029,10.138838457345857],[76.345527755536,10.138838457345857],[76.345527755536,10.139646941101564],[76.34471927178029,10.139646941101564],[76.34471927178029,10.138838457345857]]],[[[76.34471927178029,10.172794775085574],[76.345527755536,10.172794775085574],[76.345527755536,10.173603258841283],[76.34471927178029,10.173603258841283],[76.34471927178029,10.172794775085574]]],[[[76.345527755536,10.138029973590148],[76.3471447230474,10.138029973590148],[76.3471447230474,10.138838457345857],[76.345527755536,10.138838457345857],[76.345527755536,10.138029973590148]]],[[[76.345527755536,10.173603258841283],[76.3463362392917,10.173603258841283],[76.3463362392917,10.17441174259699],[76.345527755536,10.17441174259699],[76.345527755536,10.173603258841283]]],[[[76.3463362392917,10.17441174259699],[76.3471447230474,10.17441174259699],[76.3471447230474,10.175220226352698],[76.3463362392917,10.175220226352698],[76.3463362392917,10.17441174259699]]],[[[76.3471447230474,10.125094233498828],[76.34876169055882,10.125094233498828],[76.34876169055882,10.125902717254535],[76.3471447230474,10.125902717254535],[76.3471447230474,10.125094233498828]]],[[[76.3471447230474,10.137221489834442],[76.34876169055882,10.137221489834442],[76.34876169055882,10.138029973590148],[76.3471447230474,10.138029973590148],[76.3471447230474,10.137221489834442]]],[[[76.3471447230474,10.175220226352698],[76.34795320680311,10.175220226352698],[76.34795320680311,10.176028710108405],[76.3471447230474,10.176028710108405],[76.3471447230474,10.175220226352698]]],[[[76.3471447230474,10.179262645131235],[76.34795320680311,10.179262645131235],[76.34795320680311,10.180071128886944],[76.3471447230474,10.180071128886944],[76.3471447230474,10.179262645131235]]],[[[76.34795320680311,10.176028710108405],[76.34876169055882,10.176028710108405],[76.34876169055882,10.179262645131235],[76.34795320680311,10.179262645131235],[76.34795320680311,10.176028710108405]]],[[[76.34795320680311,10.180071128886944],[76.34957017431454,10.180071128886944],[76.34957017431454,10.18087961264265],[76.34795320680311,10.18087961264265],[76.34795320680311,10.180071128886944]]],[[[76.34876169055882,10.124285749743121],[76.35118714182595,10.124285749743121],[76.35118714182595,10.125094233498828],[76.34876169055882,10.125094233498828],[76.34876169055882,10.124285749743121]]],[[[76.34876169055882,10.136413006078733],[76.35118714182595,10.136413006078733],[76.35118714182595,10.137221489834442],[76.34876169055882,10.137221489834442],[76.34876169055882,10.136413006078733]]],[[[76.34957017431454,10.18087961264265],[76.35118714182595,10.18087961264265],[76.35118714182595,10.181688096398357],[76.34957017431454,10.181688096398357],[76.34957017431454,10.18087961264265]]],[[[76.35118714182595,10.123477265987413],[76.35199562558165,10.123477265987413],[76.35199562558165,10.124285749743121],[76.35118714182595,10.124285749743121],[76.35118714182595,10.123477265987413]]],[[[76.35118714182595,10.135604522323026],[76.35199562558165,10.135604522323026],[76.35199562558165,10.136413006078733],[76.35118714182595,10.136413006078733],[76.35118714182595,10.135604522323026]]],[[[76.35118714182595,10.181688096398357],[76.35199562558165,10.181688096398357],[76.35199562558165,10.183305063909772],[76.35118714182595,10.183305063909772],[76.35118714182595,10.181688096398357]]],[[[76.35199562558165,10.122668782231706],[76.35280410933736,10.122668782231706],[76.35280410933736,10.123477265987413],[76.35199562558165,10.123477265987413],[76.35199562558165,10.122668782231706]]],[[[76.35442107684878,10.133179071055904],[76.35280410933736,10.133179071055904],[76.35280410933736,10.135604522323026],[76.35199562558165,10.135604522323026],[76.35199562558165,10.132370587300196],[76.35442107684878,10.132370587300196],[76.35442107684878,10.133179071055904]]],[[[76.35199562558165,10.183305063909772],[76.35280410933736,10.183305063909772],[76.35280410933736,10.185730515176896],[76.35199562558165,10.185730515176896],[76.35199562558165,10.183305063909772]]],[[[76.35280410933736,10.121860298475998],[76.35361259309308,10.121860298475998],[76.35361259309308,10.122668782231706],[76.35280410933736,10.122668782231706],[76.35280410933736,10.121860298475998]]],[[[76.35280410933736,10.185730515176896],[76.35361259309308,10.185730515176896],[76.35361259309308,10.188155966444018],[76.35280410933736,10.188155966444018],[76.35280410933736,10.185730515176896]]],[[[76.35361259309308,10.120243330964582],[76.35442107684878,10.120243330964582],[76.35442107684878,10.121860298475998],[76.35361259309308,10.121860298475998],[76.35361259309308,10.120243330964582]]],[[[76.35361259309308,10.188155966444018],[76.35442107684878,10.188155966444018],[76.35442107684878,10.188964450199727],[76.35361259309308,10.188964450199727],[76.35361259309308,10.188155966444018]]],[[[76.35442107684878,10.118626363453167],[76.35522956060449,10.118626363453167],[76.35522956060449,10.120243330964582],[76.35442107684878,10.120243330964582],[76.35442107684878,10.118626363453167]]],[[[76.35442107684878,10.133179071055904],[76.35603804436019,10.133179071055904],[76.35603804436019,10.133987554811611],[76.35442107684878,10.133987554811611],[76.35442107684878,10.133179071055904]]],[[[76.35442107684878,10.188964450199727],[76.35522956060449,10.188964450199727],[76.35522956060449,10.189772933955433],[76.35442107684878,10.189772933955433],[76.35442107684878,10.188964450199727]]],[[[76.35522956060449,10.11781787969746],[76.35603804436019,10.11781787969746],[76.35603804436019,10.118626363453167],[76.35522956060449,10.118626363453167],[76.35522956060449,10.11781787969746]]],[[[76.35522956060449,10.189772933955433],[76.35603804436019,10.189772933955433],[76.35603804436019,10.190581417711142],[76.35522956060449,10.190581417711142],[76.35522956060449,10.189772933955433]]],[[[76.35603804436019,10.116200912186045],[76.3568465281159,10.116200912186045],[76.3568465281159,10.11781787969746],[76.35603804436019,10.11781787969746],[76.35603804436019,10.116200912186045]]],[[[76.35603804436019,10.132370587300196],[76.3568465281159,10.132370587300196],[76.3568465281159,10.133179071055904],[76.35603804436019,10.133179071055904],[76.35603804436019,10.132370587300196]]],[[[76.35603804436019,10.190581417711142],[76.3568465281159,10.190581417711142],[76.3568465281159,10.192198385222556],[76.35603804436019,10.192198385222556],[76.35603804436019,10.190581417711142]]],[[[76.3568465281159,10.115392428430336],[76.35846349562732,10.115392428430336],[76.35846349562732,10.116200912186045],[76.3568465281159,10.116200912186045],[76.3568465281159,10.115392428430336]]],[[[76.3568465281159,10.13156210354449],[76.3576550118716,10.13156210354449],[76.3576550118716,10.132370587300196],[76.3568465281159,10.132370587300196],[76.3568465281159,10.13156210354449]]],[[[76.3568465281159,10.192198385222556],[76.3576550118716,10.192198385222556],[76.3576550118716,10.193006868978264],[76.3568465281159,10.193006868978264],[76.3568465281159,10.192198385222556]]],[[[76.3576550118716,10.132370587300196],[76.35927197938302,10.132370587300196],[76.35927197938302,10.133179071055904],[76.3576550118716,10.133179071055904],[76.3576550118716,10.132370587300196]]],[[[76.36169743065014,10.192198385222556],[76.3576550118716,10.192198385222556],[76.3576550118716,10.191389901466849],[76.36088894689443,10.191389901466849],[76.36088894689443,10.190581417711142],[76.36169743065014,10.190581417711142],[76.36169743065014,10.192198385222556]]],[[[76.35846349562732,10.11458394467463],[76.35927197938302,10.11458394467463],[76.35927197938302,10.115392428430336],[76.35846349562732,10.115392428430336],[76.35846349562732,10.11458394467463]]],[[[76.36088894689443,10.132370587300196],[76.35927197938302,10.132370587300196],[76.35927197938302,10.13156210354449],[76.35846349562732,10.13156210354449],[76.35846349562732,10.13075361978878],[76.35927197938302,10.13075361978878],[76.35927197938302,10.129945136033074],[76.36008046313873,10.129945136033074],[76.36008046313873,10.13156210354449],[76.36088894689443,10.13156210354449],[76.36088894689443,10.132370587300196]]],[[[76.35927197938302,10.113775460918921],[76.36088894689443,10.113775460918921],[76.36088894689443,10.11458394467463],[76.35927197938302,10.11458394467463],[76.35927197938302,10.113775460918921]]],[[[76.36008046313873,10.133179071055904],[76.36088894689443,10.133179071055904],[76.36088894689443,10.133987554811611],[76.36008046313873,10.133987554811611],[76.36008046313873,10.133179071055904]]],[[[76.36088894689443,10.112966977163214],[76.36169743065014,10.112966977163214],[76.36169743065014,10.113775460918921],[76.36088894689443,10.113775460918921],[76.36088894689443,10.112966977163214]]],[[[76.36088894689443,10.132370587300196],[76.36169743065014,10.132370587300196],[76.36169743065014,10.133179071055904],[76.36088894689443,10.133179071055904],[76.36088894689443,10.132370587300196]]],[[[76.36088894689443,10.133987554811611],[76.36169743065014,10.133987554811611],[76.36169743065014,10.13479603856732],[76.36088894689443,10.13479603856732],[76.36088894689443,10.133987554811611]]],[[[76.36169743065014,10.112158493407508],[76.36816530069581,10.112158493407508],[76.36816530069581,10.112966977163214],[76.36169743065014,10.112966977163214],[76.36169743065014,10.112158493407508]]],[[[76.36169743065014,10.13479603856732],[76.36331439816156,10.13479603856732],[76.36331439816156,10.135604522323026],[76.36169743065014,10.135604522323026],[76.36169743065014,10.13479603856732]]],[[[76.36169743065014,10.192198385222556],[76.36493136567297,10.192198385222556],[76.36493136567297,10.193006868978264],[76.36169743065014,10.193006868978264],[76.36169743065014,10.192198385222556]]],[[[76.36331439816156,10.135604522323026],[76.36412288191727,10.135604522323026],[76.36412288191727,10.136413006078733],[76.36331439816156,10.136413006078733],[76.36331439816156,10.135604522323026]]],[[[76.36412288191727,10.136413006078733],[76.36573984942868,10.136413006078733],[76.36573984942868,10.137221489834442],[76.36412288191727,10.137221489834442],[76.36412288191727,10.136413006078733]]],[[[76.36493136567297,10.191389901466849],[76.36573984942868,10.191389901466849],[76.36573984942868,10.192198385222556],[76.36493136567297,10.192198385222556],[76.36493136567297,10.191389901466849]]],[[[76.36573984942868,10.137221489834442],[76.3673568169401,10.137221489834442],[76.3673568169401,10.138029973590148],[76.36654833318438,10.138029973590148],[76.36654833318438,10.138838457345857],[76.36573984942868,10.138838457345857],[76.36573984942868,10.137221489834442]]],[[[76.36573984942868,10.192198385222556],[76.3673568169401,10.192198385222556],[76.3673568169401,10.193006868978264],[76.36573984942868,10.193006868978264],[76.36573984942868,10.192198385222556]]],[[[76.3673568169401,10.135604522323026],[76.36816530069581,10.135604522323026],[76.36816530069581,10.137221489834442],[76.3673568169401,10.137221489834442],[76.3673568169401,10.135604522323026]]],[[[76.3673568169401,10.193006868978264],[76.36816530069581,10.193006868978264],[76.36816530069581,10.19381535273397],[76.3673568169401,10.19381535273397],[76.3673568169401,10.193006868978264]]],[[[76.36816530069581,10.112966977163214],[76.36978226820722,10.112966977163214],[76.36978226820722,10.113775460918921],[76.36816530069581,10.113775460918921],[76.36816530069581,10.112966977163214]]],[[[76.36816530069581,10.13479603856732],[76.37059075196292,10.13479603856732],[76.37059075196292,10.135604522323026],[76.36816530069581,10.135604522323026],[76.36816530069581,10.13479603856732]]],[[[76.36816530069581,10.19381535273397],[76.36897378445151,10.19381535273397],[76.36897378445151,10.19462383648968],[76.36816530069581,10.19462383648968],[76.36816530069581,10.19381535273397]]],[[[76.36897378445151,10.19462383648968],[76.37463317074146,10.19462383648968],[76.37463317074146,10.195432320245386],[76.36897378445151,10.195432320245386],[76.36897378445151,10.19462383648968]]],[[[76.36978226820722,10.112158493407508],[76.37301620323005,10.112158493407508],[76.37301620323005,10.112966977163214],[76.36978226820722,10.112966977163214],[76.36978226820722,10.112158493407508]]],[[[76.37059075196292,10.135604522323026],[76.37301620323005,10.135604522323026],[76.37301620323005,10.13479603856732],[76.37544165449718,10.13479603856732],[76.37544165449718,10.135604522323026],[76.37382468698576,10.135604522323026],[76.37382468698576,10.136413006078733],[76.37059075196292,10.136413006078733],[76.37059075196292,10.135604522323026]]],[[[76.37301620323005,10.112966977163214],[76.37382468698576,10.112966977163214],[76.37382468698576,10.113775460918921],[76.37301620323005,10.113775460918921],[76.37301620323005,10.112966977163214]]],[[[76.37382468698576,10.113775460918921],[76.37463317074146,10.113775460918921],[76.37463317074146,10.11458394467463],[76.37382468698576,10.11458394467463],[76.37382468698576,10.113775460918921]]],[[[76.37463317074146,10.11458394467463],[76.37544165449718,10.11458394467463],[76.37544165449718,10.116200912186045],[76.37463317074146,10.116200912186045],[76.37463317074146,10.11458394467463]]],[[[76.37463317074146,10.195432320245386],[76.37625013825289,10.195432320245386],[76.37625013825289,10.196240804001095],[76.37463317074146,10.196240804001095],[76.37463317074146,10.195432320245386]]],[[[76.37544165449718,10.116200912186045],[76.37625013825289,10.116200912186045],[76.37625013825289,10.117009395941752],[76.37544165449718,10.117009395941752],[76.37544165449718,10.116200912186045]]],[[[76.37544165449718,10.133987554811611],[76.3778671057643,10.133987554811611],[76.3778671057643,10.13479603856732],[76.37544165449718,10.13479603856732],[76.37544165449718,10.133987554811611]]],[[[76.37625013825289,10.117009395941752],[76.37705862200859,10.117009395941752],[76.37705862200859,10.11781787969746],[76.3778671057643,10.11781787969746],[76.3778671057643,10.118626363453167],[76.37625013825289,10.118626363453167],[76.37625013825289,10.117009395941752]]],[[[76.37625013825289,10.196240804001095],[76.37705862200859,10.196240804001095],[76.37705862200859,10.197049287756801],[76.37625013825289,10.197049287756801],[76.37625013825289,10.196240804001095]]],[[[76.37625013825289,10.198666255268217],[76.37705862200859,10.198666255268217],[76.37705862200859,10.199474739023925],[76.37625013825289,10.199474739023925],[76.37625013825289,10.198666255268217]]],[[[76.37705862200859,10.197049287756801],[76.3778671057643,10.197049287756801],[76.3778671057643,10.198666255268217],[76.37705862200859,10.198666255268217],[76.37705862200859,10.197049287756801]]],[[[76.37705862200859,10.199474739023925],[76.3778671057643,10.199474739023925],[76.3778671057643,10.200283222779632],[76.37705862200859,10.200283222779632],[76.37705862200859,10.199474739023925]]],[[[76.3778671057643,10.118626363453167],[76.38029255703142,10.118626363453167],[76.38029255703142,10.119434847208876],[76.3778671057643,10.119434847208876],[76.3778671057643,10.118626363453167]]],[[[76.3778671057643,10.132370587300196],[76.37867558952,10.132370587300196],[76.37867558952,10.133987554811611],[76.3778671057643,10.133987554811611],[76.3778671057643,10.132370587300196]]],[[[76.3778671057643,10.200283222779632],[76.3794840732757,10.200283222779632],[76.3794840732757,10.202708674046754],[76.37867558952,10.202708674046754],[76.37867558952,10.20109170653534],[76.3778671057643,10.20109170653534],[76.3778671057643,10.200283222779632]]],[[[76.3778671057643,10.202708674046754],[76.37867558952,10.202708674046754],[76.37867558952,10.20432564155817],[76.3778671057643,10.20432564155817],[76.3778671057643,10.202708674046754]]],[[[76.37867558952,10.13156210354449],[76.3794840732757,10.13156210354449],[76.3794840732757,10.132370587300196],[76.37867558952,10.132370587300196],[76.37867558952,10.13156210354449]]],[[[76.37867558952,10.20432564155817],[76.3794840732757,10.20432564155817],[76.3794840732757,10.206751092825293],[76.37867558952,10.206751092825293],[76.37867558952,10.20432564155817]]],[[[76.3794840732757,10.13075361978878],[76.38110104078713,10.13075361978878],[76.38110104078713,10.13156210354449],[76.3794840732757,10.13156210354449],[76.3794840732757,10.13075361978878]]],[[[76.3794840732757,10.206751092825293],[76.38029255703142,10.206751092825293],[76.38029255703142,10.207559576581],[76.3794840732757,10.207559576581],[76.3794840732757,10.206751092825293]]],[[[76.38029255703142,10.119434847208876],[76.38110104078713,10.119434847208876],[76.38110104078713,10.120243330964582],[76.38029255703142,10.120243330964582],[76.38029255703142,10.119434847208876]]],[[[76.38029255703142,10.207559576581],[76.38190952454283,10.207559576581],[76.38190952454283,10.208368060336708],[76.38029255703142,10.208368060336708],[76.38029255703142,10.207559576581]]],[[[76.38110104078713,10.120243330964582],[76.38190952454283,10.120243330964582],[76.38190952454283,10.12105181472029],[76.38110104078713,10.12105181472029],[76.38110104078713,10.120243330964582]]],[[[76.38110104078713,10.13156210354449],[76.38190952454283,10.13156210354449],[76.38190952454283,10.132370587300196],[76.38110104078713,10.132370587300196],[76.38110104078713,10.13156210354449]]],[[[76.38190952454283,10.12105181472029],[76.38352649205424,10.12105181472029],[76.38352649205424,10.121860298475998],[76.38190952454283,10.121860298475998],[76.38190952454283,10.12105181472029]]],[[[76.38190952454283,10.132370587300196],[76.38352649205424,10.132370587300196],[76.38352649205424,10.133179071055904],[76.38190952454283,10.133179071055904],[76.38190952454283,10.132370587300196]]],[[[76.38190952454283,10.206751092825293],[76.38271800829854,10.206751092825293],[76.38271800829854,10.207559576581],[76.38190952454283,10.207559576581],[76.38190952454283,10.206751092825293]]],[[[76.38271800829854,10.142880876124394],[76.38352649205424,10.142880876124394],[76.38352649205424,10.143689359880103],[76.38271800829854,10.143689359880103],[76.38271800829854,10.142880876124394]]],[[[76.38271800829854,10.205942609069584],[76.38352649205424,10.205942609069584],[76.38352649205424,10.206751092825293],[76.38271800829854,10.206751092825293],[76.38271800829854,10.205942609069584]]],[[[76.38352649205424,10.121860298475998],[76.38595194332137,10.121860298475998],[76.38595194332137,10.122668782231706],[76.38352649205424,10.122668782231706],[76.38352649205424,10.121860298475998]]],[[[76.38352649205424,10.133179071055904],[76.38433497580996,10.133179071055904],[76.38433497580996,10.133987554811611],[76.38352649205424,10.133987554811611],[76.38352649205424,10.133179071055904]]],[[[76.38352649205424,10.142072392368688],[76.38433497580996,10.142072392368688],[76.38433497580996,10.142880876124394],[76.38352649205424,10.142880876124394],[76.38352649205424,10.142072392368688]]],[[[76.38352649205424,10.143689359880103],[76.38514345956567,10.143689359880103],[76.38514345956567,10.14449784363581],[76.38352649205424,10.14449784363581],[76.38352649205424,10.143689359880103]]],[[[76.38352649205424,10.205134125313878],[76.38433497580996,10.205134125313878],[76.38433497580996,10.205942609069584],[76.38352649205424,10.205942609069584],[76.38352649205424,10.205134125313878]]],[[[76.38433497580996,10.132370587300196],[76.38514345956567,10.132370587300196],[76.38514345956567,10.133179071055904],[76.38433497580996,10.133179071055904],[76.38433497580996,10.132370587300196]]],[[[76.38433497580996,10.141263908612979],[76.38514345956567,10.141263908612979],[76.38514345956567,10.142072392368688],[76.38433497580996,10.142072392368688],[76.38433497580996,10.141263908612979]]],[[[76.38433497580996,10.20432564155817],[76.38595194332137,10.20432564155817],[76.38595194332137,10.205134125313878],[76.38433497580996,10.205134125313878],[76.38433497580996,10.20432564155817]]],[[[76.38514345956567,10.13156210354449],[76.38676042707708,10.13156210354449],[76.38676042707708,10.132370587300196],[76.38514345956567,10.132370587300196],[76.38514345956567,10.13156210354449]]],[[[76.38514345956567,10.139646941101564],[76.38595194332137,10.139646941101564],[76.38595194332137,10.141263908612979],[76.38514345956567,10.141263908612979],[76.38514345956567,10.139646941101564]]],[[[76.38514345956567,10.14449784363581],[76.38595194332137,10.14449784363581],[76.38595194332137,10.143689359880103],[76.38676042707708,10.143689359880103],[76.38676042707708,10.145306327391518],[76.38756891083278,10.145306327391518],[76.38756891083278,10.146114811147225],[76.38595194332137,10.146114811147225],[76.38595194332137,10.145306327391518],[76.38514345956567,10.145306327391518],[76.38514345956567,10.14449784363581]]],[[[76.38595194332137,10.146114811147225],[76.38595194332137,10.14773177865864],[76.38837739458849,10.14773177865864],[76.38837739458849,10.148540262414347],[76.38514345956567,10.148540262414347],[76.38514345956567,10.146114811147225],[76.38595194332137,10.146114811147225]]],[[[76.38595194332137,10.122668782231706],[76.39807919965699,10.122668782231706],[76.39807919965699,10.123477265987413],[76.38595194332137,10.123477265987413],[76.38595194332137,10.122668782231706]]],[[[76.38676042707708,10.136413006078733],[76.38676042707708,10.137221489834442],[76.38756891083278,10.137221489834442],[76.38756891083278,10.138838457345857],[76.38676042707708,10.138838457345857],[76.38676042707708,10.138029973590148],[76.38595194332137,10.138029973590148],[76.38595194332137,10.136413006078733],[76.38676042707708,10.136413006078733]]],[[[76.38595194332137,10.138838457345857],[76.38676042707708,10.138838457345857],[76.38676042707708,10.139646941101564],[76.38595194332137,10.139646941101564],[76.38595194332137,10.138838457345857]]],[[[76.38595194332137,10.205134125313878],[76.38676042707708,10.205134125313878],[76.38676042707708,10.205942609069584],[76.38595194332137,10.205942609069584],[76.38595194332137,10.205134125313878]]],[[[76.38676042707708,10.132370587300196],[76.38756891083278,10.132370587300196],[76.38756891083278,10.133179071055904],[76.38676042707708,10.133179071055904],[76.38676042707708,10.132370587300196]]],[[[76.38676042707708,10.135604522323026],[76.38756891083278,10.135604522323026],[76.38756891083278,10.136413006078733],[76.38676042707708,10.136413006078733],[76.38676042707708,10.135604522323026]]],[[[76.38676042707708,10.205942609069584],[76.38756891083278,10.205942609069584],[76.38756891083278,10.207559576581],[76.38676042707708,10.207559576581],[76.38676042707708,10.205942609069584]]],[[[76.38756891083278,10.133179071055904],[76.38837739458849,10.133179071055904],[76.38837739458849,10.135604522323026],[76.38756891083278,10.135604522323026],[76.38756891083278,10.133179071055904]]],[[[76.38756891083278,10.207559576581],[76.39080284585562,10.207559576581],[76.39080284585562,10.208368060336708],[76.38756891083278,10.208368060336708],[76.38756891083278,10.207559576581]]],[[[76.39080284585562,10.208368060336708],[76.39241981336703,10.208368060336708],[76.39241981336703,10.209985027848123],[76.39080284585562,10.209985027848123],[76.39080284585562,10.208368060336708]]],[[[76.39241981336703,10.209985027848123],[76.39403678087845,10.209985027848123],[76.39403678087845,10.21079351160383],[76.39241981336703,10.21079351160383],[76.39241981336703,10.209985027848123]]],[[[76.39403678087845,10.21079351160383],[76.39484526463416,10.21079351160383],[76.39484526463416,10.211601995359539],[76.39403678087845,10.211601995359539],[76.39403678087845,10.21079351160383]]],[[[76.39807919965699,10.121860298475998],[76.40131313467981,10.121860298475998],[76.40131313467981,10.122668782231706],[76.39807919965699,10.122668782231706],[76.39807919965699,10.121860298475998]]],[[[76.40131313467981,10.12105181472029],[76.40373858594694,10.12105181472029],[76.40373858594694,10.121860298475998],[76.40131313467981,10.121860298475998],[76.40131313467981,10.12105181472029]]],[[[76.40373858594694,10.120243330964582],[76.40535555345835,10.120243330964582],[76.40535555345835,10.12105181472029],[76.40373858594694,10.12105181472029],[76.40373858594694,10.120243330964582]]],[[[76.40535555345835,10.119434847208876],[76.40697252096977,10.119434847208876],[76.40697252096977,10.120243330964582],[76.40535555345835,10.120243330964582],[76.40535555345835,10.119434847208876]]],[[[76.40697252096977,10.118626363453167],[76.40778100472548,10.118626363453167],[76.40778100472548,10.119434847208876],[76.40697252096977,10.119434847208876],[76.40697252096977,10.118626363453167]]],[[[76.40778100472548,10.11781787969746],[76.40858948848118,10.11781787969746],[76.40858948848118,10.118626363453167],[76.40778100472548,10.118626363453167],[76.40778100472548,10.11781787969746]]],[[[76.40858948848118,10.117009395941752],[76.40939797223689,10.117009395941752],[76.40939797223689,10.11781787969746],[76.40858948848118,10.11781787969746],[76.40858948848118,10.117009395941752]]],[[[76.40939797223689,10.116200912186045],[76.4102064559926,10.116200912186045],[76.4102064559926,10.117009395941752],[76.40939797223689,10.117009395941752],[76.40939797223689,10.116200912186045]]],[[[76.4102064559926,10.115392428430336],[76.41182342350402,10.115392428430336],[76.41182342350402,10.116200912186045],[76.4102064559926,10.116200912186045],[76.4102064559926,10.115392428430336]]],[[[76.41182342350402,10.11458394467463],[76.4199082610611,10.11458394467463],[76.4199082610611,10.115392428430336],[76.41182342350402,10.115392428430336],[76.41182342350402,10.11458394467463]]],[[[76.4199082610611,10.115392428430336],[76.42233371232821,10.115392428430336],[76.42233371232821,10.116200912186045],[76.4199082610611,10.116200912186045],[76.4199082610611,10.115392428430336]]],[[[76.42233371232821,10.116200912186045],[76.42395067983962,10.116200912186045],[76.42395067983962,10.117009395941752],[76.42233371232821,10.117009395941752],[76.42233371232821,10.116200912186045]]],[[[76.42395067983962,10.117009395941752],[76.42556764735104,10.117009395941752],[76.42556764735104,10.11781787969746],[76.42395067983962,10.11781787969746],[76.42395067983962,10.117009395941752]]],[[[76.42556764735104,10.11781787969746],[76.42718461486245,10.11781787969746],[76.42718461486245,10.118626363453167],[76.42556764735104,10.118626363453167],[76.42556764735104,10.11781787969746]]],[[[76.42718461486245,10.118626363453167],[76.42799309861816,10.118626363453167],[76.42799309861816,10.119434847208876],[76.42718461486245,10.119434847208876],[76.42718461486245,10.118626363453167]]],[[[76.42799309861816,10.119434847208876],[76.43041854988529,10.119434847208876],[76.43041854988529,10.120243330964582],[76.42799309861816,10.120243330964582],[76.42799309861816,10.119434847208876]]],[[[76.42961006612958,10.146114811147225],[76.43041854988529,10.146114811147225],[76.43041854988529,10.15096571368147],[76.42961006612958,10.15096571368147],[76.42961006612958,10.146114811147225]]],[[[76.43041854988529,10.120243330964582],[76.431227033641,10.120243330964582],[76.431227033641,10.12105181472029],[76.43041854988529,10.12105181472029],[76.43041854988529,10.120243330964582]]],[[[76.43041854988529,10.145306327391518],[76.431227033641,10.145306327391518],[76.431227033641,10.146114811147225],[76.43041854988529,10.146114811147225],[76.43041854988529,10.145306327391518]]],[[[76.43041854988529,10.15096571368147],[76.431227033641,10.15096571368147],[76.431227033641,10.152582681192886],[76.43041854988529,10.152582681192886],[76.43041854988529,10.15096571368147]]],[[[76.431227033641,10.12105181472029],[76.43365248490812,10.12105181472029],[76.43365248490812,10.121860298475998],[76.431227033641,10.121860298475998],[76.431227033641,10.12105181472029]]],[[[76.431227033641,10.14449784363581],[76.4320355173967,10.14449784363581],[76.4320355173967,10.145306327391518],[76.431227033641,10.145306327391518],[76.431227033641,10.14449784363581]]],[[[76.431227033641,10.152582681192886],[76.4320355173967,10.152582681192886],[76.4320355173967,10.153391164948593],[76.431227033641,10.153391164948593],[76.431227033641,10.152582681192886]]],[[[76.4320355173967,10.143689359880103],[76.43365248490812,10.143689359880103],[76.43365248490812,10.14449784363581],[76.4320355173967,10.14449784363581],[76.4320355173967,10.143689359880103]]],[[[76.4320355173967,10.153391164948593],[76.4328440011524,10.153391164948593],[76.4328440011524,10.155816616215716],[76.4320355173967,10.155816616215716],[76.4320355173967,10.153391164948593]]],[[[76.4328440011524,10.155816616215716],[76.43365248490812,10.155816616215716],[76.43365248490812,10.156625099971423],[76.4328440011524,10.156625099971423],[76.4328440011524,10.155816616215716]]],[[[76.43365248490812,10.121860298475998],[76.43931187119807,10.121860298475998],[76.43931187119807,10.122668782231706],[76.43365248490812,10.122668782231706],[76.43365248490812,10.121860298475998]]],[[[76.43365248490812,10.14449784363581],[76.43607793617524,10.14449784363581],[76.43607793617524,10.145306327391518],[76.43365248490812,10.145306327391518],[76.43365248490812,10.14449784363581]]],[[[76.43365248490812,10.156625099971423],[76.43526945241953,10.156625099971423],[76.43526945241953,10.157433583727132],[76.43365248490812,10.157433583727132],[76.43365248490812,10.156625099971423]]],[[[76.43526945241953,10.157433583727132],[76.43607793617524,10.157433583727132],[76.43607793617524,10.158242067482838],[76.43526945241953,10.158242067482838],[76.43526945241953,10.157433583727132]]],[[[76.43607793617524,10.145306327391518],[76.43850338744237,10.145306327391518],[76.43850338744237,10.146114811147225],[76.43607793617524,10.146114811147225],[76.43607793617524,10.145306327391518]]],[[[76.43607793617524,10.158242067482838],[76.43688641993094,10.158242067482838],[76.43688641993094,10.159050551238545],[76.43607793617524,10.159050551238545],[76.43607793617524,10.158242067482838]]],[[[76.43688641993094,10.159050551238545],[76.43850338744237,10.159050551238545],[76.43850338744237,10.159859034994254],[76.43688641993094,10.159859034994254],[76.43688641993094,10.159050551238545]]],[[[76.43850338744237,10.146114811147225],[76.44012035495378,10.146114811147225],[76.44012035495378,10.146923294902933],[76.43850338744237,10.146923294902933],[76.43850338744237,10.146114811147225]]],[[[76.43850338744237,10.159859034994254],[76.43931187119807,10.159859034994254],[76.43931187119807,10.16066751874996],[76.43850338744237,10.16066751874996],[76.43850338744237,10.159859034994254]]],[[[76.43931187119807,10.12105181472029],[76.44092883870948,10.12105181472029],[76.44092883870948,10.121860298475998],[76.43931187119807,10.121860298475998],[76.43931187119807,10.12105181472029]]],[[[76.43931187119807,10.16066751874996],[76.44012035495378,10.16066751874996],[76.44012035495378,10.161476002505669],[76.43931187119807,10.161476002505669],[76.43931187119807,10.16066751874996]]],[[[76.44012035495378,10.145306327391518],[76.4417373224652,10.145306327391518],[76.4417373224652,10.146114811147225],[76.44012035495378,10.146114811147225],[76.44012035495378,10.145306327391518]]],[[[76.44012035495378,10.161476002505669],[76.44092883870948,10.161476002505669],[76.44092883870948,10.162284486261376],[76.44012035495378,10.162284486261376],[76.44012035495378,10.161476002505669]]],[[[76.44012035495378,10.248792248122086],[76.44092883870948,10.248792248122086],[76.44092883870948,10.252834666900624],[76.44012035495378,10.252834666900624],[76.44012035495378,10.248792248122086]]],[[[76.44092883870948,10.120243330964582],[76.4425458062209,10.120243330964582],[76.4425458062209,10.12105181472029],[76.44092883870948,10.12105181472029],[76.44092883870948,10.120243330964582]]],[[[76.44092883870948,10.162284486261376],[76.4425458062209,10.162284486261376],[76.4425458062209,10.163092970017084],[76.44092883870948,10.163092970017084],[76.44092883870948,10.162284486261376]]],[[[76.44092883870948,10.247175280610671],[76.4417373224652,10.247175280610671],[76.4417373224652,10.248792248122086],[76.44092883870948,10.248792248122086],[76.44092883870948,10.247175280610671]]],[[[76.44092883870948,10.252834666900624],[76.4417373224652,10.252834666900624],[76.4417373224652,10.253643150656332],[76.44092883870948,10.253643150656332],[76.44092883870948,10.252834666900624]]],[[[76.44092883870948,10.260111020701991],[76.4417373224652,10.260111020701991],[76.4417373224652,10.2609195044577],[76.44092883870948,10.2609195044577],[76.44092883870948,10.260111020701991]]],[[[76.4417373224652,10.14449784363581],[76.4425458062209,10.14449784363581],[76.4425458062209,10.145306327391518],[76.4417373224652,10.145306327391518],[76.4417373224652,10.14449784363581]]],[[[76.44577974124373,10.241515894320719],[76.44577974124373,10.246366796854964],[76.44335428997661,10.246366796854964],[76.44335428997661,10.247175280610671],[76.4417373224652,10.247175280610671],[76.4417373224652,10.246366796854964],[76.4425458062209,10.246366796854964],[76.4425458062209,10.245558313099256],[76.44497125748802,10.245558313099256],[76.44497125748802,10.241515894320719],[76.44577974124373,10.241515894320719]]],[[[76.4417373224652,10.253643150656332],[76.4425458062209,10.253643150656332],[76.4425458062209,10.260111020701991],[76.4417373224652,10.260111020701991],[76.4417373224652,10.253643150656332]]],[[[76.4425458062209,10.119434847208876],[76.45063064377798,10.119434847208876],[76.45063064377798,10.120243330964582],[76.4425458062209,10.120243330964582],[76.4425458062209,10.119434847208876]]],[[[76.4425458062209,10.145306327391518],[76.44820519251085,10.145306327391518],[76.44820519251085,10.146114811147225],[76.4425458062209,10.146114811147225],[76.4425458062209,10.145306327391518]]],[[[76.4425458062209,10.163092970017084],[76.44335428997661,10.163092970017084],[76.44335428997661,10.163901453772791],[76.4425458062209,10.163901453772791],[76.4425458062209,10.163092970017084]]],[[[76.44335428997661,10.163901453772791],[76.44577974124373,10.163901453772791],[76.44577974124373,10.1647099375285],[76.44335428997661,10.1647099375285],[76.44335428997661,10.163901453772791]]],[[[76.44577974124373,10.1647099375285],[76.44739670875515,10.1647099375285],[76.44739670875515,10.165518421284206],[76.44577974124373,10.165518421284206],[76.44577974124373,10.1647099375285]]],[[[76.44577974124373,10.238281959297888],[76.44658822499945,10.238281959297888],[76.44658822499945,10.241515894320719],[76.44577974124373,10.241515894320719],[76.44577974124373,10.238281959297888]]],[[[76.44820519251085,10.235048024275057],[76.44820519251085,10.238281959297888],[76.44658822499945,10.238281959297888],[76.44658822499945,10.23747347554218],[76.44739670875515,10.23747347554218],[76.44739670875515,10.235048024275057],[76.44820519251085,10.235048024275057]]],[[[76.44739670875515,10.165518421284206],[76.44901367626656,10.165518421284206],[76.44901367626656,10.166326905039915],[76.44739670875515,10.166326905039915],[76.44739670875515,10.165518421284206]]],[[[76.44820519251085,10.14449784363581],[76.44901367626656,10.14449784363581],[76.44901367626656,10.145306327391518],[76.44820519251085,10.145306327391518],[76.44820519251085,10.14449784363581]]],[[[76.44820519251085,10.23423954051935],[76.44901367626656,10.23423954051935],[76.44901367626656,10.235048024275057],[76.44820519251085,10.235048024275057],[76.44820519251085,10.23423954051935]]],[[[76.45063064377798,10.138029973590148],[76.45063064377798,10.138838457345857],[76.44982216002226,10.138838457345857],[76.44982216002226,10.140455424857272],[76.44901367626656,10.140455424857272],[76.44901367626656,10.138029973590148],[76.45063064377798,10.138029973590148]]],[[[76.44901367626656,10.143689359880103],[76.44982216002226,10.143689359880103],[76.44982216002226,10.14449784363581],[76.44901367626656,10.14449784363581],[76.44901367626656,10.143689359880103]]],[[[76.44901367626656,10.166326905039915],[76.45143912753369,10.166326905039915],[76.45143912753369,10.167135388795622],[76.44901367626656,10.167135388795622],[76.44901367626656,10.166326905039915]]],[[[76.45063064377798,10.230197121740812],[76.45063064377798,10.23100560549652],[76.44982216002226,10.23100560549652],[76.44982216002226,10.23423954051935],[76.44901367626656,10.23423954051935],[76.44901367626656,10.230197121740812],[76.45063064377798,10.230197121740812]]],[[[76.44982216002226,10.140455424857272],[76.45063064377798,10.140455424857272],[76.45063064377798,10.143689359880103],[76.44982216002226,10.143689359880103],[76.44982216002226,10.140455424857272]]],[[[76.45063064377798,10.120243330964582],[76.4522476112894,10.120243330964582],[76.4522476112894,10.12105181472029],[76.45063064377798,10.12105181472029],[76.45063064377798,10.120243330964582]]],[[[76.45063064377798,10.137221489834442],[76.45143912753369,10.137221489834442],[76.45143912753369,10.138029973590148],[76.45063064377798,10.138029973590148],[76.45063064377798,10.137221489834442]]],[[[76.45063064377798,10.229388637985105],[76.45143912753369,10.229388637985105],[76.45143912753369,10.230197121740812],[76.45063064377798,10.230197121740812],[76.45063064377798,10.229388637985105]]],[[[76.45143912753369,10.136413006078733],[76.4530560950451,10.136413006078733],[76.4530560950451,10.137221489834442],[76.45143912753369,10.137221489834442],[76.45143912753369,10.136413006078733]]],[[[76.45143912753369,10.167135388795622],[76.4530560950451,10.167135388795622],[76.4530560950451,10.16794387255133],[76.45143912753369,10.16794387255133],[76.45143912753369,10.167135388795622]]],[[[76.4538645788008,10.226963186717981],[76.4538645788008,10.228580154229396],[76.4530560950451,10.228580154229396],[76.4530560950451,10.229388637985105],[76.45143912753369,10.229388637985105],[76.45143912753369,10.228580154229396],[76.4522476112894,10.228580154229396],[76.4522476112894,10.22777167047369],[76.4530560950451,10.22777167047369],[76.4530560950451,10.226963186717981],[76.4538645788008,10.226963186717981]]],[[[76.4522476112894,10.12105181472029],[76.4530560950451,10.12105181472029],[76.4530560950451,10.121860298475998],[76.4522476112894,10.121860298475998],[76.4522476112894,10.12105181472029]]],[[[76.4530560950451,10.121860298475998],[76.4538645788008,10.121860298475998],[76.4538645788008,10.123477265987413],[76.4530560950451,10.123477265987413],[76.4530560950451,10.121860298475998]]],[[[76.4530560950451,10.135604522323026],[76.45467306255651,10.135604522323026],[76.45467306255651,10.136413006078733],[76.4530560950451,10.136413006078733],[76.4530560950451,10.135604522323026]]],[[[76.4530560950451,10.16794387255133],[76.45467306255651,10.16794387255133],[76.45467306255651,10.168752356307037],[76.4530560950451,10.168752356307037],[76.4530560950451,10.16794387255133]]],[[[76.4538645788008,10.12105181472029],[76.45467306255651,10.12105181472029],[76.45467306255651,10.121860298475998],[76.4538645788008,10.121860298475998],[76.4538645788008,10.12105181472029]]],[[[76.4538645788008,10.123477265987413],[76.45467306255651,10.123477265987413],[76.45467306255651,10.125094233498828],[76.4538645788008,10.125094233498828],[76.4538645788008,10.123477265987413]]],[[[76.45548154631223,10.224537735450859],[76.45548154631223,10.225346219206566],[76.45467306255651,10.225346219206566],[76.45467306255651,10.226963186717981],[76.4538645788008,10.226963186717981],[76.4538645788008,10.224537735450859],[76.45548154631223,10.224537735450859]]],[[[76.45467306255651,10.120243330964582],[76.45548154631223,10.120243330964582],[76.45548154631223,10.12105181472029],[76.45467306255651,10.12105181472029],[76.45467306255651,10.120243330964582]]],[[[76.45467306255651,10.125094233498828],[76.45548154631223,10.125094233498828],[76.45548154631223,10.125902717254535],[76.45467306255651,10.125902717254535],[76.45467306255651,10.125094233498828]]],[[[76.45467306255651,10.13479603856732],[76.45629003006793,10.13479603856732],[76.45629003006793,10.135604522323026],[76.45467306255651,10.135604522323026],[76.45467306255651,10.13479603856732]]],[[[76.45467306255651,10.168752356307037],[76.45709851382364,10.168752356307037],[76.45709851382364,10.169560840062744],[76.45467306255651,10.169560840062744],[76.45467306255651,10.168752356307037]]],[[[76.45548154631223,10.119434847208876],[76.45629003006793,10.119434847208876],[76.45629003006793,10.120243330964582],[76.45548154631223,10.120243330964582],[76.45548154631223,10.119434847208876]]],[[[76.45548154631223,10.125902717254535],[76.45629003006793,10.125902717254535],[76.45629003006793,10.12751968476595],[76.45548154631223,10.12751968476595],[76.45548154631223,10.125902717254535]]],[[[76.45548154631223,10.18087961264265],[76.45629003006793,10.18087961264265],[76.45629003006793,10.181688096398357],[76.45548154631223,10.181688096398357],[76.45548154631223,10.18087961264265]]],[[[76.45548154631223,10.187347482688311],[76.45629003006793,10.187347482688311],[76.45629003006793,10.189772933955433],[76.45548154631223,10.189772933955433],[76.45548154631223,10.187347482688311]]],[[[76.45709851382364,10.218069865405198],[76.45709851382364,10.218878349160907],[76.45629003006793,10.218878349160907],[76.45629003006793,10.220495316672322],[76.45548154631223,10.220495316672322],[76.45548154631223,10.218069865405198],[76.45709851382364,10.218069865405198]]],[[[76.45548154631223,10.223729251695152],[76.45629003006793,10.223729251695152],[76.45629003006793,10.224537735450859],[76.45548154631223,10.224537735450859],[76.45548154631223,10.223729251695152]]],[[[76.45629003006793,10.118626363453167],[76.45871548133505,10.118626363453167],[76.45871548133505,10.119434847208876],[76.45629003006793,10.119434847208876],[76.45629003006793,10.118626363453167]]],[[[76.45629003006793,10.12751968476595],[76.45709851382364,10.12751968476595],[76.45709851382364,10.129945136033074],[76.45629003006793,10.129945136033074],[76.45629003006793,10.12751968476595]]],[[[76.45629003006793,10.133987554811611],[76.45709851382364,10.133987554811611],[76.45709851382364,10.13479603856732],[76.45629003006793,10.13479603856732],[76.45629003006793,10.133987554811611]]],[[[76.45629003006793,10.17441174259699],[76.45709851382364,10.17441174259699],[76.45709851382364,10.176837193864113],[76.45629003006793,10.176837193864113],[76.45629003006793,10.17441174259699]]],[[[76.45709851382364,10.176837193864113],[76.45790699757934,10.176837193864113],[76.45790699757934,10.18087961264265],[76.45629003006793,10.18087961264265],[76.45629003006793,10.180071128886944],[76.45709851382364,10.180071128886944],[76.45709851382364,10.176837193864113]]],[[[76.45629003006793,10.181688096398357],[76.45709851382364,10.181688096398357],[76.45709851382364,10.183305063909772],[76.45629003006793,10.183305063909772],[76.45629003006793,10.181688096398357]]],[[[76.45629003006793,10.186538998932603],[76.45709851382364,10.186538998932603],[76.45709851382364,10.187347482688311],[76.45629003006793,10.187347482688311],[76.45629003006793,10.186538998932603]]],[[[76.45629003006793,10.189772933955433],[76.45709851382364,10.189772933955433],[76.45709851382364,10.190581417711142],[76.45629003006793,10.190581417711142],[76.45629003006793,10.189772933955433]]],[[[76.45629003006793,10.220495316672322],[76.45709851382364,10.220495316672322],[76.45709851382364,10.223729251695152],[76.45629003006793,10.223729251695152],[76.45629003006793,10.220495316672322]]],[[[76.45709851382364,10.129945136033074],[76.45790699757934,10.129945136033074],[76.45790699757934,10.133987554811611],[76.45709851382364,10.133987554811611],[76.45709851382364,10.129945136033074]]],[[[76.45709851382364,10.169560840062744],[76.45871548133505,10.169560840062744],[76.45871548133505,10.170369323818452],[76.45709851382364,10.170369323818452],[76.45709851382364,10.169560840062744]]],[[[76.45709851382364,10.171986291329867],[76.45790699757934,10.171986291329867],[76.45790699757934,10.17441174259699],[76.45709851382364,10.17441174259699],[76.45709851382364,10.171986291329867]]],[[[76.45709851382364,10.183305063909772],[76.45871548133505,10.183305063909772],[76.45871548133505,10.185730515176896],[76.45790699757934,10.185730515176896],[76.45790699757934,10.184113547665481],[76.45709851382364,10.184113547665481],[76.45709851382364,10.183305063909772]]],[[[76.45709851382364,10.185730515176896],[76.45790699757934,10.185730515176896],[76.45790699757934,10.186538998932603],[76.45709851382364,10.186538998932603],[76.45709851382364,10.185730515176896]]],[[[76.45709851382364,10.190581417711142],[76.46114093260218,10.190581417711142],[76.46114093260218,10.191389901466849],[76.45709851382364,10.191389901466849],[76.45709851382364,10.190581417711142]]],[[[76.45709851382364,10.217261381649491],[76.45790699757934,10.217261381649491],[76.45790699757934,10.218069865405198],[76.45709851382364,10.218069865405198],[76.45709851382364,10.217261381649491]]],[[[76.45790699757934,10.171177807574159],[76.45871548133505,10.171177807574159],[76.45871548133505,10.171986291329867],[76.45790699757934,10.171986291329867],[76.45790699757934,10.171177807574159]]],[[[76.45790699757934,10.215644414138076],[76.45871548133505,10.215644414138076],[76.45871548133505,10.217261381649491],[76.45790699757934,10.217261381649491],[76.45790699757934,10.215644414138076]]],[[[76.45871548133505,10.119434847208876],[76.45952396509077,10.119434847208876],[76.45952396509077,10.120243330964582],[76.45871548133505,10.120243330964582],[76.45871548133505,10.119434847208876]]],[[[76.45871548133505,10.170369323818452],[76.46033244884647,10.170369323818452],[76.46033244884647,10.171177807574159],[76.45871548133505,10.171177807574159],[76.45871548133505,10.170369323818452]]],[[[76.46033244884647,10.214835930382367],[76.46033244884647,10.216452897893783],[76.45952396509077,10.216452897893783],[76.45952396509077,10.215644414138076],[76.45871548133505,10.215644414138076],[76.45871548133505,10.214835930382367],[76.46033244884647,10.214835930382367]]],[[[76.45952396509077,10.120243330964582],[76.46114093260218,10.120243330964582],[76.46114093260218,10.12105181472029],[76.45952396509077,10.12105181472029],[76.45952396509077,10.120243330964582]]],[[[76.45952396509077,10.206751092825293],[76.46033244884647,10.206751092825293],[76.46033244884647,10.207559576581],[76.45952396509077,10.207559576581],[76.45952396509077,10.206751092825293]]],[[[76.46033244884647,10.171177807574159],[76.46114093260218,10.171177807574159],[76.46114093260218,10.171986291329867],[76.46033244884647,10.171986291329867],[76.46033244884647,10.171177807574159]]],[[[76.46275790011359,10.20432564155817],[76.46356638386929,10.20432564155817],[76.46356638386929,10.206751092825293],[76.46033244884647,10.206751092825293],[76.46033244884647,10.205942609069584],[76.46275790011359,10.205942609069584],[76.46275790011359,10.20432564155817]]],[[[76.46033244884647,10.207559576581],[76.46114093260218,10.207559576581],[76.46114093260218,10.213218962870954],[76.46033244884647,10.213218962870954],[76.46033244884647,10.207559576581]]],[[[76.46033244884647,10.21402744662666],[76.46114093260218,10.21402744662666],[76.46114093260218,10.214835930382367],[76.46033244884647,10.214835930382367],[76.46033244884647,10.21402744662666]]],[[[76.46114093260218,10.118626363453167],[76.46194941635788,10.118626363453167],[76.46194941635788,10.120243330964582],[76.46114093260218,10.120243330964582],[76.46114093260218,10.118626363453167]]],[[[76.46114093260218,10.12105181472029],[76.46275790011359,10.12105181472029],[76.46275790011359,10.121860298475998],[76.46114093260218,10.121860298475998],[76.46114093260218,10.12105181472029]]],[[[76.46114093260218,10.171986291329867],[76.46194941635788,10.171986291329867],[76.46194941635788,10.172794775085574],[76.46114093260218,10.172794775085574],[76.46114093260218,10.171986291329867]]],[[[76.46114093260218,10.189772933955433],[76.46194941635788,10.189772933955433],[76.46194941635788,10.190581417711142],[76.46114093260218,10.190581417711142],[76.46114093260218,10.189772933955433]]],[[[76.46114093260218,10.213218962870954],[76.46194941635788,10.213218962870954],[76.46194941635788,10.21402744662666],[76.46114093260218,10.21402744662666],[76.46114093260218,10.213218962870954]]],[[[76.46194941635788,10.11781787969746],[76.46356638386929,10.11781787969746],[76.46356638386929,10.118626363453167],[76.46194941635788,10.118626363453167],[76.46194941635788,10.11781787969746]]],[[[76.46194941635788,10.172794775085574],[76.46275790011359,10.172794775085574],[76.46275790011359,10.17441174259699],[76.46194941635788,10.17441174259699],[76.46194941635788,10.172794775085574]]],[[[76.46194941635788,10.190581417711142],[76.46275790011359,10.190581417711142],[76.46275790011359,10.191389901466849],[76.46194941635788,10.191389901466849],[76.46194941635788,10.190581417711142]]],[[[76.46194941635788,10.19462383648968],[76.46275790011359,10.19462383648968],[76.46275790011359,10.200283222779632],[76.46194941635788,10.200283222779632],[76.46194941635788,10.19462383648968]]],[[[76.46194941635788,10.20109170653534],[76.46275790011359,10.20109170653534],[76.46275790011359,10.20432564155817],[76.46194941635788,10.20432564155817],[76.46194941635788,10.20109170653534]]],[[[76.46275790011359,10.121860298475998],[76.46437486762501,10.121860298475998],[76.46437486762501,10.122668782231706],[76.46275790011359,10.122668782231706],[76.46275790011359,10.121860298475998]]],[[[76.46275790011359,10.17441174259699],[76.46356638386929,10.17441174259699],[76.46356638386929,10.176028710108405],[76.46275790011359,10.176028710108405],[76.46275790011359,10.17441174259699]]],[[[76.46275790011359,10.191389901466849],[76.46356638386929,10.191389901466849],[76.46356638386929,10.19462383648968],[76.46275790011359,10.19462383648968],[76.46275790011359,10.191389901466849]]],[[[76.46275790011359,10.200283222779632],[76.46356638386929,10.200283222779632],[76.46356638386929,10.20109170653534],[76.46275790011359,10.20109170653534],[76.46275790011359,10.200283222779632]]],[[[76.46356638386929,10.116200912186045],[76.46437486762501,10.116200912186045],[76.46437486762501,10.11781787969746],[76.46356638386929,10.11781787969746],[76.46356638386929,10.116200912186045]]],[[[76.46356638386929,10.176028710108405],[76.46437486762501,10.176028710108405],[76.46437486762501,10.176837193864113],[76.46356638386929,10.176837193864113],[76.46356638386929,10.176028710108405]]],[[[76.46437486762501,10.11458394467463],[76.46518335138072,10.11458394467463],[76.46518335138072,10.116200912186045],[76.46437486762501,10.116200912186045],[76.46437486762501,10.11458394467463]]],[[[76.46437486762501,10.122668782231706],[76.46599183513642,10.122668782231706],[76.46599183513642,10.123477265987413],[76.46437486762501,10.123477265987413],[76.46437486762501,10.122668782231706]]],[[[76.46437486762501,10.176837193864113],[76.46518335138072,10.176837193864113],[76.46518335138072,10.17764567761982],[76.46437486762501,10.17764567761982],[76.46437486762501,10.176837193864113]]],[[[76.46680031889213,10.112966977163214],[76.46680031889213,10.11458394467463],[76.46518335138072,10.11458394467463],[76.46518335138072,10.113775460918921],[76.46599183513642,10.113775460918921],[76.46599183513642,10.112966977163214],[76.46680031889213,10.112966977163214]]],[[[76.46518335138072,10.17764567761982],[76.46599183513642,10.17764567761982],[76.46599183513642,10.178454161375528],[76.46518335138072,10.178454161375528],[76.46518335138072,10.17764567761982]]],[[[76.46599183513642,10.178454161375528],[76.46680031889213,10.178454161375528],[76.46680031889213,10.179262645131235],[76.46599183513642,10.179262645131235],[76.46599183513642,10.178454161375528]]],[[[76.46680031889213,10.112158493407508],[76.46760880264783,10.112158493407508],[76.46760880264783,10.112966977163214],[76.46680031889213,10.112966977163214],[76.46680031889213,10.112158493407508]]],[[[76.46680031889213,10.179262645131235],[76.46760880264783,10.179262645131235],[76.46760880264783,10.180071128886944],[76.46680031889213,10.180071128886944],[76.46680031889213,10.179262645131235]]],[[[76.46760880264783,10.1113500096518],[76.46922577015926,10.1113500096518],[76.46922577015926,10.112158493407508],[76.46760880264783,10.112158493407508],[76.46760880264783,10.1113500096518]]],[[[76.46760880264783,10.180071128886944],[76.46922577015926,10.180071128886944],[76.46922577015926,10.18087961264265],[76.46760880264783,10.18087961264265],[76.46760880264783,10.180071128886944]]],[[[76.46922577015926,10.110541525896092],[76.47245970518208,10.110541525896092],[76.47245970518208,10.1113500096518],[76.46922577015926,10.1113500096518],[76.46922577015926,10.110541525896092]]],[[[76.46922577015926,10.18087961264265],[76.47165122142637,10.18087961264265],[76.47165122142637,10.181688096398357],[76.46922577015926,10.181688096398357],[76.46922577015926,10.18087961264265]]],[[[76.47165122142637,10.181688096398357],[76.4748851564492,10.181688096398357],[76.4748851564492,10.183305063909772],[76.47165122142637,10.183305063909772],[76.47165122142637,10.181688096398357]]],[[[76.47245970518208,10.109733042140384],[76.4740766726935,10.109733042140384],[76.4740766726935,10.110541525896092],[76.47245970518208,10.110541525896092],[76.47245970518208,10.109733042140384]]],[[[76.4740766726935,10.108924558384677],[76.4748851564492,10.108924558384677],[76.4748851564492,10.109733042140384],[76.4740766726935,10.109733042140384],[76.4740766726935,10.108924558384677]]],[[[76.4748851564492,10.108116074628969],[76.47569364020491,10.108116074628969],[76.47569364020491,10.108924558384677],[76.4748851564492,10.108924558384677],[76.4748851564492,10.108116074628969]]],[[[76.4748851564492,10.183305063909772],[76.48862938029623,10.183305063909772],[76.48862938029623,10.181688096398357],[76.48943786405194,10.181688096398357],[76.48943786405194,10.184113547665481],[76.4748851564492,10.184113547665481],[76.4748851564492,10.183305063909772]]],[[[76.47569364020491,10.108924558384677],[76.47650212396061,10.108924558384677],[76.47650212396061,10.109733042140384],[76.47569364020491,10.109733042140384],[76.47569364020491,10.108924558384677]]],[[[76.47811909147204,10.107307590873262],[76.47811909147204,10.108924558384677],[76.47650212396061,10.108924558384677],[76.47650212396061,10.108116074628969],[76.47731060771633,10.108116074628969],[76.47731060771633,10.107307590873262],[76.47811909147204,10.107307590873262]]],[[[76.47811909147204,10.106499107117553],[76.47892757522774,10.106499107117553],[76.47892757522774,10.107307590873262],[76.47811909147204,10.107307590873262],[76.47811909147204,10.106499107117553]]],[[[76.48054454273915,10.105690623361847],[76.48054454273915,10.106499107117553],[76.47892757522774,10.106499107117553],[76.47892757522774,10.104882139606138],[76.47973605898345,10.104882139606138],[76.47973605898345,10.105690623361847],[76.48054454273915,10.105690623361847]]],[[[76.48296999400628,10.102456688339016],[76.48296999400628,10.103265172094723],[76.48135302649486,10.103265172094723],[76.48135302649486,10.104073655850431],[76.48054454273915,10.104073655850431],[76.48054454273915,10.102456688339016],[76.48296999400628,10.102456688339016]]],[[[76.48054454273915,10.104882139606138],[76.48135302649486,10.104882139606138],[76.48135302649486,10.105690623361847],[76.48054454273915,10.105690623361847],[76.48054454273915,10.104882139606138]]],[[[76.48135302649486,10.104073655850431],[76.48216151025058,10.104073655850431],[76.48216151025058,10.104882139606138],[76.48135302649486,10.104882139606138],[76.48135302649486,10.104073655850431]]],[[[76.48296999400628,10.099222753316186],[76.48377847776199,10.099222753316186],[76.48377847776199,10.102456688339016],[76.48296999400628,10.102456688339016],[76.48296999400628,10.099222753316186]]],[[[76.4853954452734,10.096797302049064],[76.4853954452734,10.09760578580477],[76.48458696151769,10.09760578580477],[76.48458696151769,10.099222753316186],[76.48377847776199,10.099222753316186],[76.48377847776199,10.096797302049064],[76.4853954452734,10.096797302049064]]],[[[76.48701241278482,10.095180334537648],[76.48701241278482,10.096797302049064],[76.4853954452734,10.096797302049064],[76.4853954452734,10.095988818293355],[76.48620392902912,10.095988818293355],[76.48620392902912,10.095180334537648],[76.48701241278482,10.095180334537648]]],[[[76.48701241278482,10.09437185078194],[76.48782089654053,10.09437185078194],[76.48782089654053,10.095180334537648],[76.48701241278482,10.095180334537648],[76.48701241278482,10.09437185078194]]],[[[76.48782089654053,10.093563367026233],[76.48862938029623,10.093563367026233],[76.48862938029623,10.09437185078194],[76.48782089654053,10.09437185078194],[76.48782089654053,10.093563367026233]]],[[[76.48943786405194,10.18087961264265],[76.49024634780764,10.18087961264265],[76.49024634780764,10.181688096398357],[76.48943786405194,10.181688096398357],[76.48943786405194,10.18087961264265]]],[[[76.48943786405194,10.184113547665481],[76.49671421785331,10.184113547665481],[76.49671421785331,10.184922031421188],[76.48943786405194,10.184922031421188],[76.48943786405194,10.184113547665481]]],[[[76.49024634780764,10.17764567761982],[76.49105483156336,10.17764567761982],[76.49105483156336,10.178454161375528],[76.49024634780764,10.178454161375528],[76.49024634780764,10.17764567761982]]],[[[76.49024634780764,10.180071128886944],[76.49105483156336,10.180071128886944],[76.49105483156336,10.18087961264265],[76.49024634780764,10.18087961264265],[76.49024634780764,10.180071128886944]]],[[[76.49105483156336,10.17441174259699],[76.49186331531907,10.17441174259699],[76.49186331531907,10.17764567761982],[76.49105483156336,10.17764567761982],[76.49105483156336,10.17441174259699]]],[[[76.49105483156336,10.178454161375528],[76.49186331531907,10.178454161375528],[76.49186331531907,10.180071128886944],[76.49105483156336,10.180071128886944],[76.49105483156336,10.178454161375528]]],[[[76.49186331531907,10.172794775085574],[76.49267179907477,10.172794775085574],[76.49267179907477,10.17441174259699],[76.49186331531907,10.17441174259699],[76.49186331531907,10.172794775085574]]],[[[76.49267179907477,10.16794387255133],[76.49348028283048,10.16794387255133],[76.49348028283048,10.168752356307037],[76.49267179907477,10.168752356307037],[76.49267179907477,10.16794387255133]]],[[[76.49267179907477,10.171986291329867],[76.49348028283048,10.171986291329867],[76.49348028283048,10.172794775085574],[76.49267179907477,10.172794775085574],[76.49267179907477,10.171986291329867]]],[[[76.49348028283048,10.167135388795622],[76.49428876658618,10.167135388795622],[76.49428876658618,10.16794387255133],[76.49348028283048,10.16794387255133],[76.49348028283048,10.167135388795622]]],[[[76.49348028283048,10.168752356307037],[76.49428876658618,10.168752356307037],[76.49428876658618,10.171986291329867],[76.49348028283048,10.171986291329867],[76.49348028283048,10.168752356307037]]],[[[76.4959057340976,10.163901453772791],[76.4959057340976,10.167135388795622],[76.49428876658618,10.167135388795622],[76.49428876658618,10.166326905039915],[76.4950972503419,10.166326905039915],[76.4950972503419,10.163901453772791],[76.4959057340976,10.163901453772791]]],[[[76.4950972503419,10.158242067482838],[76.4959057340976,10.158242067482838],[76.4959057340976,10.159050551238545],[76.4950972503419,10.159050551238545],[76.4950972503419,10.158242067482838]]],[[[76.4950972503419,10.159859034994254],[76.4959057340976,10.159859034994254],[76.4959057340976,10.16066751874996],[76.4950972503419,10.16066751874996],[76.4950972503419,10.159859034994254]]],[[[76.4959057340976,10.157433583727132],[76.49671421785331,10.157433583727132],[76.49671421785331,10.158242067482838],[76.4959057340976,10.158242067482838],[76.4959057340976,10.157433583727132]]],[[[76.4959057340976,10.159050551238545],[76.49671421785331,10.159050551238545],[76.49671421785331,10.159859034994254],[76.4959057340976,10.159859034994254],[76.4959057340976,10.159050551238545]]],[[[76.4959057340976,10.16066751874996],[76.49752270160901,10.16066751874996],[76.49752270160901,10.161476002505669],[76.49671421785331,10.161476002505669],[76.49671421785331,10.163901453772791],[76.4959057340976,10.163901453772791],[76.4959057340976,10.16066751874996]]],[[[76.50075663663185,10.155816616215716],[76.50075663663185,10.156625099971423],[76.49913966912042,10.156625099971423],[76.49913966912042,10.155816616215716],[76.49752270160901,10.155816616215716],[76.49752270160901,10.157433583727132],[76.49671421785331,10.157433583727132],[76.49671421785331,10.153391164948593],[76.49752270160901,10.153391164948593],[76.49752270160901,10.154199648704301],[76.49994815287614,10.154199648704301],[76.49994815287614,10.155816616215716],[76.50075663663185,10.155816616215716]]],[[[76.49671421785331,10.183305063909772],[76.49913966912042,10.183305063909772],[76.49913966912042,10.184113547665481],[76.49671421785331,10.184113547665481],[76.49671421785331,10.183305063909772]]],[[[76.49913966912042,10.181688096398357],[76.50075663663185,10.181688096398357],[76.50075663663185,10.183305063909772],[76.49913966912042,10.183305063909772],[76.49913966912042,10.181688096398357]]],[[[76.50075663663185,10.154199648704301],[76.50237360414326,10.154199648704301],[76.50237360414326,10.155816616215716],[76.50075663663185,10.155816616215716],[76.50075663663185,10.154199648704301]]],[[[76.50075663663185,10.18087961264265],[76.50399057165468,10.18087961264265],[76.50399057165468,10.181688096398357],[76.50075663663185,10.181688096398357],[76.50075663663185,10.18087961264265]]],[[[76.50237360414326,10.153391164948593],[76.50399057165468,10.153391164948593],[76.50399057165468,10.154199648704301],[76.50237360414326,10.154199648704301],[76.50237360414326,10.153391164948593]]],[[[76.50479905541039,10.151774197437177],[76.50479905541039,10.153391164948593],[76.50399057165468,10.153391164948593],[76.50399057165468,10.152582681192886],[76.50318208789896,10.152582681192886],[76.50318208789896,10.151774197437177],[76.50479905541039,10.151774197437177]]],[[[76.50399057165468,10.181688096398357],[76.5064160229218,10.181688096398357],[76.5064160229218,10.183305063909772],[76.50399057165468,10.183305063909772],[76.50399057165468,10.181688096398357]]],[[[76.50479905541039,10.14773177865864],[76.50560753916609,10.14773177865864],[76.50560753916609,10.151774197437177],[76.50479905541039,10.151774197437177],[76.50479905541039,10.14773177865864]]],[[[76.50560753916609,10.146923294902933],[76.5064160229218,10.146923294902933],[76.5064160229218,10.14773177865864],[76.50560753916609,10.14773177865864],[76.50560753916609,10.146923294902933]]],[[[76.5064160229218,10.145306327391518],[76.5072245066775,10.145306327391518],[76.5072245066775,10.146923294902933],[76.5064160229218,10.146923294902933],[76.5064160229218,10.145306327391518]]],[[[76.5064160229218,10.183305063909772],[76.50803299043322,10.183305063909772],[76.50803299043322,10.184113547665481],[76.5064160229218,10.184113547665481],[76.5064160229218,10.183305063909772]]],[[[76.5072245066775,10.142880876124394],[76.50803299043322,10.142880876124394],[76.50803299043322,10.145306327391518],[76.5072245066775,10.145306327391518],[76.5072245066775,10.142880876124394]]],[[[76.50803299043322,10.140455424857272],[76.50884147418893,10.140455424857272],[76.50884147418893,10.142880876124394],[76.50803299043322,10.142880876124394],[76.50803299043322,10.140455424857272]]],[[[76.50803299043322,10.184113547665481],[76.50964995794463,10.184113547665481],[76.50964995794463,10.184922031421188],[76.50803299043322,10.184922031421188],[76.50803299043322,10.184113547665481]]],[[[76.50884147418893,10.139646941101564],[76.51045844170034,10.139646941101564],[76.51045844170034,10.140455424857272],[76.50884147418893,10.140455424857272],[76.50884147418893,10.139646941101564]]],[[[76.50964995794463,10.184922031421188],[76.51045844170034,10.184922031421188],[76.51045844170034,10.185730515176896],[76.50964995794463,10.185730515176896],[76.50964995794463,10.184922031421188]]],[[[76.51045844170034,10.138838457345857],[76.51126692545604,10.138838457345857],[76.51126692545604,10.139646941101564],[76.51045844170034,10.139646941101564],[76.51045844170034,10.138838457345857]]],[[[76.51045844170034,10.185730515176896],[76.51126692545604,10.185730515176896],[76.51126692545604,10.188155966444018],[76.51045844170034,10.188155966444018],[76.51045844170034,10.185730515176896]]],[[[76.51126692545604,10.139646941101564],[76.51207540921175,10.139646941101564],[76.51207540921175,10.140455424857272],[76.51126692545604,10.140455424857272],[76.51126692545604,10.139646941101564]]],[[[76.51126692545604,10.188155966444018],[76.51207540921175,10.188155966444018],[76.51207540921175,10.188964450199727],[76.51126692545604,10.188964450199727],[76.51126692545604,10.188155966444018]]],[[[76.51207540921175,10.140455424857272],[76.51450086047888,10.140455424857272],[76.51450086047888,10.141263908612979],[76.51369237672317,10.141263908612979],[76.51369237672317,10.142072392368688],[76.51288389296747,10.142072392368688],[76.51288389296747,10.141263908612979],[76.51207540921175,10.141263908612979],[76.51207540921175,10.140455424857272]]],[[[76.51207540921175,10.188964450199727],[76.51288389296747,10.188964450199727],[76.51288389296747,10.190581417711142],[76.51207540921175,10.190581417711142],[76.51207540921175,10.188964450199727]]],[[[76.51288389296747,10.190581417711142],[76.51369237672317,10.190581417711142],[76.51369237672317,10.192198385222556],[76.51288389296747,10.192198385222556],[76.51288389296747,10.190581417711142]]],[[[76.51369237672317,10.192198385222556],[76.51530934423458,10.192198385222556],[76.51530934423458,10.193006868978264],[76.51369237672317,10.193006868978264],[76.51369237672317,10.192198385222556]]],[[[76.51935176301312,10.139646941101564],[76.51935176301312,10.140455424857272],[76.51450086047888,10.140455424857272],[76.51450086047888,10.139646941101564],[76.51773479550171,10.139646941101564],[76.51773479550171,10.138838457345857],[76.51854327925741,10.138838457345857],[76.51854327925741,10.139646941101564],[76.51935176301312,10.139646941101564]]],[[[76.51530934423458,10.193006868978264],[76.51773479550171,10.193006868978264],[76.51773479550171,10.19381535273397],[76.51530934423458,10.19381535273397],[76.51530934423458,10.193006868978264]]],[[[76.51773479550171,10.19381535273397],[76.52096873052453,10.19381535273397],[76.52096873052453,10.19462383648968],[76.51773479550171,10.19462383648968],[76.51773479550171,10.19381535273397]]],[[[76.52096873052453,10.139646941101564],[76.51935176301312,10.139646941101564],[76.51935176301312,10.138838457345857],[76.52016024676882,10.138838457345857],[76.52016024676882,10.138029973590148],[76.52096873052453,10.138029973590148],[76.52096873052453,10.139646941101564]]],[[[76.52096873052453,10.139646941101564],[76.52177721428025,10.139646941101564],[76.52177721428025,10.140455424857272],[76.52096873052453,10.140455424857272],[76.52096873052453,10.139646941101564]]],[[[76.52096873052453,10.19462383648968],[76.52177721428025,10.19462383648968],[76.52177721428025,10.195432320245386],[76.52096873052453,10.195432320245386],[76.52096873052453,10.19462383648968]]],[[[76.52177721428025,10.19381535273397],[76.52339418179166,10.19381535273397],[76.52339418179166,10.19462383648968],[76.52177721428025,10.19462383648968],[76.52177721428025,10.19381535273397]]],[[[76.52339418179166,10.19462383648968],[76.52662811681449,10.19462383648968],[76.52662811681449,10.195432320245386],[76.52339418179166,10.195432320245386],[76.52339418179166,10.19462383648968]]],[[[76.52662811681449,10.195432320245386],[76.53390447061585,10.195432320245386],[76.53390447061585,10.196240804001095],[76.52662811681449,10.196240804001095],[76.52662811681449,10.195432320245386]]],[[[76.53390447061585,10.19462383648968],[76.53471295437157,10.19462383648968],[76.53471295437157,10.195432320245386],[76.53390447061585,10.195432320245386],[76.53390447061585,10.19462383648968]]],[[[76.53471295437157,10.195432320245386],[76.53552143812728,10.195432320245386],[76.53552143812728,10.196240804001095],[76.53471295437157,10.196240804001095],[76.53471295437157,10.195432320245386]]],[[[76.53552143812728,10.19462383648968],[76.54522324319576,10.19462383648968],[76.54522324319576,10.195432320245386],[76.53552143812728,10.195432320245386],[76.53552143812728,10.19462383648968]]],[[[76.54522324319576,10.19381535273397],[76.5492656619743,10.19381535273397],[76.5492656619743,10.19462383648968],[76.54522324319576,10.19462383648968],[76.54522324319576,10.19381535273397]]],[[[76.5492656619743,10.193006868978264],[76.55007414573001,10.193006868978264],[76.55007414573001,10.19381535273397],[76.5492656619743,10.19381535273397],[76.5492656619743,10.193006868978264]]],[[[76.55007414573001,10.19381535273397],[76.55088262948571,10.19381535273397],[76.55088262948571,10.19462383648968],[76.55007414573001,10.19462383648968],[76.55007414573001,10.19381535273397]]],[[[76.55088262948571,10.19462383648968],[76.55573353201996,10.19462383648968],[76.55573353201996,10.195432320245386],[76.55088262948571,10.195432320245386],[76.55088262948571,10.19462383648968]]],[[[76.55573353201996,10.195432320245386],[76.55896746704279,10.195432320245386],[76.55896746704279,10.196240804001095],[76.55573353201996,10.196240804001095],[76.55573353201996,10.195432320245386]]],[[[76.55815898328709,10.239898926809303],[76.55815898328709,10.243132861832134],[76.55735049953138,10.243132861832134],[76.55735049953138,10.24070741056501],[76.55654201577566,10.24070741056501],[76.55654201577566,10.239898926809303],[76.55815898328709,10.239898926809303]]],[[[76.55654201577566,10.243132861832134],[76.55735049953138,10.243132861832134],[76.55735049953138,10.24394134558784],[76.55654201577566,10.24394134558784],[76.55654201577566,10.243132861832134]]],[[[76.55815898328709,10.239090443053595],[76.55896746704279,10.239090443053595],[76.55896746704279,10.239898926809303],[76.55815898328709,10.239898926809303],[76.55815898328709,10.239090443053595]]],[[[76.55896746704279,10.19462383648968],[76.56139291830992,10.19462383648968],[76.56139291830992,10.195432320245386],[76.55896746704279,10.195432320245386],[76.55896746704279,10.19462383648968]]],[[[76.55896746704279,10.238281959297888],[76.5597759507985,10.238281959297888],[76.5597759507985,10.239090443053595],[76.55896746704279,10.239090443053595],[76.55896746704279,10.238281959297888]]],[[[76.5597759507985,10.219686832916613],[76.5605844345542,10.219686832916613],[76.5605844345542,10.221303800428029],[76.5597759507985,10.221303800428029],[76.5597759507985,10.219686832916613]]],[[[76.5597759507985,10.222920767939444],[76.5605844345542,10.222920767939444],[76.5605844345542,10.223729251695152],[76.5597759507985,10.223729251695152],[76.5597759507985,10.222920767939444]]],[[[76.56300988582133,10.235048024275057],[76.56300988582133,10.23747347554218],[76.56139291830992,10.23747347554218],[76.56139291830992,10.238281959297888],[76.5597759507985,10.238281959297888],[76.5597759507985,10.23747347554218],[76.5605844345542,10.23747347554218],[76.5605844345542,10.235856508030764],[76.56220140206563,10.235856508030764],[76.56220140206563,10.235048024275057],[76.56300988582133,10.235048024275057]]],[[[76.5605844345542,10.199474739023925],[76.56139291830992,10.199474739023925],[76.56139291830992,10.20109170653534],[76.5605844345542,10.20109170653534],[76.5605844345542,10.199474739023925]]],[[[76.5605844345542,10.205942609069584],[76.56139291830992,10.205942609069584],[76.56139291830992,10.206751092825293],[76.5605844345542,10.206751092825293],[76.5605844345542,10.205942609069584]]],[[[76.56139291830992,10.206751092825293],[76.56220140206563,10.206751092825293],[76.56220140206563,10.211601995359539],[76.56139291830992,10.211601995359539],[76.56139291830992,10.209985027848123],[76.5605844345542,10.209985027848123],[76.5605844345542,10.208368060336708],[76.56139291830992,10.208368060336708],[76.56139291830992,10.206751092825293]]],[[[76.5605844345542,10.211601995359539],[76.56139291830992,10.211601995359539],[76.56139291830992,10.212410479115245],[76.5605844345542,10.212410479115245],[76.5605844345542,10.211601995359539]]],[[[76.5605844345542,10.213218962870954],[76.56139291830992,10.213218962870954],[76.56139291830992,10.219686832916613],[76.5605844345542,10.219686832916613],[76.5605844345542,10.213218962870954]]],[[[76.5605844345542,10.221303800428029],[76.56139291830992,10.221303800428029],[76.56139291830992,10.222920767939444],[76.5605844345542,10.222920767939444],[76.5605844345542,10.221303800428029]]],[[[76.5605844345542,10.223729251695152],[76.56139291830992,10.223729251695152],[76.56139291830992,10.224537735450859],[76.5605844345542,10.224537735450859],[76.5605844345542,10.223729251695152]]],[[[76.56139291830992,10.193006868978264],[76.56220140206563,10.193006868978264],[76.56220140206563,10.19462383648968],[76.56139291830992,10.19462383648968],[76.56139291830992,10.193006868978264]]],[[[76.56139291830992,10.195432320245386],[76.56220140206563,10.195432320245386],[76.56220140206563,10.196240804001095],[76.56139291830992,10.196240804001095],[76.56139291830992,10.195432320245386]]],[[[76.56139291830992,10.19785777151251],[76.56220140206563,10.19785777151251],[76.56220140206563,10.199474739023925],[76.56139291830992,10.199474739023925],[76.56139291830992,10.19785777151251]]],[[[76.56139291830992,10.20109170653534],[76.56220140206563,10.20109170653534],[76.56220140206563,10.205942609069584],[76.56139291830992,10.205942609069584],[76.56139291830992,10.20109170653534]]],[[[76.56139291830992,10.212410479115245],[76.56220140206563,10.212410479115245],[76.56220140206563,10.213218962870954],[76.56139291830992,10.213218962870954],[76.56139291830992,10.212410479115245]]],[[[76.56139291830992,10.224537735450859],[76.56381836957704,10.224537735450859],[76.56381836957704,10.225346219206566],[76.56139291830992,10.225346219206566],[76.56139291830992,10.224537735450859]]],[[[76.56381836957704,10.190581417711142],[76.56381836957704,10.192198385222556],[76.56300988582133,10.192198385222556],[76.56300988582133,10.193006868978264],[76.56220140206563,10.193006868978264],[76.56220140206563,10.191389901466849],[76.56300988582133,10.191389901466849],[76.56300988582133,10.190581417711142],[76.56381836957704,10.190581417711142]]],[[[76.56220140206563,10.196240804001095],[76.56300988582133,10.196240804001095],[76.56300988582133,10.19785777151251],[76.56220140206563,10.19785777151251],[76.56220140206563,10.196240804001095]]],[[[76.56220140206563,10.233431056763642],[76.56300988582133,10.233431056763642],[76.56300988582133,10.23423954051935],[76.56220140206563,10.23423954051935],[76.56220140206563,10.233431056763642]]],[[[76.56300988582133,10.231814089252227],[76.56381836957704,10.231814089252227],[76.56381836957704,10.233431056763642],[76.56300988582133,10.233431056763642],[76.56300988582133,10.231814089252227]]],[[[76.56300988582133,10.23423954051935],[76.56381836957704,10.23423954051935],[76.56381836957704,10.235048024275057],[76.56300988582133,10.235048024275057],[76.56300988582133,10.23423954051935]]],[[[76.56381836957704,10.189772933955433],[76.56462685333274,10.189772933955433],[76.56462685333274,10.190581417711142],[76.56381836957704,10.190581417711142],[76.56381836957704,10.189772933955433]]],[[[76.56381836957704,10.223729251695152],[76.56624382084416,10.223729251695152],[76.56624382084416,10.224537735450859],[76.56381836957704,10.224537735450859],[76.56381836957704,10.223729251695152]]],[[[76.56381836957704,10.230197121740812],[76.56462685333274,10.230197121740812],[76.56462685333274,10.231814089252227],[76.56381836957704,10.231814089252227],[76.56381836957704,10.230197121740812]]],[[[76.56462685333274,10.188155966444018],[76.56543533708845,10.188155966444018],[76.56543533708845,10.189772933955433],[76.56462685333274,10.189772933955433],[76.56462685333274,10.188155966444018]]],[[[76.56462685333274,10.226154702962274],[76.56543533708845,10.226154702962274],[76.56543533708845,10.226963186717981],[76.56462685333274,10.226963186717981],[76.56462685333274,10.226154702962274]]],[[[76.56462685333274,10.229388637985105],[76.56543533708845,10.229388637985105],[76.56543533708845,10.230197121740812],[76.56462685333274,10.230197121740812],[76.56462685333274,10.229388637985105]]],[[[76.56543533708845,10.186538998932603],[76.56624382084416,10.186538998932603],[76.56624382084416,10.188155966444018],[76.56543533708845,10.188155966444018],[76.56543533708845,10.186538998932603]]],[[[76.56543533708845,10.225346219206566],[76.56624382084416,10.225346219206566],[76.56624382084416,10.226154702962274],[76.56543533708845,10.226154702962274],[76.56543533708845,10.225346219206566]]],[[[76.56543533708845,10.226963186717981],[76.56624382084416,10.226963186717981],[76.56624382084416,10.229388637985105],[76.56543533708845,10.229388637985105],[76.56543533708845,10.226963186717981]]],[[[76.56624382084416,10.184113547665481],[76.56705230459987,10.184113547665481],[76.56705230459987,10.186538998932603],[76.56624382084416,10.186538998932603],[76.56624382084416,10.184113547665481]]],[[[76.56624382084416,10.224537735450859],[76.56705230459987,10.224537735450859],[76.56705230459987,10.225346219206566],[76.56624382084416,10.225346219206566],[76.56624382084416,10.224537735450859]]],[[[76.56705230459987,10.183305063909772],[76.56866927211128,10.183305063909772],[76.56866927211128,10.184113547665481],[76.56705230459987,10.184113547665481],[76.56705230459987,10.183305063909772]]],[[[76.57109472337841,10.18087961264265],[76.57109472337841,10.181688096398357],[76.57271169088982,10.181688096398357],[76.57271169088982,10.183305063909772],[76.56866927211128,10.183305063909772],[76.56866927211128,10.181688096398357],[76.5702862396227,10.181688096398357],[76.5702862396227,10.18087961264265],[76.57109472337841,10.18087961264265]]],[[[76.57190320713411,10.159859034994254],[76.57190320713411,10.16066751874996],[76.57109472337841,10.16066751874996],[76.57109472337841,10.161476002505669],[76.5702862396227,10.161476002505669],[76.5702862396227,10.159859034994254],[76.57190320713411,10.159859034994254]]],[[[76.5702862396227,10.179262645131235],[76.57109472337841,10.179262645131235],[76.57109472337841,10.180071128886944],[76.5702862396227,10.180071128886944],[76.5702862396227,10.179262645131235]]],[[[76.57109472337841,10.137221489834442],[76.57190320713411,10.137221489834442],[76.57190320713411,10.138838457345857],[76.57109472337841,10.138838457345857],[76.57109472337841,10.137221489834442]]],[[[76.57109472337841,10.141263908612979],[76.57190320713411,10.141263908612979],[76.57190320713411,10.142880876124394],[76.57109472337841,10.142880876124394],[76.57109472337841,10.141263908612979]]],[[[76.57109472337841,10.145306327391518],[76.57190320713411,10.145306327391518],[76.57190320713411,10.159050551238545],[76.57109472337841,10.159050551238545],[76.57109472337841,10.145306327391518]]],[[[76.57109472337841,10.161476002505669],[76.57190320713411,10.161476002505669],[76.57190320713411,10.162284486261376],[76.57109472337841,10.162284486261376],[76.57109472337841,10.161476002505669]]],[[[76.57190320713411,10.162284486261376],[76.57271169088982,10.162284486261376],[76.57271169088982,10.167135388795622],[76.57109472337841,10.167135388795622],[76.57109472337841,10.166326905039915],[76.57190320713411,10.166326905039915],[76.57190320713411,10.162284486261376]]],[[[76.57109472337841,10.171177807574159],[76.57190320713411,10.171177807574159],[76.57190320713411,10.171986291329867],[76.57109472337841,10.171986291329867],[76.57109472337841,10.171177807574159]]],[[[76.57109472337841,10.173603258841283],[76.57190320713411,10.173603258841283],[76.57190320713411,10.17441174259699],[76.57109472337841,10.17441174259699],[76.57109472337841,10.173603258841283]]],[[[76.57109472337841,10.175220226352698],[76.57190320713411,10.175220226352698],[76.57190320713411,10.179262645131235],[76.57109472337841,10.179262645131235],[76.57109472337841,10.175220226352698]]],[[[76.57109472337841,10.180071128886944],[76.57190320713411,10.180071128886944],[76.57190320713411,10.18087961264265],[76.57109472337841,10.18087961264265],[76.57109472337841,10.180071128886944]]],[[[76.57190320713411,10.136413006078733],[76.57271169088982,10.136413006078733],[76.57271169088982,10.137221489834442],[76.57190320713411,10.137221489834442],[76.57190320713411,10.136413006078733]]],[[[76.57190320713411,10.138838457345857],[76.57271169088982,10.138838457345857],[76.57271169088982,10.141263908612979],[76.57190320713411,10.141263908612979],[76.57190320713411,10.138838457345857]]],[[[76.57190320713411,10.142880876124394],[76.57271169088982,10.142880876124394],[76.57271169088982,10.145306327391518],[76.57190320713411,10.145306327391518],[76.57190320713411,10.142880876124394]]],[[[76.57190320713411,10.159050551238545],[76.57271169088982,10.159050551238545],[76.57271169088982,10.159859034994254],[76.57190320713411,10.159859034994254],[76.57190320713411,10.159050551238545]]],[[[76.57190320713411,10.170369323818452],[76.57271169088982,10.170369323818452],[76.57271169088982,10.171177807574159],[76.57190320713411,10.171177807574159],[76.57190320713411,10.170369323818452]]],[[[76.57190320713411,10.171986291329867],[76.57271169088982,10.171986291329867],[76.57271169088982,10.173603258841283],[76.57190320713411,10.173603258841283],[76.57190320713411,10.171986291329867]]],[[[76.57190320713411,10.17441174259699],[76.57271169088982,10.17441174259699],[76.57271169088982,10.175220226352698],[76.57190320713411,10.175220226352698],[76.57190320713411,10.17441174259699]]],[[[76.57271169088982,10.135604522323026],[76.57594562591265,10.135604522323026],[76.57594562591265,10.136413006078733],[76.57271169088982,10.136413006078733],[76.57271169088982,10.135604522323026]]],[[[76.57271169088982,10.167135388795622],[76.57352017464552,10.167135388795622],[76.57352017464552,10.168752356307037],[76.57271169088982,10.168752356307037],[76.57271169088982,10.167135388795622]]],[[[76.57271169088982,10.169560840062744],[76.57352017464552,10.169560840062744],[76.57352017464552,10.170369323818452],[76.57271169088982,10.170369323818452],[76.57271169088982,10.169560840062744]]],[[[76.57271169088982,10.183305063909772],[76.57352017464552,10.183305063909772],[76.57352017464552,10.184113547665481],[76.57271169088982,10.184113547665481],[76.57271169088982,10.183305063909772]]],[[[76.57352017464552,10.168752356307037],[76.57432865840124,10.168752356307037],[76.57432865840124,10.169560840062744],[76.57352017464552,10.169560840062744],[76.57352017464552,10.168752356307037]]],[[[76.57352017464552,10.181688096398357],[76.57432865840124,10.181688096398357],[76.57432865840124,10.183305063909772],[76.57352017464552,10.183305063909772],[76.57352017464552,10.181688096398357]]],[[[76.57432865840124,10.183305063909772],[76.57837107717977,10.183305063909772],[76.57837107717977,10.184113547665481],[76.57432865840124,10.184113547665481],[76.57432865840124,10.183305063909772]]],[[[76.57594562591265,10.132370587300196],[76.57594562591265,10.133987554811611],[76.57675410966836,10.133987554811611],[76.57675410966836,10.135604522323026],[76.57594562591265,10.135604522323026],[76.57594562591265,10.13479603856732],[76.57513714215695,10.13479603856732],[76.57513714215695,10.132370587300196],[76.57594562591265,10.132370587300196]]],[[[76.57837107717977,10.181688096398357],[76.5816050122026,10.181688096398357],[76.5816050122026,10.183305063909772],[76.57837107717977,10.183305063909772],[76.57837107717977,10.181688096398357]]],[[[76.5816050122026,10.18087961264265],[76.58403046346973,10.18087961264265],[76.58403046346973,10.181688096398357],[76.5816050122026,10.181688096398357],[76.5816050122026,10.18087961264265]]],[[[76.58403046346973,10.180071128886944],[76.58483894722544,10.180071128886944],[76.58483894722544,10.18087961264265],[76.58403046346973,10.18087961264265],[76.58403046346973,10.180071128886944]]],[[[76.58483894722544,10.179262645131235],[76.58645591473685,10.179262645131235],[76.58645591473685,10.180071128886944],[76.58483894722544,10.180071128886944],[76.58483894722544,10.179262645131235]]],[[[76.58645591473685,10.178454161375528],[76.58807288224827,10.178454161375528],[76.58807288224827,10.179262645131235],[76.58645591473685,10.179262645131235],[76.58645591473685,10.178454161375528]]],[[[76.58807288224827,10.17764567761982],[76.58888136600397,10.17764567761982],[76.58888136600397,10.178454161375528],[76.58807288224827,10.178454161375528],[76.58807288224827,10.17764567761982]]],[[[76.58888136600397,10.175220226352698],[76.58968984975968,10.175220226352698],[76.58968984975968,10.17764567761982],[76.58888136600397,10.17764567761982],[76.58888136600397,10.175220226352698]]],[[[76.58968984975968,10.17441174259699],[76.59130681727109,10.17441174259699],[76.59130681727109,10.175220226352698],[76.58968984975968,10.175220226352698],[76.58968984975968,10.17441174259699]]],[[[76.59130681727109,10.173603258841283],[76.59534923604963,10.173603258841283],[76.59534923604963,10.17441174259699],[76.59130681727109,10.17441174259699],[76.59130681727109,10.173603258841283]]],[[[76.59534923604963,10.172794775085574],[76.59777468731676,10.172794775085574],[76.59777468731676,10.173603258841283],[76.59534923604963,10.173603258841283],[76.59534923604963,10.172794775085574]]],[[[76.59777468731676,10.171986291329867],[76.59858317107246,10.171986291329867],[76.59858317107246,10.172794775085574],[76.59777468731676,10.172794775085574],[76.59777468731676,10.171986291329867]]],[[[76.59858317107246,10.172794775085574],[76.6018171060953,10.172794775085574],[76.6018171060953,10.17441174259699],[76.60100862233959,10.17441174259699],[76.60100862233959,10.173603258841283],[76.59858317107246,10.173603258841283],[76.59858317107246,10.172794775085574]]],[[[76.6018171060953,10.171986291329867],[76.602625589851,10.171986291329867],[76.602625589851,10.172794775085574],[76.6018171060953,10.172794775085574],[76.6018171060953,10.171986291329867]]],[[[76.602625589851,10.171177807574159],[76.6034340736067,10.171177807574159],[76.6034340736067,10.171986291329867],[76.602625589851,10.171986291329867],[76.602625589851,10.171177807574159]]],[[[76.6034340736067,10.170369323818452],[76.60828497614095,10.170369323818452],[76.60828497614095,10.171177807574159],[76.6034340736067,10.171177807574159],[76.6034340736067,10.170369323818452]]],[[[76.60828497614095,10.169560840062744],[76.61071042740808,10.169560840062744],[76.61071042740808,10.170369323818452],[76.60828497614095,10.170369323818452],[76.60828497614095,10.169560840062744]]],[[[76.61071042740808,10.168752356307037],[76.61151891116378,10.168752356307037],[76.61151891116378,10.169560840062744],[76.61071042740808,10.169560840062744],[76.61071042740808,10.168752356307037]]],[[[76.61151891116378,10.169560840062744],[76.61556132994232,10.169560840062744],[76.61556132994232,10.170369323818452],[76.61151891116378,10.170369323818452],[76.61151891116378,10.169560840062744]]],[[[76.61556132994232,10.170369323818452],[76.61717829745373,10.170369323818452],[76.61717829745373,10.171177807574159],[76.61556132994232,10.171177807574159],[76.61556132994232,10.170369323818452]]],[[[76.61717829745373,10.171177807574159],[76.61798678120944,10.171177807574159],[76.61798678120944,10.171986291329867],[76.61717829745373,10.171986291329867],[76.61717829745373,10.171177807574159]]],[[[76.61798678120944,10.171986291329867],[76.62041223247657,10.171986291329867],[76.62041223247657,10.172794775085574],[76.61798678120944,10.172794775085574],[76.61798678120944,10.171986291329867]]],[[[76.62041223247657,10.172794775085574],[76.62526313501081,10.172794775085574],[76.62526313501081,10.173603258841283],[76.62041223247657,10.173603258841283],[76.62041223247657,10.172794775085574]]],[[[76.62526313501081,10.171986291329867],[76.62607161876652,10.171986291329867],[76.62607161876652,10.172794775085574],[76.62526313501081,10.172794775085574],[76.62526313501081,10.171986291329867]]],[[[76.62607161876652,10.172794775085574],[76.62768858627794,10.172794775085574],[76.62768858627794,10.173603258841283],[76.62607161876652,10.173603258841283],[76.62607161876652,10.172794775085574]]],[[[76.62768858627794,10.171986291329867],[76.62849707003365,10.171986291329867],[76.62849707003365,10.172794775085574],[76.62768858627794,10.172794775085574],[76.62768858627794,10.171986291329867]]],[[[76.62849707003365,10.171177807574159],[76.62930555378935,10.171177807574159],[76.62930555378935,10.171986291329867],[76.62849707003365,10.171986291329867],[76.62849707003365,10.171177807574159]]],[[[76.62930555378935,10.170369323818452],[76.63011403754506,10.170369323818452],[76.63011403754506,10.171177807574159],[76.62930555378935,10.171177807574159],[76.62930555378935,10.170369323818452]]],[[[76.63011403754506,10.169560840062744],[76.63092252130076,10.169560840062744],[76.63092252130076,10.170369323818452],[76.63011403754506,10.170369323818452],[76.63011403754506,10.169560840062744]]],[[[76.63092252130076,10.168752356307037],[76.63173100505647,10.168752356307037],[76.63173100505647,10.169560840062744],[76.63092252130076,10.169560840062744],[76.63092252130076,10.168752356307037]]],[[[76.63173100505647,10.167135388795622],[76.63253948881218,10.167135388795622],[76.63253948881218,10.168752356307037],[76.63173100505647,10.168752356307037],[76.63173100505647,10.167135388795622]]],[[[76.63253948881218,10.166326905039915],[76.63334797256789,10.166326905039915],[76.63334797256789,10.167135388795622],[76.63253948881218,10.167135388795622],[76.63253948881218,10.166326905039915]]],[[[76.63334797256789,10.165518421284206],[76.6349649400793,10.165518421284206],[76.6349649400793,10.166326905039915],[76.63334797256789,10.166326905039915],[76.63334797256789,10.165518421284206]]],[[[76.63658190759072,10.163901453772791],[76.63658190759072,10.165518421284206],[76.6349649400793,10.165518421284206],[76.6349649400793,10.1647099375285],[76.635773423835,10.1647099375285],[76.635773423835,10.163901453772791],[76.63658190759072,10.163901453772791]]],[[[76.63658190759072,10.163092970017084],[76.63819887510213,10.163092970017084],[76.63819887510213,10.163901453772791],[76.63658190759072,10.163901453772791],[76.63658190759072,10.163092970017084]]],[[[76.63819887510213,10.162284486261376],[76.63900735885784,10.162284486261376],[76.63900735885784,10.163092970017084],[76.63819887510213,10.163092970017084],[76.63819887510213,10.162284486261376]]],[[[76.63900735885784,10.161476002505669],[76.64143281012497,10.161476002505669],[76.64143281012497,10.162284486261376],[76.63900735885784,10.162284486261376],[76.63900735885784,10.161476002505669]]],[[[76.64304977763638,10.159050551238545],[76.64304977763638,10.161476002505669],[76.64143281012497,10.161476002505669],[76.64143281012497,10.16066751874996],[76.64224129388067,10.16066751874996],[76.64224129388067,10.159050551238545],[76.64304977763638,10.159050551238545]]],[[[76.64304977763638,10.158242067482838],[76.64385826139208,10.158242067482838],[76.64385826139208,10.159050551238545],[76.64304977763638,10.159050551238545],[76.64304977763638,10.158242067482838]]],[[[76.64385826139208,10.159050551238545],[76.64466674514779,10.159050551238545],[76.64466674514779,10.159859034994254],[76.64385826139208,10.159859034994254],[76.64385826139208,10.159050551238545]]],[[[76.64466674514779,10.158242067482838],[76.6454752289035,10.158242067482838],[76.6454752289035,10.159050551238545],[76.64466674514779,10.159050551238545],[76.64466674514779,10.158242067482838]]],[[[76.64466674514779,10.159859034994254],[76.6454752289035,10.159859034994254],[76.6454752289035,10.16066751874996],[76.64466674514779,10.16066751874996],[76.64466674514779,10.159859034994254]]],[[[76.6454752289035,10.157433583727132],[76.64628371265921,10.157433583727132],[76.64628371265921,10.158242067482838],[76.6454752289035,10.158242067482838],[76.6454752289035,10.157433583727132]]],[[[76.6454752289035,10.16066751874996],[76.64628371265921,10.16066751874996],[76.64628371265921,10.159859034994254],[76.64709219641492,10.159859034994254],[76.64709219641492,10.161476002505669],[76.6454752289035,10.161476002505669],[76.6454752289035,10.16066751874996]]],[[[76.64628371265921,10.156625099971423],[76.64709219641492,10.156625099971423],[76.64709219641492,10.157433583727132],[76.64628371265921,10.157433583727132],[76.64628371265921,10.156625099971423]]],[[[76.64709219641492,10.154199648704301],[76.64790068017062,10.154199648704301],[76.64790068017062,10.156625099971423],[76.64709219641492,10.156625099971423],[76.64709219641492,10.154199648704301]]],[[[76.64709219641492,10.161476002505669],[76.64790068017062,10.161476002505669],[76.64790068017062,10.163092970017084],[76.64709219641492,10.163092970017084],[76.64709219641492,10.161476002505669]]],[[[76.64790068017062,10.153391164948593],[76.64870916392633,10.153391164948593],[76.64870916392633,10.154199648704301],[76.64790068017062,10.154199648704301],[76.64790068017062,10.153391164948593]]],[[[76.64790068017062,10.163092970017084],[76.64870916392633,10.163092970017084],[76.64870916392633,10.163901453772791],[76.64790068017062,10.163901453772791],[76.64790068017062,10.163092970017084]]],[[[76.64870916392633,10.148540262414347],[76.64951764768205,10.148540262414347],[76.64951764768205,10.153391164948593],[76.64870916392633,10.153391164948593],[76.64870916392633,10.148540262414347]]],[[[76.64870916392633,10.163901453772791],[76.65356006646057,10.163901453772791],[76.65356006646057,10.1647099375285],[76.64870916392633,10.1647099375285],[76.64870916392633,10.163901453772791]]],[[[76.64951764768205,10.14773177865864],[76.65194309894916,10.14773177865864],[76.65194309894916,10.148540262414347],[76.64951764768205,10.148540262414347],[76.64951764768205,10.14773177865864]]],[[[76.65194309894916,10.146923294902933],[76.65275158270487,10.146923294902933],[76.65275158270487,10.14773177865864],[76.65194309894916,10.14773177865864],[76.65194309894916,10.146923294902933]]],[[[76.65275158270487,10.14449784363581],[76.65356006646057,10.14449784363581],[76.65356006646057,10.146923294902933],[76.65275158270487,10.146923294902933],[76.65275158270487,10.14449784363581]]],[[[76.65356006646057,10.143689359880103],[76.65436855021629,10.143689359880103],[76.65436855021629,10.14449784363581],[76.65356006646057,10.14449784363581],[76.65356006646057,10.143689359880103]]],[[[76.65356006646057,10.1647099375285],[76.65436855021629,10.1647099375285],[76.65436855021629,10.167135388795622],[76.65356006646057,10.167135388795622],[76.65356006646057,10.1647099375285]]],[[[76.65436855021629,10.142072392368688],[76.655177033972,10.142072392368688],[76.655177033972,10.143689359880103],[76.65436855021629,10.143689359880103],[76.65436855021629,10.142072392368688]]],[[[76.65436855021629,10.167135388795622],[76.655177033972,10.167135388795622],[76.655177033972,10.16794387255133],[76.65436855021629,10.16794387255133],[76.65436855021629,10.167135388795622]]],[[[76.655177033972,10.141263908612979],[76.6559855177277,10.141263908612979],[76.6559855177277,10.142072392368688],[76.655177033972,10.142072392368688],[76.655177033972,10.141263908612979]]],[[[76.655177033972,10.16794387255133],[76.6559855177277,10.16794387255133],[76.6559855177277,10.168752356307037],[76.655177033972,10.168752356307037],[76.655177033972,10.16794387255133]]],[[[76.6559855177277,10.140455424857272],[76.6567940014834,10.140455424857272],[76.6567940014834,10.141263908612979],[76.6559855177277,10.141263908612979],[76.6559855177277,10.140455424857272]]],[[[76.6559855177277,10.168752356307037],[76.6567940014834,10.168752356307037],[76.6567940014834,10.169560840062744],[76.6559855177277,10.169560840062744],[76.6559855177277,10.168752356307037]]],[[[76.6567940014834,10.138838457345857],[76.65760248523911,10.138838457345857],[76.65760248523911,10.140455424857272],[76.6567940014834,10.140455424857272],[76.6567940014834,10.138838457345857]]],[[[76.6567940014834,10.169560840062744],[76.65760248523911,10.169560840062744],[76.65760248523911,10.170369323818452],[76.6567940014834,10.170369323818452],[76.6567940014834,10.169560840062744]]],[[[76.65760248523911,10.138029973590148],[76.65841096899483,10.138029973590148],[76.65841096899483,10.138838457345857],[76.65760248523911,10.138838457345857],[76.65760248523911,10.138029973590148]]],[[[76.65760248523911,10.168752356307037],[76.65841096899483,10.168752356307037],[76.65841096899483,10.169560840062744],[76.65760248523911,10.169560840062744],[76.65760248523911,10.168752356307037]]],[[[76.65841096899483,10.137221489834442],[76.65921945275053,10.137221489834442],[76.65921945275053,10.138029973590148],[76.65841096899483,10.138029973590148],[76.65841096899483,10.137221489834442]]],[[[76.65841096899483,10.16794387255133],[76.65921945275053,10.16794387255133],[76.65921945275053,10.168752356307037],[76.65841096899483,10.168752356307037],[76.65841096899483,10.16794387255133]]],[[[76.65921945275053,10.136413006078733],[76.66245338777335,10.136413006078733],[76.66245338777335,10.137221489834442],[76.65921945275053,10.137221489834442],[76.65921945275053,10.136413006078733]]],[[[76.65921945275053,10.168752356307037],[76.66002793650624,10.168752356307037],[76.66002793650624,10.169560840062744],[76.65921945275053,10.169560840062744],[76.65921945275053,10.168752356307037]]],[[[76.66002793650624,10.169560840062744],[76.66164490401765,10.169560840062744],[76.66164490401765,10.170369323818452],[76.66002793650624,10.170369323818452],[76.66002793650624,10.169560840062744]]],[[[76.66164490401765,10.170369323818452],[76.66245338777335,10.170369323818452],[76.66245338777335,10.171177807574159],[76.66164490401765,10.171177807574159],[76.66164490401765,10.170369323818452]]],[[[76.66245338777335,10.137221489834442],[76.66407035528478,10.137221489834442],[76.66407035528478,10.138029973590148],[76.66245338777335,10.138029973590148],[76.66245338777335,10.137221489834442]]],[[[76.66245338777335,10.171177807574159],[76.66487883904048,10.171177807574159],[76.66487883904048,10.171986291329867],[76.66326187152907,10.171986291329867],[76.66326187152907,10.172794775085574],[76.66245338777335,10.172794775085574],[76.66245338777335,10.171177807574159]]],[[[76.66407035528478,10.138029973590148],[76.66487883904048,10.138029973590148],[76.66487883904048,10.138838457345857],[76.66407035528478,10.138838457345857],[76.66407035528478,10.138029973590148]]],[[[76.66407035528478,10.176837193864113],[76.66487883904048,10.176837193864113],[76.66487883904048,10.17764567761982],[76.66407035528478,10.17764567761982],[76.66407035528478,10.176837193864113]]],[[[76.66487883904048,10.138838457345857],[76.6664958065519,10.138838457345857],[76.6664958065519,10.139646941101564],[76.66487883904048,10.139646941101564],[76.66487883904048,10.138838457345857]]],[[[76.66730429030761,10.173603258841283],[76.66730429030761,10.171177807574159],[76.66487883904048,10.171177807574159],[76.66487883904048,10.170369323818452],[76.66811277406332,10.170369323818452],[76.66811277406332,10.169560840062744],[76.66892125781902,10.169560840062744],[76.66892125781902,10.171177807574159],[76.66811277406332,10.171177807574159],[76.66811277406332,10.173603258841283],[76.66730429030761,10.173603258841283]]],[[[76.66487883904048,10.176028710108405],[76.66568732279619,10.176028710108405],[76.66568732279619,10.176837193864113],[76.66487883904048,10.176837193864113],[76.66487883904048,10.176028710108405]]],[[[76.66487883904048,10.17764567761982],[76.66892125781902,10.17764567761982],[76.66892125781902,10.178454161375528],[76.66487883904048,10.178454161375528],[76.66487883904048,10.17764567761982]]],[[[76.66568732279619,10.175220226352698],[76.6664958065519,10.175220226352698],[76.6664958065519,10.176028710108405],[76.66568732279619,10.176028710108405],[76.66568732279619,10.175220226352698]]],[[[76.6664958065519,10.139646941101564],[76.66730429030761,10.139646941101564],[76.66730429030761,10.140455424857272],[76.6664958065519,10.140455424857272],[76.6664958065519,10.139646941101564]]],[[[76.6664958065519,10.173603258841283],[76.66730429030761,10.173603258841283],[76.66730429030761,10.175220226352698],[76.6664958065519,10.175220226352698],[76.6664958065519,10.173603258841283]]],[[[76.66730429030761,10.140455424857272],[76.66892125781902,10.140455424857272],[76.66892125781902,10.141263908612979],[76.66730429030761,10.141263908612979],[76.66730429030761,10.140455424857272]]],[[[76.66892125781902,10.141263908612979],[76.67053822533043,10.141263908612979],[76.67053822533043,10.142072392368688],[76.66892125781902,10.142072392368688],[76.66892125781902,10.141263908612979]]],[[[76.66892125781902,10.178454161375528],[76.67215519284186,10.178454161375528],[76.67215519284186,10.179262645131235],[76.66892125781902,10.179262645131235],[76.66892125781902,10.178454161375528]]],[[[76.67053822533043,10.142072392368688],[76.67215519284186,10.142072392368688],[76.67215519284186,10.142880876124394],[76.67053822533043,10.142880876124394],[76.67053822533043,10.142072392368688]]],[[[76.67215519284186,10.141263908612979],[76.67296367659756,10.141263908612979],[76.67296367659756,10.142072392368688],[76.67215519284186,10.142072392368688],[76.67215519284186,10.141263908612979]]],[[[76.67215519284186,10.179262645131235],[76.67377216035327,10.179262645131235],[76.67377216035327,10.180071128886944],[76.67215519284186,10.180071128886944],[76.67215519284186,10.179262645131235]]],[[[76.67296367659756,10.140455424857272],[76.67377216035327,10.140455424857272],[76.67377216035327,10.141263908612979],[76.67296367659756,10.141263908612979],[76.67296367659756,10.140455424857272]]],[[[76.67377216035327,10.139646941101564],[76.67458064410897,10.139646941101564],[76.67458064410897,10.140455424857272],[76.67377216035327,10.140455424857272],[76.67377216035327,10.139646941101564]]],[[[76.67377216035327,10.141263908612979],[76.67458064410897,10.141263908612979],[76.67458064410897,10.142072392368688],[76.67377216035327,10.142072392368688],[76.67377216035327,10.141263908612979]]],[[[76.6761976116204,10.179262645131235],[76.67377216035327,10.179262645131235],[76.67377216035327,10.17764567761982],[76.67458064410897,10.17764567761982],[76.67458064410897,10.178454161375528],[76.6761976116204,10.178454161375528],[76.6761976116204,10.179262645131235]]],[[[76.67377216035327,10.188964450199727],[76.67458064410897,10.188964450199727],[76.67458064410897,10.189772933955433],[76.67377216035327,10.189772933955433],[76.67377216035327,10.188964450199727]]],[[[76.67458064410897,10.138838457345857],[76.6770060953761,10.138838457345857],[76.6770060953761,10.139646941101564],[76.67458064410897,10.139646941101564],[76.67458064410897,10.138838457345857]]],[[[76.67458064410897,10.142072392368688],[76.6770060953761,10.142072392368688],[76.6770060953761,10.142880876124394],[76.67458064410897,10.142880876124394],[76.67458064410897,10.142072392368688]]],[[[76.67458064410897,10.188155966444018],[76.67538912786468,10.188155966444018],[76.67538912786468,10.188964450199727],[76.67458064410897,10.188964450199727],[76.67458064410897,10.188155966444018]]],[[[76.67538912786468,10.186538998932603],[76.6761976116204,10.186538998932603],[76.6761976116204,10.188155966444018],[76.67538912786468,10.188155966444018],[76.67538912786468,10.186538998932603]]],[[[76.6761976116204,10.179262645131235],[76.6770060953761,10.179262645131235],[76.6770060953761,10.184113547665481],[76.6761976116204,10.184113547665481],[76.6761976116204,10.179262645131235]]],[[[76.6761976116204,10.184922031421188],[76.6770060953761,10.184922031421188],[76.6770060953761,10.186538998932603],[76.6761976116204,10.186538998932603],[76.6761976116204,10.184922031421188]]],[[[76.6761976116204,10.251217699389208],[76.6770060953761,10.251217699389208],[76.6770060953761,10.252834666900624],[76.6761976116204,10.252834666900624],[76.6761976116204,10.251217699389208]]],[[[76.6770060953761,10.138029973590148],[76.6778145791318,10.138029973590148],[76.6778145791318,10.138838457345857],[76.6770060953761,10.138838457345857],[76.6770060953761,10.138029973590148]]],[[[76.6770060953761,10.142880876124394],[76.68185699791034,10.142880876124394],[76.68185699791034,10.143689359880103],[76.6770060953761,10.143689359880103],[76.6770060953761,10.142880876124394]]],[[[76.6770060953761,10.184113547665481],[76.6778145791318,10.184113547665481],[76.6778145791318,10.184922031421188],[76.6770060953761,10.184922031421188],[76.6770060953761,10.184113547665481]]],[[[76.6770060953761,10.250409215633502],[76.68266548166605,10.250409215633502],[76.68266548166605,10.251217699389208],[76.6770060953761,10.251217699389208],[76.6770060953761,10.250409215633502]]],[[[76.6778145791318,10.137221489834442],[76.67862306288751,10.137221489834442],[76.67862306288751,10.138029973590148],[76.6778145791318,10.138029973590148],[76.6778145791318,10.137221489834442]]],[[[76.67862306288751,10.135604522323026],[76.67943154664322,10.135604522323026],[76.67943154664322,10.137221489834442],[76.67862306288751,10.137221489834442],[76.67862306288751,10.135604522323026]]],[[[76.67943154664322,10.133987554811611],[76.68024003039892,10.133987554811611],[76.68024003039892,10.135604522323026],[76.67943154664322,10.135604522323026],[76.67943154664322,10.133987554811611]]],[[[76.68024003039892,10.132370587300196],[76.68104851415464,10.132370587300196],[76.68104851415464,10.133987554811611],[76.68024003039892,10.133987554811611],[76.68024003039892,10.132370587300196]]],[[[76.68104851415464,10.13156210354449],[76.68266548166605,10.13156210354449],[76.68266548166605,10.132370587300196],[76.68104851415464,10.132370587300196],[76.68104851415464,10.13156210354449]]],[[[76.68185699791034,10.143689359880103],[76.6875163842003,10.143689359880103],[76.6875163842003,10.14449784363581],[76.68185699791034,10.14449784363581],[76.68185699791034,10.143689359880103]]],[[[76.68266548166605,10.13075361978878],[76.68347396542175,10.13075361978878],[76.68347396542175,10.13156210354449],[76.68266548166605,10.13156210354449],[76.68266548166605,10.13075361978878]]],[[[76.68266548166605,10.249600731877793],[76.68670790044459,10.249600731877793],[76.68670790044459,10.250409215633502],[76.68266548166605,10.250409215633502],[76.68266548166605,10.249600731877793]]],[[[76.68347396542175,10.129945136033074],[76.68509093293318,10.129945136033074],[76.68509093293318,10.13075361978878],[76.68347396542175,10.13075361978878],[76.68347396542175,10.129945136033074]]],[[[76.68509093293318,10.129136652277365],[76.68589941668888,10.129136652277365],[76.68589941668888,10.129945136033074],[76.68509093293318,10.129945136033074],[76.68509093293318,10.129136652277365]]],[[[76.68589941668888,10.12751968476595],[76.68670790044459,10.12751968476595],[76.68670790044459,10.129136652277365],[76.68589941668888,10.129136652277365],[76.68589941668888,10.12751968476595]]],[[[76.68670790044459,10.126711201010243],[76.6875163842003,10.126711201010243],[76.6875163842003,10.12751968476595],[76.68670790044459,10.12751968476595],[76.68670790044459,10.126711201010243]]],[[[76.68670790044459,10.250409215633502],[76.6891333517117,10.250409215633502],[76.6891333517117,10.251217699389208],[76.68670790044459,10.251217699389208],[76.68670790044459,10.250409215633502]]],[[[76.6875163842003,10.125902717254535],[76.6891333517117,10.125902717254535],[76.6891333517117,10.126711201010243],[76.6875163842003,10.126711201010243],[76.6875163842003,10.125902717254535]]],[[[76.6875163842003,10.142880876124394],[76.69155880297883,10.142880876124394],[76.69155880297883,10.143689359880103],[76.6875163842003,10.143689359880103],[76.6875163842003,10.142880876124394]]],[[[76.6891333517117,10.125094233498828],[76.68994183546742,10.125094233498828],[76.68994183546742,10.125902717254535],[76.6891333517117,10.125902717254535],[76.6891333517117,10.125094233498828]]],[[[76.6891333517117,10.249600731877793],[76.68994183546742,10.249600731877793],[76.68994183546742,10.250409215633502],[76.6891333517117,10.250409215633502],[76.6891333517117,10.249600731877793]]],[[[76.68994183546742,10.124285749743121],[76.69075031922313,10.124285749743121],[76.69075031922313,10.125094233498828],[76.68994183546742,10.125094233498828],[76.68994183546742,10.124285749743121]]],[[[76.68994183546742,10.248792248122086],[76.69075031922313,10.248792248122086],[76.69075031922313,10.249600731877793],[76.68994183546742,10.249600731877793],[76.68994183546742,10.248792248122086]]],[[[76.69075031922313,10.123477265987413],[76.69155880297883,10.123477265987413],[76.69155880297883,10.124285749743121],[76.69075031922313,10.124285749743121],[76.69075031922313,10.123477265987413]]],[[[76.69075031922313,10.247983764366378],[76.69155880297883,10.247983764366378],[76.69155880297883,10.248792248122086],[76.69075031922313,10.248792248122086],[76.69075031922313,10.247983764366378]]],[[[76.69155880297883,10.121860298475998],[76.69236728673454,10.121860298475998],[76.69236728673454,10.123477265987413],[76.69155880297883,10.123477265987413],[76.69155880297883,10.121860298475998]]],[[[76.69155880297883,10.142072392368688],[76.69479273800167,10.142072392368688],[76.69479273800167,10.142880876124394],[76.69155880297883,10.142880876124394],[76.69155880297883,10.142072392368688]]],[[[76.69155880297883,10.247175280610671],[76.69236728673454,10.247175280610671],[76.69236728673454,10.247983764366378],[76.69155880297883,10.247983764366378],[76.69155880297883,10.247175280610671]]],[[[76.69236728673454,10.12105181472029],[76.69398425424596,10.12105181472029],[76.69398425424596,10.121860298475998],[76.69236728673454,10.121860298475998],[76.69236728673454,10.12105181472029]]],[[[76.69236728673454,10.245558313099256],[76.69317577049024,10.245558313099256],[76.69317577049024,10.247175280610671],[76.69236728673454,10.247175280610671],[76.69236728673454,10.245558313099256]]],[[[76.69317577049024,10.244749829343549],[76.69398425424596,10.244749829343549],[76.69398425424596,10.245558313099256],[76.69317577049024,10.245558313099256],[76.69317577049024,10.244749829343549]]],[[[76.69398425424596,10.120243330964582],[76.69479273800167,10.120243330964582],[76.69479273800167,10.12105181472029],[76.69398425424596,10.12105181472029],[76.69398425424596,10.120243330964582]]],[[[76.69398425424596,10.24394134558784],[76.69479273800167,10.24394134558784],[76.69479273800167,10.244749829343549],[76.69398425424596,10.244749829343549],[76.69398425424596,10.24394134558784]]],[[[76.69479273800167,10.119434847208876],[76.69640970551308,10.119434847208876],[76.69640970551308,10.120243330964582],[76.69479273800167,10.120243330964582],[76.69479273800167,10.119434847208876]]],[[[76.69479273800167,10.142880876124394],[76.69640970551308,10.142880876124394],[76.69640970551308,10.143689359880103],[76.69479273800167,10.143689359880103],[76.69479273800167,10.142880876124394]]],[[[76.69479273800167,10.243132861832134],[76.69560122175737,10.243132861832134],[76.69560122175737,10.24394134558784],[76.69479273800167,10.24394134558784],[76.69479273800167,10.243132861832134]]],[[[76.69560122175737,10.242324378076425],[76.69640970551308,10.242324378076425],[76.69640970551308,10.243132861832134],[76.69560122175737,10.243132861832134],[76.69560122175737,10.242324378076425]]],[[[76.69640970551308,10.118626363453167],[76.69721818926878,10.118626363453167],[76.69721818926878,10.119434847208876],[76.69640970551308,10.119434847208876],[76.69640970551308,10.118626363453167]]],[[[76.69640970551308,10.143689359880103],[76.69721818926878,10.143689359880103],[76.69721818926878,10.14449784363581],[76.69640970551308,10.14449784363581],[76.69640970551308,10.143689359880103]]],[[[76.69640970551308,10.239090443053595],[76.69721818926878,10.239090443053595],[76.69721818926878,10.242324378076425],[76.69640970551308,10.242324378076425],[76.69640970551308,10.239090443053595]]],[[[76.69721818926878,10.117009395941752],[76.69802667302449,10.117009395941752],[76.69802667302449,10.118626363453167],[76.69721818926878,10.118626363453167],[76.69721818926878,10.117009395941752]]],[[[76.69721818926878,10.14449784363581],[76.70045212429162,10.14449784363581],[76.70045212429162,10.145306327391518],[76.69721818926878,10.145306327391518],[76.69721818926878,10.14449784363581]]],[[[76.69721818926878,10.238281959297888],[76.69802667302449,10.238281959297888],[76.69802667302449,10.239090443053595],[76.69721818926878,10.239090443053595],[76.69721818926878,10.238281959297888]]],[[[76.69802667302449,10.116200912186045],[76.6988351567802,10.116200912186045],[76.6988351567802,10.117009395941752],[76.69802667302449,10.117009395941752],[76.69802667302449,10.116200912186045]]],[[[76.69802667302449,10.23747347554218],[76.6988351567802,10.23747347554218],[76.6988351567802,10.238281959297888],[76.69802667302449,10.238281959297888],[76.69802667302449,10.23747347554218]]],[[[76.6988351567802,10.115392428430336],[76.70045212429162,10.115392428430336],[76.70045212429162,10.116200912186045],[76.6988351567802,10.116200912186045],[76.6988351567802,10.115392428430336]]],[[[76.6988351567802,10.235856508030764],[76.69964364053591,10.235856508030764],[76.69964364053591,10.23747347554218],[76.6988351567802,10.23747347554218],[76.6988351567802,10.235856508030764]]],[[[76.70126060804732,10.229388637985105],[76.70126060804732,10.230197121740812],[76.70045212429162,10.230197121740812],[76.70045212429162,10.235048024275057],[76.70611151058156,10.235048024275057],[76.70611151058156,10.235856508030764],[76.69964364053591,10.235856508030764],[76.69964364053591,10.229388637985105],[76.70126060804732,10.229388637985105]]],[[[76.70045212429162,10.11458394467463],[76.70126060804732,10.11458394467463],[76.70126060804732,10.115392428430336],[76.70045212429162,10.115392428430336],[76.70045212429162,10.11458394467463]]],[[[76.70045212429162,10.145306327391518],[76.70449454307015,10.145306327391518],[76.70449454307015,10.146114811147225],[76.70045212429162,10.146114811147225],[76.70045212429162,10.145306327391518]]],[[[76.70126060804732,10.113775460918921],[76.70287757555874,10.113775460918921],[76.70287757555874,10.11458394467463],[76.70126060804732,10.11458394467463],[76.70126060804732,10.113775460918921]]],[[[76.70126060804732,10.228580154229396],[76.70206909180303,10.228580154229396],[76.70206909180303,10.229388637985105],[76.70126060804732,10.229388637985105],[76.70126060804732,10.228580154229396]]],[[[76.70206909180303,10.22777167047369],[76.70287757555874,10.22777167047369],[76.70287757555874,10.228580154229396],[76.70206909180303,10.228580154229396],[76.70206909180303,10.22777167047369]]],[[[76.70287757555874,10.112966977163214],[76.70449454307015,10.112966977163214],[76.70449454307015,10.113775460918921],[76.70287757555874,10.113775460918921],[76.70287757555874,10.112966977163214]]],[[[76.70287757555874,10.226154702962274],[76.70368605931445,10.226154702962274],[76.70368605931445,10.22777167047369],[76.70287757555874,10.22777167047369],[76.70287757555874,10.226154702962274]]],[[[76.70368605931445,10.224537735450859],[76.70449454307015,10.224537735450859],[76.70449454307015,10.226154702962274],[76.70368605931445,10.226154702962274],[76.70368605931445,10.224537735450859]]],[[[76.70449454307015,10.112158493407508],[76.70611151058156,10.112158493407508],[76.70611151058156,10.112966977163214],[76.70449454307015,10.112966977163214],[76.70449454307015,10.112158493407508]]],[[[76.70449454307015,10.146114811147225],[76.70611151058156,10.146114811147225],[76.70611151058156,10.146923294902933],[76.70449454307015,10.146923294902933],[76.70449454307015,10.146114811147225]]],[[[76.70449454307015,10.223729251695152],[76.70530302682586,10.223729251695152],[76.70530302682586,10.224537735450859],[76.70449454307015,10.224537735450859],[76.70449454307015,10.223729251695152]]],[[[76.70530302682586,10.220495316672322],[76.70611151058156,10.220495316672322],[76.70611151058156,10.221303800428029],[76.70530302682586,10.221303800428029],[76.70530302682586,10.220495316672322]]],[[[76.70530302682586,10.222920767939444],[76.70611151058156,10.222920767939444],[76.70611151058156,10.223729251695152],[76.70530302682586,10.223729251695152],[76.70530302682586,10.222920767939444]]],[[[76.70611151058156,10.1113500096518],[76.70691999433728,10.1113500096518],[76.70691999433728,10.112158493407508],[76.70611151058156,10.112158493407508],[76.70611151058156,10.1113500096518]]],[[[76.70611151058156,10.146923294902933],[76.7085369618487,10.146923294902933],[76.7085369618487,10.14773177865864],[76.70611151058156,10.14773177865864],[76.70611151058156,10.146923294902933]]],[[[76.70611151058156,10.218878349160907],[76.70691999433728,10.218878349160907],[76.70691999433728,10.220495316672322],[76.70611151058156,10.220495316672322],[76.70611151058156,10.218878349160907]]],[[[76.70611151058156,10.221303800428029],[76.70691999433728,10.221303800428029],[76.70691999433728,10.222920767939444],[76.70611151058156,10.222920767939444],[76.70611151058156,10.221303800428029]]],[[[76.70611151058156,10.235856508030764],[76.7085369618487,10.235856508030764],[76.7085369618487,10.23747347554218],[76.70611151058156,10.23747347554218],[76.70611151058156,10.235856508030764]]],[[[76.70691999433728,10.110541525896092],[76.70772847809299,10.110541525896092],[76.70772847809299,10.1113500096518],[76.70691999433728,10.1113500096518],[76.70691999433728,10.110541525896092]]],[[[76.7085369618487,10.216452897893783],[76.7085369618487,10.217261381649491],[76.70772847809299,10.217261381649491],[76.70772847809299,10.218878349160907],[76.70691999433728,10.218878349160907],[76.70691999433728,10.216452897893783],[76.7085369618487,10.216452897893783]]],[[[76.70772847809299,10.109733042140384],[76.7085369618487,10.109733042140384],[76.7085369618487,10.110541525896092],[76.70772847809299,10.110541525896092],[76.70772847809299,10.109733042140384]]],[[[76.7085369618487,10.108924558384677],[76.7093454456044,10.108924558384677],[76.7093454456044,10.109733042140384],[76.7085369618487,10.109733042140384],[76.7085369618487,10.108924558384677]]],[[[76.7085369618487,10.14773177865864],[76.71338786438294,10.14773177865864],[76.71338786438294,10.148540262414347],[76.7085369618487,10.148540262414347],[76.7085369618487,10.14773177865864]]],[[[76.7085369618487,10.211601995359539],[76.7093454456044,10.211601995359539],[76.7093454456044,10.213218962870954],[76.7085369618487,10.213218962870954],[76.7085369618487,10.211601995359539]]],[[[76.7085369618487,10.214835930382367],[76.7093454456044,10.214835930382367],[76.7093454456044,10.216452897893783],[76.7085369618487,10.216452897893783],[76.7085369618487,10.214835930382367]]],[[[76.7085369618487,10.235048024275057],[76.71096241311581,10.235048024275057],[76.71096241311581,10.235856508030764],[76.7085369618487,10.235856508030764],[76.7085369618487,10.235048024275057]]],[[[76.7093454456044,10.107307590873262],[76.7101539293601,10.107307590873262],[76.7101539293601,10.108924558384677],[76.7093454456044,10.108924558384677],[76.7093454456044,10.107307590873262]]],[[[76.7093454456044,10.21079351160383],[76.7101539293601,10.21079351160383],[76.7101539293601,10.211601995359539],[76.7093454456044,10.211601995359539],[76.7093454456044,10.21079351160383]]],[[[76.7093454456044,10.213218962870954],[76.7101539293601,10.213218962870954],[76.7101539293601,10.214835930382367],[76.7093454456044,10.214835930382367],[76.7093454456044,10.213218962870954]]],[[[76.7101539293601,10.106499107117553],[76.71177089687153,10.106499107117553],[76.71177089687153,10.107307590873262],[76.7101539293601,10.107307590873262],[76.7101539293601,10.106499107117553]]],[[[76.71177089687153,10.206751092825293],[76.71177089687153,10.208368060336708],[76.71096241311581,10.208368060336708],[76.71096241311581,10.21079351160383],[76.7101539293601,10.21079351160383],[76.7101539293601,10.207559576581],[76.71096241311581,10.207559576581],[76.71096241311581,10.206751092825293],[76.71177089687153,10.206751092825293]]],[[[76.71096241311581,10.235856508030764],[76.71338786438294,10.235856508030764],[76.71338786438294,10.23747347554218],[76.71096241311581,10.23747347554218],[76.71096241311581,10.235856508030764]]],[[[76.71177089687153,10.105690623361847],[76.71257938062723,10.105690623361847],[76.71257938062723,10.106499107117553],[76.71177089687153,10.106499107117553],[76.71177089687153,10.105690623361847]]],[[[76.71177089687153,10.205134125313878],[76.71257938062723,10.205134125313878],[76.71257938062723,10.206751092825293],[76.71177089687153,10.206751092825293],[76.71177089687153,10.205134125313878]]],[[[76.71257938062723,10.104882139606138],[76.71419634813864,10.104882139606138],[76.71419634813864,10.105690623361847],[76.71257938062723,10.105690623361847],[76.71257938062723,10.104882139606138]]],[[[76.71257938062723,10.203517157802462],[76.71338786438294,10.203517157802462],[76.71338786438294,10.205134125313878],[76.71257938062723,10.205134125313878],[76.71257938062723,10.203517157802462]]],[[[76.71338786438294,10.146923294902933],[76.71581331565007,10.146923294902933],[76.71581331565007,10.14773177865864],[76.71338786438294,10.14773177865864],[76.71338786438294,10.146923294902933]]],[[[76.71338786438294,10.20109170653534],[76.71419634813864,10.20109170653534],[76.71419634813864,10.203517157802462],[76.71338786438294,10.203517157802462],[76.71338786438294,10.20109170653534]]],[[[76.71338786438294,10.23747347554218],[76.72147270194002,10.23747347554218],[76.72147270194002,10.238281959297888],[76.71338786438294,10.238281959297888],[76.71338786438294,10.23747347554218]]],[[[76.71419634813864,10.104073655850431],[76.71662179940577,10.104073655850431],[76.71662179940577,10.104882139606138],[76.71419634813864,10.104882139606138],[76.71419634813864,10.104073655850431]]],[[[76.71419634813864,10.200283222779632],[76.71581331565007,10.200283222779632],[76.71581331565007,10.20109170653534],[76.71419634813864,10.20109170653534],[76.71419634813864,10.200283222779632]]],[[[76.71581331565007,10.146114811147225],[76.71823876691718,10.146114811147225],[76.71823876691718,10.146923294902933],[76.71581331565007,10.146923294902933],[76.71581331565007,10.146114811147225]]],[[[76.71581331565007,10.199474739023925],[76.71662179940577,10.199474739023925],[76.71662179940577,10.200283222779632],[76.71581331565007,10.200283222779632],[76.71581331565007,10.199474739023925]]],[[[76.71662179940577,10.103265172094723],[76.71743028316148,10.103265172094723],[76.71743028316148,10.104073655850431],[76.71662179940577,10.104073655850431],[76.71662179940577,10.103265172094723]]],[[[76.71662179940577,10.197049287756801],[76.71743028316148,10.197049287756801],[76.71743028316148,10.198666255268217],[76.71662179940577,10.198666255268217],[76.71662179940577,10.197049287756801]]],[[[76.71662179940577,10.200283222779632],[76.71743028316148,10.200283222779632],[76.71743028316148,10.20109170653534],[76.71662179940577,10.20109170653534],[76.71662179940577,10.200283222779632]]],[[[76.71743028316148,10.102456688339016],[76.71823876691718,10.102456688339016],[76.71823876691718,10.103265172094723],[76.71743028316148,10.103265172094723],[76.71743028316148,10.102456688339016]]],[[[76.71743028316148,10.196240804001095],[76.71823876691718,10.196240804001095],[76.71823876691718,10.197049287756801],[76.71743028316148,10.197049287756801],[76.71743028316148,10.196240804001095]]],[[[76.71743028316148,10.198666255268217],[76.71823876691718,10.198666255268217],[76.71823876691718,10.200283222779632],[76.71743028316148,10.200283222779632],[76.71743028316148,10.198666255268217]]],[[[76.71823876691718,10.10164820458331],[76.71904725067289,10.10164820458331],[76.71904725067289,10.102456688339016],[76.71823876691718,10.102456688339016],[76.71823876691718,10.10164820458331]]],[[[76.71823876691718,10.145306327391518],[76.72308966945143,10.145306327391518],[76.72308966945143,10.146114811147225],[76.71823876691718,10.146114811147225],[76.71823876691718,10.145306327391518]]],[[[76.71823876691718,10.195432320245386],[76.71904725067289,10.195432320245386],[76.71904725067289,10.196240804001095],[76.71823876691718,10.196240804001095],[76.71823876691718,10.195432320245386]]],[[[76.71823876691718,10.197049287756801],[76.71904725067289,10.197049287756801],[76.71904725067289,10.19785777151251],[76.71823876691718,10.19785777151251],[76.71823876691718,10.197049287756801]]],[[[76.71904725067289,10.100031237071894],[76.71985573442859,10.100031237071894],[76.71985573442859,10.10164820458331],[76.71904725067289,10.10164820458331],[76.71904725067289,10.100031237071894]]],[[[76.71904725067289,10.19462383648968],[76.71985573442859,10.19462383648968],[76.71985573442859,10.195432320245386],[76.71904725067289,10.195432320245386],[76.71904725067289,10.19462383648968]]],[[[76.71985573442859,10.099222753316186],[76.72066421818431,10.099222753316186],[76.72066421818431,10.100031237071894],[76.71985573442859,10.100031237071894],[76.71985573442859,10.099222753316186]]],[[[76.71985573442859,10.193006868978264],[76.72066421818431,10.193006868978264],[76.72066421818431,10.19462383648968],[76.71985573442859,10.19462383648968],[76.71985573442859,10.193006868978264]]],[[[76.72066421818431,10.09760578580477],[76.72147270194002,10.09760578580477],[76.72147270194002,10.099222753316186],[76.72066421818431,10.099222753316186],[76.72066421818431,10.09760578580477]]],[[[76.72066421818431,10.192198385222556],[76.72147270194002,10.192198385222556],[76.72147270194002,10.193006868978264],[76.72066421818431,10.193006868978264],[76.72066421818431,10.192198385222556]]],[[[76.72147270194002,10.096797302049064],[76.72228118569572,10.096797302049064],[76.72228118569572,10.09760578580477],[76.72147270194002,10.09760578580477],[76.72147270194002,10.096797302049064]]],[[[76.72147270194002,10.191389901466849],[76.72228118569572,10.191389901466849],[76.72228118569572,10.192198385222556],[76.72147270194002,10.192198385222556],[76.72147270194002,10.191389901466849]]],[[[76.72147270194002,10.238281959297888],[76.72228118569572,10.238281959297888],[76.72228118569572,10.239090443053595],[76.72147270194002,10.239090443053595],[76.72147270194002,10.238281959297888]]],[[[76.72228118569572,10.095988818293355],[76.72308966945143,10.095988818293355],[76.72308966945143,10.096797302049064],[76.72228118569572,10.096797302049064],[76.72228118569572,10.095988818293355]]],[[[76.72228118569572,10.190581417711142],[76.72308966945143,10.190581417711142],[76.72308966945143,10.191389901466849],[76.72228118569572,10.191389901466849],[76.72228118569572,10.190581417711142]]],[[[76.72228118569572,10.239090443053595],[76.72308966945143,10.239090443053595],[76.72308966945143,10.239898926809303],[76.72228118569572,10.239898926809303],[76.72228118569572,10.239090443053595]]],[[[76.72308966945143,10.095180334537648],[76.72389815320713,10.095180334537648],[76.72389815320713,10.095988818293355],[76.72308966945143,10.095988818293355],[76.72308966945143,10.095180334537648]]],[[[76.72308966945143,10.146114811147225],[76.72551512071855,10.146114811147225],[76.72551512071855,10.146923294902933],[76.72308966945143,10.146923294902933],[76.72308966945143,10.146114811147225]]],[[[76.72308966945143,10.189772933955433],[76.72389815320713,10.189772933955433],[76.72389815320713,10.190581417711142],[76.72308966945143,10.190581417711142],[76.72308966945143,10.189772933955433]]],[[[76.72308966945143,10.239898926809303],[76.72389815320713,10.239898926809303],[76.72389815320713,10.24070741056501],[76.72308966945143,10.24070741056501],[76.72308966945143,10.239898926809303]]],[[[76.72389815320713,10.09437185078194],[76.72470663696285,10.09437185078194],[76.72470663696285,10.095180334537648],[76.72389815320713,10.095180334537648],[76.72389815320713,10.09437185078194]]],[[[76.72389815320713,10.186538998932603],[76.72470663696285,10.186538998932603],[76.72470663696285,10.189772933955433],[76.72389815320713,10.189772933955433],[76.72389815320713,10.186538998932603]]],[[[76.72389815320713,10.24070741056501],[76.72470663696285,10.24070741056501],[76.72470663696285,10.241515894320719],[76.72389815320713,10.241515894320719],[76.72389815320713,10.24070741056501]]],[[[76.72470663696285,10.092754883270525],[76.72551512071855,10.092754883270525],[76.72551512071855,10.09437185078194],[76.72470663696285,10.09437185078194],[76.72470663696285,10.092754883270525]]],[[[76.72470663696285,10.181688096398357],[76.72551512071855,10.181688096398357],[76.72551512071855,10.186538998932603],[76.72470663696285,10.186538998932603],[76.72470663696285,10.181688096398357]]],[[[76.72470663696285,10.241515894320719],[76.72551512071855,10.241515894320719],[76.72551512071855,10.242324378076425],[76.72470663696285,10.242324378076425],[76.72470663696285,10.241515894320719]]],[[[76.72551512071855,10.091946399514818],[76.72632360447426,10.091946399514818],[76.72632360447426,10.092754883270525],[76.72551512071855,10.092754883270525],[76.72551512071855,10.091946399514818]]],[[[76.72551512071855,10.146923294902933],[76.72713208822996,10.146923294902933],[76.72713208822996,10.14773177865864],[76.72551512071855,10.14773177865864],[76.72551512071855,10.146923294902933]]],[[[76.72551512071855,10.18087961264265],[76.72632360447426,10.18087961264265],[76.72632360447426,10.181688096398357],[76.72551512071855,10.181688096398357],[76.72551512071855,10.18087961264265]]],[[[76.72551512071855,10.242324378076425],[76.72713208822996,10.242324378076425],[76.72713208822996,10.243132861832134],[76.72551512071855,10.243132861832134],[76.72551512071855,10.242324378076425]]],[[[76.72632360447426,10.091137915759111],[76.72713208822996,10.091137915759111],[76.72713208822996,10.091946399514818],[76.72632360447426,10.091946399514818],[76.72632360447426,10.091137915759111]]],[[[76.72632360447426,10.181688096398357],[76.72713208822996,10.181688096398357],[76.72713208822996,10.183305063909772],[76.72632360447426,10.183305063909772],[76.72632360447426,10.181688096398357]]],[[[76.72713208822996,10.090329432003402],[76.72874905574137,10.090329432003402],[76.72874905574137,10.091137915759111],[76.72713208822996,10.091137915759111],[76.72713208822996,10.090329432003402]]],[[[76.72713208822996,10.14773177865864],[76.72794057198567,10.14773177865864],[76.72794057198567,10.148540262414347],[76.72713208822996,10.148540262414347],[76.72713208822996,10.14773177865864]]],[[[76.72713208822996,10.18087961264265],[76.72794057198567,10.18087961264265],[76.72794057198567,10.181688096398357],[76.72713208822996,10.181688096398357],[76.72713208822996,10.18087961264265]]],[[[76.72713208822996,10.243132861832134],[76.72794057198567,10.243132861832134],[76.72794057198567,10.24394134558784],[76.72713208822996,10.24394134558784],[76.72713208822996,10.243132861832134]]],[[[76.72794057198567,10.148540262414347],[76.72874905574137,10.148540262414347],[76.72874905574137,10.149348746170055],[76.72794057198567,10.149348746170055],[76.72794057198567,10.148540262414347]]],[[[76.72794057198567,10.17764567761982],[76.72874905574137,10.17764567761982],[76.72874905574137,10.178454161375528],[76.72794057198567,10.178454161375528],[76.72794057198567,10.17764567761982]]],[[[76.72794057198567,10.180071128886944],[76.72874905574137,10.180071128886944],[76.72874905574137,10.18087961264265],[76.72794057198567,10.18087961264265],[76.72794057198567,10.180071128886944]]],[[[76.72794057198567,10.24394134558784],[76.7295575394971,10.24394134558784],[76.7295575394971,10.244749829343549],[76.72794057198567,10.244749829343549],[76.72794057198567,10.24394134558784]]],[[[76.72874905574137,10.089520948247696],[76.7303660232528,10.089520948247696],[76.7303660232528,10.090329432003402],[76.72874905574137,10.090329432003402],[76.72874905574137,10.089520948247696]]],[[[76.72874905574137,10.149348746170055],[76.7295575394971,10.149348746170055],[76.7295575394971,10.150157229925762],[76.72874905574137,10.150157229925762],[76.72874905574137,10.149348746170055]]],[[[76.72874905574137,10.176837193864113],[76.7295575394971,10.176837193864113],[76.7295575394971,10.17764567761982],[76.72874905574137,10.17764567761982],[76.72874905574137,10.176837193864113]]],[[[76.72874905574137,10.178454161375528],[76.7295575394971,10.178454161375528],[76.7295575394971,10.180071128886944],[76.72874905574137,10.180071128886944],[76.72874905574137,10.178454161375528]]],[[[76.7295575394971,10.150157229925762],[76.7303660232528,10.150157229925762],[76.7303660232528,10.15096571368147],[76.7295575394971,10.15096571368147],[76.7295575394971,10.150157229925762]]],[[[76.7295575394971,10.175220226352698],[76.7303660232528,10.175220226352698],[76.7303660232528,10.176837193864113],[76.7295575394971,10.176837193864113],[76.7295575394971,10.175220226352698]]],[[[76.7295575394971,10.243132861832134],[76.7311745070085,10.243132861832134],[76.7311745070085,10.24394134558784],[76.7295575394971,10.24394134558784],[76.7295575394971,10.243132861832134]]],[[[76.7303660232528,10.088712464491987],[76.73198299076421,10.088712464491987],[76.73198299076421,10.089520948247696],[76.7303660232528,10.089520948247696],[76.7303660232528,10.088712464491987]]],[[[76.7303660232528,10.15096571368147],[76.73279147451991,10.15096571368147],[76.73279147451991,10.151774197437177],[76.7303660232528,10.151774197437177],[76.7303660232528,10.15096571368147]]],[[[76.7303660232528,10.173603258841283],[76.7311745070085,10.173603258841283],[76.7311745070085,10.175220226352698],[76.7303660232528,10.175220226352698],[76.7303660232528,10.173603258841283]]],[[[76.7311745070085,10.172794775085574],[76.73198299076421,10.172794775085574],[76.73198299076421,10.173603258841283],[76.7311745070085,10.173603258841283],[76.7311745070085,10.172794775085574]]],[[[76.7311745070085,10.242324378076425],[76.73925934456558,10.242324378076425],[76.73925934456558,10.243132861832134],[76.7311745070085,10.243132861832134],[76.7311745070085,10.242324378076425]]],[[[76.73198299076421,10.08790398073628],[76.73440844203134,10.08790398073628],[76.73440844203134,10.088712464491987],[76.73198299076421,10.088712464491987],[76.73198299076421,10.08790398073628]]],[[[76.73198299076421,10.171177807574159],[76.73279147451991,10.171177807574159],[76.73279147451991,10.172794775085574],[76.73198299076421,10.172794775085574],[76.73198299076421,10.171177807574159]]],[[[76.73279147451991,10.151774197437177],[76.73683389329845,10.151774197437177],[76.73683389329845,10.152582681192886],[76.73279147451991,10.152582681192886],[76.73279147451991,10.151774197437177]]],[[[76.73279147451991,10.169560840062744],[76.73359995827563,10.169560840062744],[76.73359995827563,10.171177807574159],[76.73279147451991,10.171177807574159],[76.73279147451991,10.169560840062744]]],[[[76.73359995827563,10.16794387255133],[76.73440844203134,10.16794387255133],[76.73440844203134,10.169560840062744],[76.73359995827563,10.169560840062744],[76.73359995827563,10.16794387255133]]],[[[76.73440844203134,10.087095496980572],[76.73602540954275,10.087095496980572],[76.73602540954275,10.08790398073628],[76.73440844203134,10.08790398073628],[76.73440844203134,10.087095496980572]]],[[[76.73440844203134,10.167135388795622],[76.73521692578704,10.167135388795622],[76.73521692578704,10.16794387255133],[76.73440844203134,10.16794387255133],[76.73440844203134,10.167135388795622]]],[[[76.73521692578704,10.162284486261376],[76.73602540954275,10.162284486261376],[76.73602540954275,10.163901453772791],[76.73521692578704,10.163901453772791],[76.73521692578704,10.162284486261376]]],[[[76.73521692578704,10.166326905039915],[76.73602540954275,10.166326905039915],[76.73602540954275,10.167135388795622],[76.73521692578704,10.167135388795622],[76.73521692578704,10.166326905039915]]],[[[76.73602540954275,10.086287013224865],[76.73845086080988,10.086287013224865],[76.73845086080988,10.087095496980572],[76.73602540954275,10.087095496980572],[76.73602540954275,10.086287013224865]]],[[[76.73602540954275,10.161476002505669],[76.73683389329845,10.161476002505669],[76.73683389329845,10.162284486261376],[76.73602540954275,10.162284486261376],[76.73602540954275,10.161476002505669]]],[[[76.73602540954275,10.163901453772791],[76.73925934456558,10.163901453772791],[76.73925934456558,10.1647099375285],[76.73683389329845,10.1647099375285],[76.73683389329845,10.166326905039915],[76.73602540954275,10.166326905039915],[76.73602540954275,10.163901453772791]]],[[[76.73683389329845,10.152582681192886],[76.73764237705416,10.152582681192886],[76.73764237705416,10.153391164948593],[76.73683389329845,10.153391164948593],[76.73683389329845,10.152582681192886]]],[[[76.73683389329845,10.16066751874996],[76.73764237705416,10.16066751874996],[76.73764237705416,10.161476002505669],[76.73683389329845,10.161476002505669],[76.73683389329845,10.16066751874996]]],[[[76.73764237705416,10.153391164948593],[76.73845086080988,10.153391164948593],[76.73845086080988,10.154199648704301],[76.73925934456558,10.154199648704301],[76.73925934456558,10.159050551238545],[76.73845086080988,10.159050551238545],[76.73845086080988,10.155816616215716],[76.73764237705416,10.155816616215716],[76.73764237705416,10.153391164948593]]],[[[76.73764237705416,10.159050551238545],[76.73845086080988,10.159050551238545],[76.73845086080988,10.16066751874996],[76.73764237705416,10.16066751874996],[76.73764237705416,10.159050551238545]]],[[[76.73845086080988,10.085478529469157],[76.74006782832129,10.085478529469157],[76.74006782832129,10.086287013224865],[76.73845086080988,10.086287013224865],[76.73845086080988,10.085478529469157]]],[[[76.73925934456558,10.153391164948593],[76.74006782832129,10.153391164948593],[76.74006782832129,10.154199648704301],[76.73925934456558,10.154199648704301],[76.73925934456558,10.153391164948593]]],[[[76.73925934456558,10.1647099375285],[76.74006782832129,10.1647099375285],[76.74006782832129,10.165518421284206],[76.73925934456558,10.165518421284206],[76.73925934456558,10.1647099375285]]],[[[76.73925934456558,10.243132861832134],[76.7416847958327,10.243132861832134],[76.7416847958327,10.24394134558784],[76.73925934456558,10.24394134558784],[76.73925934456558,10.243132861832134]]],[[[76.74006782832129,10.08467004571345],[76.74087631207699,10.08467004571345],[76.74087631207699,10.085478529469157],[76.74006782832129,10.085478529469157],[76.74006782832129,10.08467004571345]]],[[[76.74006782832129,10.152582681192886],[76.74087631207699,10.152582681192886],[76.74087631207699,10.153391164948593],[76.74006782832129,10.153391164948593],[76.74006782832129,10.152582681192886]]],[[[76.74006782832129,10.165518421284206],[76.74087631207699,10.165518421284206],[76.74087631207699,10.166326905039915],[76.74006782832129,10.166326905039915],[76.74006782832129,10.165518421284206]]],[[[76.74087631207699,10.083861561957741],[76.7416847958327,10.083861561957741],[76.7416847958327,10.08467004571345],[76.74087631207699,10.08467004571345],[76.74087631207699,10.083861561957741]]],[[[76.74087631207699,10.151774197437177],[76.7416847958327,10.151774197437177],[76.7416847958327,10.152582681192886],[76.74087631207699,10.152582681192886],[76.74087631207699,10.151774197437177]]],[[[76.74087631207699,10.166326905039915],[76.74572721461124,10.166326905039915],[76.74572721461124,10.167135388795622],[76.74087631207699,10.167135388795622],[76.74087631207699,10.166326905039915]]],[[[76.7416847958327,10.083053078202035],[76.74330176334412,10.083053078202035],[76.74330176334412,10.083861561957741],[76.7416847958327,10.083861561957741],[76.7416847958327,10.083053078202035]]],[[[76.7416847958327,10.15096571368147],[76.74330176334412,10.15096571368147],[76.74330176334412,10.151774197437177],[76.7416847958327,10.151774197437177],[76.7416847958327,10.15096571368147]]],[[[76.7416847958327,10.24394134558784],[76.7513866009012,10.24394134558784],[76.7513866009012,10.244749829343549],[76.7416847958327,10.244749829343549],[76.7416847958327,10.24394134558784]]],[[[76.74330176334412,10.082244594446326],[76.74411024709983,10.082244594446326],[76.74411024709983,10.083053078202035],[76.74330176334412,10.083053078202035],[76.74330176334412,10.082244594446326]]],[[[76.74330176334412,10.151774197437177],[76.74411024709983,10.151774197437177],[76.74411024709983,10.152582681192886],[76.74330176334412,10.152582681192886],[76.74330176334412,10.151774197437177]]],[[[76.74411024709983,10.08062762693491],[76.74491873085553,10.08062762693491],[76.74491873085553,10.082244594446326],[76.74411024709983,10.082244594446326],[76.74411024709983,10.08062762693491]]],[[[76.74411024709983,10.15096571368147],[76.74491873085553,10.15096571368147],[76.74491873085553,10.151774197437177],[76.74411024709983,10.151774197437177],[76.74411024709983,10.15096571368147]]],[[[76.74491873085553,10.079819143179204],[76.74572721461124,10.079819143179204],[76.74572721461124,10.08062762693491],[76.74491873085553,10.08062762693491],[76.74491873085553,10.079819143179204]]],[[[76.74734418212266,10.149348746170055],[76.74734418212266,10.151774197437177],[76.74653569836694,10.151774197437177],[76.74653569836694,10.15096571368147],[76.74491873085553,10.15096571368147],[76.74491873085553,10.150157229925762],[76.74653569836694,10.150157229925762],[76.74653569836694,10.149348746170055],[76.74734418212266,10.149348746170055]]],[[[76.74572721461124,10.077393691912082],[76.74653569836694,10.077393691912082],[76.74653569836694,10.079819143179204],[76.74572721461124,10.079819143179204],[76.74572721461124,10.077393691912082]]],[[[76.74572721461124,10.167135388795622],[76.7513866009012,10.167135388795622],[76.7513866009012,10.16794387255133],[76.74572721461124,10.16794387255133],[76.74572721461124,10.167135388795622]]],[[[76.74653569836694,10.076585208156374],[76.74734418212266,10.076585208156374],[76.74734418212266,10.077393691912082],[76.74653569836694,10.077393691912082],[76.74653569836694,10.076585208156374]]],[[[76.74734418212266,10.075776724400667],[76.74896114963407,10.075776724400667],[76.74896114963407,10.076585208156374],[76.74734418212266,10.076585208156374],[76.74734418212266,10.075776724400667]]],[[[76.74976963338977,10.145306327391518],[76.74976963338977,10.149348746170055],[76.74734418212266,10.149348746170055],[76.74734418212266,10.148540262414347],[76.74896114963407,10.148540262414347],[76.74896114963407,10.145306327391518],[76.74976963338977,10.145306327391518]]],[[[76.74896114963407,10.074968240644958],[76.74976963338977,10.074968240644958],[76.74976963338977,10.075776724400667],[76.74896114963407,10.075776724400667],[76.74896114963407,10.074968240644958]]],[[[76.74976963338977,10.073351273133543],[76.7513866009012,10.073351273133543],[76.7513866009012,10.074968240644958],[76.74976963338977,10.074968240644958],[76.74976963338977,10.073351273133543]]],[[[76.74976963338977,10.14449784363581],[76.75057811714548,10.14449784363581],[76.75057811714548,10.145306327391518],[76.74976963338977,10.145306327391518],[76.74976963338977,10.14449784363581]]],[[[76.75057811714548,10.142880876124394],[76.7513866009012,10.142880876124394],[76.7513866009012,10.14449784363581],[76.75057811714548,10.14449784363581],[76.75057811714548,10.142880876124394]]],[[[76.7513866009012,10.072542789377836],[76.75381205216831,10.072542789377836],[76.75381205216831,10.073351273133543],[76.7513866009012,10.073351273133543],[76.7513866009012,10.072542789377836]]],[[[76.7513866009012,10.138838457345857],[76.7521950846569,10.138838457345857],[76.7521950846569,10.141263908612979],[76.7513866009012,10.141263908612979],[76.7513866009012,10.138838457345857]]],[[[76.7513866009012,10.142072392368688],[76.7521950846569,10.142072392368688],[76.7521950846569,10.142880876124394],[76.7513866009012,10.142880876124394],[76.7513866009012,10.142072392368688]]],[[[76.7513866009012,10.16794387255133],[76.75866295470256,10.16794387255133],[76.75866295470256,10.168752356307037],[76.7513866009012,10.168752356307037],[76.7513866009012,10.16794387255133]]],[[[76.7513866009012,10.243132861832134],[76.75542901967972,10.243132861832134],[76.75542901967972,10.24394134558784],[76.7513866009012,10.24394134558784],[76.7513866009012,10.243132861832134]]],[[[76.75381205216831,10.137221489834442],[76.75381205216831,10.138029973590148],[76.75462053592402,10.138029973590148],[76.75462053592402,10.138838457345857],[76.7521950846569,10.138838457345857],[76.7521950846569,10.138029973590148],[76.75300356841261,10.138029973590148],[76.75300356841261,10.137221489834442],[76.75381205216831,10.137221489834442]]],[[[76.7521950846569,10.141263908612979],[76.75300356841261,10.141263908612979],[76.75300356841261,10.142072392368688],[76.7521950846569,10.142072392368688],[76.7521950846569,10.141263908612979]]],[[[76.75381205216831,10.071734305622128],[76.75462053592402,10.071734305622128],[76.75462053592402,10.072542789377836],[76.75381205216831,10.072542789377836],[76.75381205216831,10.071734305622128]]],[[[76.75381205216831,10.136413006078733],[76.75462053592402,10.136413006078733],[76.75462053592402,10.137221489834442],[76.75381205216831,10.137221489834442],[76.75381205216831,10.136413006078733]]],[[[76.75462053592402,10.070925821866421],[76.75542901967972,10.070925821866421],[76.75542901967972,10.071734305622128],[76.75462053592402,10.071734305622128],[76.75462053592402,10.070925821866421]]],[[[76.75462053592402,10.133987554811611],[76.75542901967972,10.133987554811611],[76.75542901967972,10.136413006078733],[76.75462053592402,10.136413006078733],[76.75462053592402,10.133987554811611]]],[[[76.75462053592402,10.137221489834442],[76.75542901967972,10.137221489834442],[76.75542901967972,10.138029973590148],[76.75462053592402,10.138029973590148],[76.75462053592402,10.137221489834442]]],[[[76.75542901967972,10.070117338110713],[76.75623750343544,10.070117338110713],[76.75623750343544,10.070925821866421],[76.75542901967972,10.070925821866421],[76.75542901967972,10.070117338110713]]],[[[76.75542901967972,10.133179071055904],[76.75623750343544,10.133179071055904],[76.75623750343544,10.133987554811611],[76.75542901967972,10.133987554811611],[76.75542901967972,10.133179071055904]]],[[[76.75542901967972,10.24394134558784],[76.76027992221398,10.24394134558784],[76.76027992221398,10.244749829343549],[76.75542901967972,10.244749829343549],[76.75542901967972,10.24394134558784]]],[[[76.75623750343544,10.068500370599299],[76.75704598719115,10.068500370599299],[76.75704598719115,10.070117338110713],[76.75623750343544,10.070117338110713],[76.75623750343544,10.068500370599299]]],[[[76.75623750343544,10.132370587300196],[76.75704598719115,10.132370587300196],[76.75704598719115,10.133179071055904],[76.75623750343544,10.133179071055904],[76.75623750343544,10.132370587300196]]],[[[76.75704598719115,10.06769188684359],[76.75785447094685,10.06769188684359],[76.75785447094685,10.068500370599299],[76.75704598719115,10.068500370599299],[76.75704598719115,10.06769188684359]]],[[[76.75704598719115,10.13156210354449],[76.75785447094685,10.13156210354449],[76.75785447094685,10.132370587300196],[76.75704598719115,10.132370587300196],[76.75704598719115,10.13156210354449]]],[[[76.75785447094685,10.066883403087884],[76.76189688972539,10.066883403087884],[76.76189688972539,10.06769188684359],[76.75785447094685,10.06769188684359],[76.75785447094685,10.066883403087884]]],[[[76.75785447094685,10.129945136033074],[76.75866295470256,10.129945136033074],[76.75866295470256,10.13156210354449],[76.75785447094685,10.13156210354449],[76.75785447094685,10.129945136033074]]],[[[76.75866295470256,10.125902717254535],[76.75947143845826,10.125902717254535],[76.75947143845826,10.12751968476595],[76.75866295470256,10.12751968476595],[76.75866295470256,10.125902717254535]]],[[[76.75947143845826,10.12751968476595],[76.76027992221398,10.12751968476595],[76.76027992221398,10.129945136033074],[76.75866295470256,10.129945136033074],[76.75866295470256,10.129136652277365],[76.75947143845826,10.129136652277365],[76.75947143845826,10.12751968476595]]],[[[76.75866295470256,10.168752356307037],[76.75947143845826,10.168752356307037],[76.75947143845826,10.169560840062744],[76.75866295470256,10.169560840062744],[76.75866295470256,10.168752356307037]]],[[[76.75947143845826,10.16794387255133],[76.76108840596969,10.16794387255133],[76.76108840596969,10.168752356307037],[76.75947143845826,10.168752356307037],[76.75947143845826,10.16794387255133]]],[[[76.76027992221398,10.244749829343549],[76.76674779225964,10.244749829343549],[76.76674779225964,10.245558313099256],[76.76027992221398,10.245558313099256],[76.76027992221398,10.244749829343549]]],[[[76.76108840596969,10.168752356307037],[76.7635138572368,10.168752356307037],[76.7635138572368,10.169560840062744],[76.76108840596969,10.169560840062744],[76.76108840596969,10.168752356307037]]],[[[76.7635138572368,10.065266435576468],[76.7635138572368,10.066883403087884],[76.76189688972539,10.066883403087884],[76.76189688972539,10.066074919332175],[76.7627053734811,10.066074919332175],[76.7627053734811,10.065266435576468],[76.7635138572368,10.065266435576468]]],[[[76.7635138572368,10.06445795182076],[76.7643223409925,10.06445795182076],[76.7643223409925,10.065266435576468],[76.7635138572368,10.065266435576468],[76.7635138572368,10.06445795182076]]],[[[76.7635138572368,10.169560840062744],[76.77240717854959,10.169560840062744],[76.77240717854959,10.168752356307037],[76.77483262981671,10.168752356307037],[76.77483262981671,10.169560840062744],[76.7732156623053,10.169560840062744],[76.7732156623053,10.170369323818452],[76.7635138572368,10.170369323818452],[76.7635138572368,10.169560840062744]]],[[[76.7643223409925,10.062840984309345],[76.76513082474823,10.062840984309345],[76.76513082474823,10.06445795182076],[76.7643223409925,10.06445795182076],[76.7643223409925,10.062840984309345]]],[[[76.76513082474823,10.062032500553638],[76.76593930850393,10.062032500553638],[76.76593930850393,10.062840984309345],[76.76513082474823,10.062840984309345],[76.76513082474823,10.062032500553638]]],[[[76.76755627601534,10.060415533042223],[76.76755627601534,10.06122401679793],[76.76674779225964,10.06122401679793],[76.76674779225964,10.062032500553638],[76.76593930850393,10.062032500553638],[76.76593930850393,10.060415533042223],[76.76755627601534,10.060415533042223]]],[[[76.76674779225964,10.245558313099256],[76.76836475977105,10.245558313099256],[76.76836475977105,10.246366796854964],[76.76674779225964,10.246366796854964],[76.76674779225964,10.245558313099256]]],[[[76.76755627601534,10.059607049286514],[76.77240717854959,10.059607049286514],[76.77240717854959,10.060415533042223],[76.76755627601534,10.060415533042223],[76.76755627601534,10.059607049286514]]],[[[76.76836475977105,10.244749829343549],[76.76998172728247,10.244749829343549],[76.76998172728247,10.245558313099256],[76.76836475977105,10.245558313099256],[76.76836475977105,10.244749829343549]]],[[[76.76998172728247,10.245558313099256],[76.77644959732812,10.245558313099256],[76.77644959732812,10.246366796854964],[76.76998172728247,10.246366796854964],[76.76998172728247,10.245558313099256]]],[[[76.77240717854959,10.058798565530807],[76.78130049986237,10.058798565530807],[76.78130049986237,10.059607049286514],[76.77240717854959,10.059607049286514],[76.77240717854959,10.058798565530807]]],[[[76.77483262981671,10.16794387255133],[76.77644959732812,10.16794387255133],[76.77644959732812,10.168752356307037],[76.77483262981671,10.168752356307037],[76.77483262981671,10.16794387255133]]],[[[76.77644959732812,10.167135388795622],[76.77725808108383,10.167135388795622],[76.77725808108383,10.16794387255133],[76.77644959732812,10.16794387255133],[76.77644959732812,10.167135388795622]]],[[[76.77644959732812,10.244749829343549],[76.77968353235096,10.244749829343549],[76.77968353235096,10.245558313099256],[76.77644959732812,10.245558313099256],[76.77644959732812,10.244749829343549]]],[[[76.77725808108383,10.166326905039915],[76.77887504859525,10.166326905039915],[76.77887504859525,10.167135388795622],[76.77725808108383,10.167135388795622],[76.77725808108383,10.166326905039915]]],[[[76.77887504859525,10.165518421284206],[76.78130049986237,10.165518421284206],[76.78130049986237,10.166326905039915],[76.77887504859525,10.166326905039915],[76.77887504859525,10.165518421284206]]],[[[76.77968353235096,10.245558313099256],[76.78130049986237,10.245558313099256],[76.78130049986237,10.246366796854964],[76.77968353235096,10.246366796854964],[76.77968353235096,10.245558313099256]]],[[[76.78130049986237,10.0579900817751],[76.78210898361809,10.0579900817751],[76.78210898361809,10.058798565530807],[76.78130049986237,10.058798565530807],[76.78130049986237,10.0579900817751]]],[[[76.78130049986237,10.1647099375285],[76.78291746737379,10.1647099375285],[76.78291746737379,10.165518421284206],[76.78130049986237,10.165518421284206],[76.78130049986237,10.1647099375285]]],[[[76.78130049986237,10.246366796854964],[76.7845344348852,10.246366796854964],[76.7845344348852,10.247175280610671],[76.78130049986237,10.247175280610671],[76.78130049986237,10.246366796854964]]],[[[76.78210898361809,10.055564630507977],[76.78291746737379,10.055564630507977],[76.78291746737379,10.0579900817751],[76.78210898361809,10.0579900817751],[76.78210898361809,10.055564630507977]]],[[[76.78291746737379,10.053947662996562],[76.7837259511295,10.053947662996562],[76.7837259511295,10.055564630507977],[76.78291746737379,10.055564630507977],[76.78291746737379,10.053947662996562]]],[[[76.78291746737379,10.163901453772791],[76.78534291864091,10.163901453772791],[76.78534291864091,10.1647099375285],[76.78291746737379,10.1647099375285],[76.78291746737379,10.163901453772791]]],[[[76.7837259511295,10.052330695485146],[76.7845344348852,10.052330695485146],[76.7845344348852,10.053947662996562],[76.7837259511295,10.053947662996562],[76.7837259511295,10.052330695485146]]],[[[76.78534291864091,10.15096571368147],[76.78534291864091,10.157433583727132],[76.7845344348852,10.157433583727132],[76.7845344348852,10.155816616215716],[76.7837259511295,10.155816616215716],[76.7837259511295,10.154199648704301],[76.7845344348852,10.154199648704301],[76.7845344348852,10.15096571368147],[76.78534291864091,10.15096571368147]]],[[[76.7845344348852,10.05152221172944],[76.78534291864091,10.05152221172944],[76.78534291864091,10.052330695485146],[76.7845344348852,10.052330695485146],[76.7845344348852,10.05152221172944]]],[[[76.7845344348852,10.247175280610671],[76.78534291864091,10.247175280610671],[76.78534291864091,10.247983764366378],[76.7845344348852,10.247983764366378],[76.7845344348852,10.247175280610671]]],[[[76.78534291864091,10.150157229925762],[76.78615140239661,10.150157229925762],[76.78615140239661,10.15096571368147],[76.78534291864091,10.15096571368147],[76.78534291864091,10.150157229925762]]],[[[76.78534291864091,10.157433583727132],[76.78615140239661,10.157433583727132],[76.78615140239661,10.159050551238545],[76.78534291864091,10.159050551238545],[76.78534291864091,10.157433583727132]]],[[[76.78695988615233,10.159859034994254],[76.78776836990804,10.159859034994254],[76.78776836990804,10.1647099375285],[76.78695988615233,10.1647099375285],[76.78695988615233,10.163901453772791],[76.78534291864091,10.163901453772791],[76.78534291864091,10.163092970017084],[76.78695988615233,10.163092970017084],[76.78695988615233,10.159859034994254]]],[[[76.78534291864091,10.247983764366378],[76.79423623995369,10.247983764366378],[76.79423623995369,10.248792248122086],[76.78534291864091,10.248792248122086],[76.78534291864091,10.247983764366378]]],[[[76.78615140239661,10.149348746170055],[76.78695988615233,10.149348746170055],[76.78695988615233,10.150157229925762],[76.78615140239661,10.150157229925762],[76.78615140239661,10.149348746170055]]],[[[76.78615140239661,10.159050551238545],[76.78695988615233,10.159050551238545],[76.78695988615233,10.159859034994254],[76.78615140239661,10.159859034994254],[76.78615140239661,10.159050551238545]]],[[[76.78695988615233,10.14773177865864],[76.78776836990804,10.14773177865864],[76.78776836990804,10.149348746170055],[76.78695988615233,10.149348746170055],[76.78695988615233,10.14773177865864]]],[[[76.78776836990804,10.146923294902933],[76.78857685366374,10.146923294902933],[76.78857685366374,10.14773177865864],[76.78776836990804,10.14773177865864],[76.78776836990804,10.146923294902933]]],[[[76.78776836990804,10.1647099375285],[76.78857685366374,10.1647099375285],[76.78857685366374,10.165518421284206],[76.78776836990804,10.165518421284206],[76.78776836990804,10.1647099375285]]],[[[76.78857685366374,10.146114811147225],[76.78938533741945,10.146114811147225],[76.78938533741945,10.146923294902933],[76.78857685366374,10.146923294902933],[76.78857685366374,10.146114811147225]]],[[[76.78857685366374,10.165518421284206],[76.78938533741945,10.165518421284206],[76.78938533741945,10.166326905039915],[76.78857685366374,10.166326905039915],[76.78857685366374,10.165518421284206]]],[[[76.78938533741945,10.145306327391518],[76.79019382117515,10.145306327391518],[76.79019382117515,10.146114811147225],[76.78938533741945,10.146114811147225],[76.78938533741945,10.145306327391518]]],[[[76.78938533741945,10.166326905039915],[76.79019382117515,10.166326905039915],[76.79019382117515,10.167135388795622],[76.78938533741945,10.167135388795622],[76.78938533741945,10.166326905039915]]],[[[76.79019382117515,10.14449784363581],[76.79181078868658,10.14449784363581],[76.79181078868658,10.145306327391518],[76.79019382117515,10.145306327391518],[76.79019382117515,10.14449784363581]]],[[[76.79019382117515,10.167135388795622],[76.79181078868658,10.167135388795622],[76.79181078868658,10.16794387255133],[76.79019382117515,10.16794387255133],[76.79019382117515,10.167135388795622]]],[[[76.79181078868658,10.143689359880103],[76.79261927244228,10.143689359880103],[76.79261927244228,10.14449784363581],[76.79181078868658,10.14449784363581],[76.79181078868658,10.143689359880103]]],[[[76.79181078868658,10.16794387255133],[76.79261927244228,10.16794387255133],[76.79261927244228,10.169560840062744],[76.79181078868658,10.169560840062744],[76.79181078868658,10.16794387255133]]],[[[76.79261927244228,10.142880876124394],[76.7950447237094,10.142880876124394],[76.7950447237094,10.143689359880103],[76.79261927244228,10.143689359880103],[76.79261927244228,10.142880876124394]]],[[[76.79261927244228,10.169560840062744],[76.79342775619799,10.169560840062744],[76.79342775619799,10.171177807574159],[76.79261927244228,10.171177807574159],[76.79261927244228,10.169560840062744]]],[[[76.79342775619799,10.171177807574159],[76.79423623995369,10.171177807574159],[76.79423623995369,10.17441174259699],[76.79342775619799,10.17441174259699],[76.79342775619799,10.171177807574159]]],[[[76.79423623995369,10.17441174259699],[76.7950447237094,10.17441174259699],[76.7950447237094,10.173603258841283],[76.79908714248793,10.173603258841283],[76.79908714248793,10.17441174259699],[76.79585320746511,10.17441174259699],[76.79585320746511,10.175220226352698],[76.79423623995369,10.175220226352698],[76.79423623995369,10.17441174259699]]],[[[76.79423623995369,10.247175280610671],[76.7950447237094,10.247175280610671],[76.7950447237094,10.247983764366378],[76.79423623995369,10.247983764366378],[76.79423623995369,10.247175280610671]]],[[[76.7950447237094,10.142072392368688],[76.79747017497652,10.142072392368688],[76.79747017497652,10.142880876124394],[76.7950447237094,10.142880876124394],[76.7950447237094,10.142072392368688]]],[[[76.7950447237094,10.246366796854964],[76.79747017497652,10.246366796854964],[76.79747017497652,10.247175280610671],[76.7950447237094,10.247175280610671],[76.7950447237094,10.246366796854964]]],[[[76.79747017497652,10.141263908612979],[76.79827865873223,10.141263908612979],[76.79827865873223,10.142072392368688],[76.79747017497652,10.142072392368688],[76.79747017497652,10.141263908612979]]],[[[76.79747017497652,10.245558313099256],[76.79827865873223,10.245558313099256],[76.79827865873223,10.246366796854964],[76.79747017497652,10.246366796854964],[76.79747017497652,10.245558313099256]]],[[[76.79827865873223,10.139646941101564],[76.79908714248793,10.139646941101564],[76.79908714248793,10.141263908612979],[76.79827865873223,10.141263908612979],[76.79827865873223,10.139646941101564]]],[[[76.79827865873223,10.244749829343549],[76.80070410999936,10.244749829343549],[76.80070410999936,10.245558313099256],[76.79827865873223,10.245558313099256],[76.79827865873223,10.244749829343549]]],[[[76.79908714248793,10.138838457345857],[76.79989562624365,10.138838457345857],[76.79989562624365,10.139646941101564],[76.79908714248793,10.139646941101564],[76.79908714248793,10.138838457345857]]],[[[76.79908714248793,10.172794775085574],[76.79989562624365,10.172794775085574],[76.79989562624365,10.173603258841283],[76.79908714248793,10.173603258841283],[76.79908714248793,10.172794775085574]]],[[[76.79989562624365,10.138029973590148],[76.80070410999936,10.138029973590148],[76.80070410999936,10.138838457345857],[76.79989562624365,10.138838457345857],[76.79989562624365,10.138029973590148]]],[[[76.79989562624365,10.171986291329867],[76.8047465287779,10.171986291329867],[76.8047465287779,10.172794775085574],[76.79989562624365,10.172794775085574],[76.79989562624365,10.171986291329867]]],[[[76.80070410999936,10.137221489834442],[76.80151259375506,10.137221489834442],[76.80151259375506,10.138029973590148],[76.80070410999936,10.138029973590148],[76.80070410999936,10.137221489834442]]],[[[76.80070410999936,10.24394134558784],[76.80312956126647,10.24394134558784],[76.80312956126647,10.244749829343549],[76.80070410999936,10.244749829343549],[76.80070410999936,10.24394134558784]]],[[[76.80151259375506,10.136413006078733],[76.80232107751077,10.136413006078733],[76.80232107751077,10.137221489834442],[76.80151259375506,10.137221489834442],[76.80151259375506,10.136413006078733]]],[[[76.80393804502218,10.13479603856732],[76.80393804502218,10.136413006078733],[76.80232107751077,10.136413006078733],[76.80232107751077,10.135604522323026],[76.80312956126647,10.135604522323026],[76.80312956126647,10.13479603856732],[76.80393804502218,10.13479603856732]]],[[[76.80312956126647,10.244749829343549],[76.80798046380072,10.244749829343549],[76.80798046380072,10.245558313099256],[76.80312956126647,10.245558313099256],[76.80312956126647,10.244749829343549]]],[[[76.8055550125336,10.133179071055904],[76.8055550125336,10.133987554811611],[76.8047465287779,10.133987554811611],[76.8047465287779,10.13479603856732],[76.80393804502218,10.13479603856732],[76.80393804502218,10.133179071055904],[76.8055550125336,10.133179071055904]]],[[[76.8047465287779,10.172794775085574],[76.80798046380072,10.172794775085574],[76.80798046380072,10.173603258841283],[76.8047465287779,10.173603258841283],[76.8047465287779,10.172794775085574]]],[[[76.8055550125336,10.132370587300196],[76.80717198004501,10.132370587300196],[76.80717198004501,10.133179071055904],[76.8055550125336,10.133179071055904],[76.8055550125336,10.132370587300196]]],[[[76.80717198004501,10.129945136033074],[76.80798046380072,10.129945136033074],[76.80798046380072,10.132370587300196],[76.80717198004501,10.132370587300196],[76.80717198004501,10.129945136033074]]],[[[76.80798046380072,10.129136652277365],[76.80878894755644,10.129136652277365],[76.80878894755644,10.129945136033074],[76.80798046380072,10.129945136033074],[76.80798046380072,10.129136652277365]]],[[[76.80798046380072,10.173603258841283],[76.80959743131214,10.173603258841283],[76.80959743131214,10.17441174259699],[76.80798046380072,10.17441174259699],[76.80798046380072,10.173603258841283]]],[[[76.80798046380072,10.24394134558784],[76.82010772013633,10.24394134558784],[76.82010772013633,10.244749829343549],[76.80798046380072,10.244749829343549],[76.80798046380072,10.24394134558784]]],[[[76.80878894755644,10.12751968476595],[76.81202288257926,10.12751968476595],[76.81202288257926,10.129136652277365],[76.80878894755644,10.129136652277365],[76.80878894755644,10.12751968476595]]],[[[76.80959743131214,10.172794775085574],[76.81040591506785,10.172794775085574],[76.81040591506785,10.173603258841283],[76.80959743131214,10.173603258841283],[76.80959743131214,10.172794775085574]]],[[[76.81040591506785,10.171986291329867],[76.81444833384639,10.171986291329867],[76.81444833384639,10.172794775085574],[76.81040591506785,10.172794775085574],[76.81040591506785,10.171986291329867]]],[[[76.8168737851135,10.125902717254535],[76.8168737851135,10.12751968476595],[76.81202288257926,10.12751968476595],[76.81202288257926,10.126711201010243],[76.8160653013578,10.126711201010243],[76.8160653013578,10.125902717254535],[76.8168737851135,10.125902717254535]]],[[[76.81444833384639,10.172794775085574],[76.8160653013578,10.172794775085574],[76.8160653013578,10.173603258841283],[76.81444833384639,10.173603258841283],[76.81444833384639,10.172794775085574]]],[[[76.8160653013578,10.173603258841283],[76.8168737851135,10.173603258841283],[76.8168737851135,10.17441174259699],[76.8160653013578,10.17441174259699],[76.8160653013578,10.173603258841283]]],[[[76.8168737851135,10.125094233498828],[76.81768226886922,10.125094233498828],[76.81768226886922,10.125902717254535],[76.8168737851135,10.125902717254535],[76.8168737851135,10.125094233498828]]],[[[76.8168737851135,10.17441174259699],[76.81849075262492,10.17441174259699],[76.81849075262492,10.175220226352698],[76.8168737851135,10.175220226352698],[76.8168737851135,10.17441174259699]]],[[[76.81768226886922,10.124285749743121],[76.81929923638063,10.124285749743121],[76.81929923638063,10.125094233498828],[76.81768226886922,10.125094233498828],[76.81768226886922,10.124285749743121]]],[[[76.81849075262492,10.173603258841283],[76.82010772013633,10.173603258841283],[76.82010772013633,10.17441174259699],[76.81849075262492,10.17441174259699],[76.81849075262492,10.173603258841283]]],[[[76.81929923638063,10.125094233498828],[76.82091620389204,10.125094233498828],[76.82091620389204,10.125902717254535],[76.81929923638063,10.125902717254535],[76.81929923638063,10.125094233498828]]],[[[76.82010772013633,10.17441174259699],[76.82091620389204,10.17441174259699],[76.82091620389204,10.175220226352698],[76.82010772013633,10.175220226352698],[76.82010772013633,10.17441174259699]]],[[[76.82010772013633,10.244749829343549],[76.82172468764774,10.244749829343549],[76.82172468764774,10.245558313099256],[76.82010772013633,10.245558313099256],[76.82010772013633,10.244749829343549]]],[[[76.82091620389204,10.125902717254535],[76.82576710642628,10.125902717254535],[76.82576710642628,10.126711201010243],[76.82091620389204,10.126711201010243],[76.82091620389204,10.125902717254535]]],[[[76.82091620389204,10.175220226352698],[76.82172468764774,10.175220226352698],[76.82172468764774,10.176837193864113],[76.82091620389204,10.176837193864113],[76.82091620389204,10.175220226352698]]],[[[76.82172468764774,10.176837193864113],[76.82253317140346,10.176837193864113],[76.82253317140346,10.179262645131235],[76.82172468764774,10.179262645131235],[76.82172468764774,10.176837193864113]]],[[[76.82172468764774,10.245558313099256],[76.82253317140346,10.245558313099256],[76.82253317140346,10.247175280610671],[76.82172468764774,10.247175280610671],[76.82172468764774,10.245558313099256]]],[[[76.82253317140346,10.179262645131235],[76.82415013891487,10.179262645131235],[76.82415013891487,10.180071128886944],[76.82253317140346,10.180071128886944],[76.82253317140346,10.179262645131235]]],[[[76.82253317140346,10.184113547665481],[76.82415013891487,10.184113547665481],[76.82415013891487,10.187347482688311],[76.82253317140346,10.187347482688311],[76.82253317140346,10.184113547665481]]],[[[76.82253317140346,10.247175280610671],[76.82415013891487,10.247175280610671],[76.82415013891487,10.247983764366378],[76.82253317140346,10.247983764366378],[76.82253317140346,10.247175280610671]]],[[[76.82415013891487,10.180071128886944],[76.82495862267058,10.180071128886944],[76.82495862267058,10.184113547665481],[76.82415013891487,10.184113547665481],[76.82415013891487,10.180071128886944]]],[[[76.82415013891487,10.187347482688311],[76.82738407393771,10.187347482688311],[76.82738407393771,10.188155966444018],[76.82415013891487,10.188155966444018],[76.82415013891487,10.187347482688311]]],[[[76.82415013891487,10.247983764366378],[76.82495862267058,10.247983764366378],[76.82495862267058,10.248792248122086],[76.82415013891487,10.248792248122086],[76.82415013891487,10.247983764366378]]],[[[76.82495862267058,10.248792248122086],[76.82738407393771,10.248792248122086],[76.82738407393771,10.249600731877793],[76.82495862267058,10.249600731877793],[76.82495862267058,10.248792248122086]]],[[[76.82576710642628,10.124285749743121],[76.826575590182,10.124285749743121],[76.826575590182,10.125902717254535],[76.82576710642628,10.125902717254535],[76.82576710642628,10.124285749743121]]],[[[76.826575590182,10.123477265987413],[76.82819255769341,10.123477265987413],[76.82819255769341,10.124285749743121],[76.826575590182,10.124285749743121],[76.826575590182,10.123477265987413]]],[[[76.82738407393771,10.186538998932603],[76.82980952520482,10.186538998932603],[76.82980952520482,10.187347482688311],[76.82738407393771,10.187347482688311],[76.82738407393771,10.186538998932603]]],[[[76.82738407393771,10.249600731877793],[76.82900104144912,10.249600731877793],[76.82900104144912,10.250409215633502],[76.82738407393771,10.250409215633502],[76.82738407393771,10.249600731877793]]],[[[76.82819255769341,10.124285749743121],[76.82900104144912,10.124285749743121],[76.82900104144912,10.125094233498828],[76.82819255769341,10.125094233498828],[76.82819255769341,10.124285749743121]]],[[[76.82900104144912,10.125094233498828],[76.82980952520482,10.125094233498828],[76.82980952520482,10.125902717254535],[76.82900104144912,10.125902717254535],[76.82900104144912,10.125094233498828]]],[[[76.82900104144912,10.248792248122086],[76.83304346022766,10.248792248122086],[76.83304346022766,10.249600731877793],[76.82900104144912,10.249600731877793],[76.82900104144912,10.248792248122086]]],[[[76.82980952520482,10.125902717254535],[76.83304346022766,10.125902717254535],[76.83304346022766,10.124285749743121],[76.83385194398336,10.124285749743121],[76.83385194398336,10.126711201010243],[76.82980952520482,10.126711201010243],[76.82980952520482,10.125902717254535]]],[[[76.8387028465176,10.184922031421188],[76.8387028465176,10.185730515176896],[76.8378943627619,10.185730515176896],[76.8378943627619,10.186538998932603],[76.82980952520482,10.186538998932603],[76.82980952520482,10.185730515176896],[76.8370858790062,10.185730515176896],[76.8370858790062,10.184922031421188],[76.8387028465176,10.184922031421188]]],[[[76.83304346022766,10.249600731877793],[76.83385194398336,10.249600731877793],[76.83385194398336,10.250409215633502],[76.83304346022766,10.250409215633502],[76.83304346022766,10.249600731877793]]],[[[76.83385194398336,10.122668782231706],[76.83466042773907,10.122668782231706],[76.83466042773907,10.124285749743121],[76.83385194398336,10.124285749743121],[76.83385194398336,10.122668782231706]]],[[[76.83385194398336,10.250409215633502],[76.83466042773907,10.250409215633502],[76.83466042773907,10.252834666900624],[76.83385194398336,10.252834666900624],[76.83385194398336,10.250409215633502]]],[[[76.83466042773907,10.121860298475998],[76.83546891149479,10.121860298475998],[76.83546891149479,10.122668782231706],[76.83466042773907,10.122668782231706],[76.83466042773907,10.121860298475998]]],[[[76.83466042773907,10.252834666900624],[76.83546891149479,10.252834666900624],[76.83546891149479,10.254451634412039],[76.83466042773907,10.254451634412039],[76.83466042773907,10.252834666900624]]],[[[76.83546891149479,10.12105181472029],[76.8378943627619,10.12105181472029],[76.8378943627619,10.121860298475998],[76.83546891149479,10.121860298475998],[76.83546891149479,10.12105181472029]]],[[[76.83546891149479,10.254451634412039],[76.83627739525049,10.254451634412039],[76.83627739525049,10.256877085679163],[76.83546891149479,10.256877085679163],[76.83546891149479,10.254451634412039]]],[[[76.83627739525049,10.256877085679163],[76.8370858790062,10.256877085679163],[76.8370858790062,10.25768556943487],[76.83627739525049,10.25768556943487],[76.83627739525049,10.256877085679163]]],[[[76.8370858790062,10.25768556943487],[76.83951133027333,10.25768556943487],[76.83951133027333,10.258494053190576],[76.8370858790062,10.258494053190576],[76.8370858790062,10.25768556943487]]],[[[76.8378943627619,10.121860298475998],[76.84112829778473,10.121860298475998],[76.84112829778473,10.12105181472029],[76.84355374905185,10.12105181472029],[76.84355374905185,10.121860298475998],[76.84193678154044,10.121860298475998],[76.84193678154044,10.122668782231706],[76.8378943627619,10.122668782231706],[76.8378943627619,10.121860298475998]]],[[[76.8387028465176,10.133179071055904],[76.83951133027333,10.133179071055904],[76.83951133027333,10.133987554811611],[76.8387028465176,10.133987554811611],[76.8387028465176,10.133179071055904]]],[[[76.8387028465176,10.184113547665481],[76.84031981402903,10.184113547665481],[76.84031981402903,10.184922031421188],[76.8387028465176,10.184922031421188],[76.8387028465176,10.184113547665481]]],[[[76.83951133027333,10.132370587300196],[76.84031981402903,10.132370587300196],[76.84031981402903,10.133179071055904],[76.83951133027333,10.133179071055904],[76.83951133027333,10.132370587300196]]],[[[76.83951133027333,10.133987554811611],[76.84031981402903,10.133987554811611],[76.84031981402903,10.13479603856732],[76.83951133027333,10.13479603856732],[76.83951133027333,10.133987554811611]]],[[[76.83951133027333,10.258494053190576],[76.84355374905185,10.258494053190576],[76.84355374905185,10.259302536946285],[76.83951133027333,10.259302536946285],[76.83951133027333,10.258494053190576]]],[[[76.84031981402903,10.13156210354449],[76.84274526529614,10.13156210354449],[76.84274526529614,10.132370587300196],[76.84031981402903,10.132370587300196],[76.84031981402903,10.13156210354449]]],[[[76.84031981402903,10.13479603856732],[76.84112829778473,10.13479603856732],[76.84112829778473,10.135604522323026],[76.84031981402903,10.135604522323026],[76.84031981402903,10.13479603856732]]],[[[76.84031981402903,10.183305063909772],[76.84193678154044,10.183305063909772],[76.84193678154044,10.184113547665481],[76.84031981402903,10.184113547665481],[76.84031981402903,10.183305063909772]]],[[[76.84112829778473,10.135604522323026],[76.84193678154044,10.135604522323026],[76.84193678154044,10.136413006078733],[76.84112829778473,10.136413006078733],[76.84112829778473,10.135604522323026]]],[[[76.84193678154044,10.136413006078733],[76.84274526529614,10.136413006078733],[76.84274526529614,10.138029973590148],[76.84193678154044,10.138029973590148],[76.84193678154044,10.136413006078733]]],[[[76.84193678154044,10.184113547665481],[76.84517071656327,10.184113547665481],[76.84517071656327,10.184922031421188],[76.84193678154044,10.184922031421188],[76.84193678154044,10.184113547665481]]],[[[76.84274526529614,10.13075361978878],[76.84355374905185,10.13075361978878],[76.84355374905185,10.13156210354449],[76.84274526529614,10.13156210354449],[76.84274526529614,10.13075361978878]]],[[[76.84274526529614,10.138029973590148],[76.84355374905185,10.138029973590148],[76.84355374905185,10.138838457345857],[76.84274526529614,10.138838457345857],[76.84274526529614,10.138029973590148]]],[[[76.84355374905185,10.121860298475998],[76.84597920031898,10.121860298475998],[76.84597920031898,10.122668782231706],[76.84678768407468,10.122668782231706],[76.84678768407468,10.12751968476595],[76.84597920031898,10.12751968476595],[76.84597920031898,10.123477265987413],[76.84517071656327,10.123477265987413],[76.84517071656327,10.122668782231706],[76.84355374905185,10.122668782231706],[76.84355374905185,10.121860298475998]]],[[[76.84355374905185,10.129945136033074],[76.84436223280757,10.129945136033074],[76.84436223280757,10.13075361978878],[76.84355374905185,10.13075361978878],[76.84355374905185,10.129945136033074]]],[[[76.84355374905185,10.138838457345857],[76.84436223280757,10.138838457345857],[76.84436223280757,10.139646941101564],[76.84355374905185,10.139646941101564],[76.84355374905185,10.138838457345857]]],[[[76.84355374905185,10.25768556943487],[76.84517071656327,10.25768556943487],[76.84517071656327,10.258494053190576],[76.84355374905185,10.258494053190576],[76.84355374905185,10.25768556943487]]],[[[76.84597920031898,10.12751968476595],[76.84597920031898,10.129136652277365],[76.84517071656327,10.129136652277365],[76.84517071656327,10.129945136033074],[76.84436223280757,10.129945136033074],[76.84436223280757,10.12751968476595],[76.84597920031898,10.12751968476595]]],[[[76.84436223280757,10.139646941101564],[76.84517071656327,10.139646941101564],[76.84517071656327,10.140455424857272],[76.84436223280757,10.140455424857272],[76.84436223280757,10.139646941101564]]],[[[76.84517071656327,10.138838457345857],[76.84678768407468,10.138838457345857],[76.84678768407468,10.139646941101564],[76.84517071656327,10.139646941101564],[76.84517071656327,10.138838457345857]]],[[[76.84517071656327,10.183305063909772],[76.84678768407468,10.183305063909772],[76.84678768407468,10.184113547665481],[76.84517071656327,10.184113547665481],[76.84517071656327,10.183305063909772]]],[[[76.84517071656327,10.258494053190576],[76.84597920031898,10.258494053190576],[76.84597920031898,10.259302536946285],[76.84517071656327,10.259302536946285],[76.84517071656327,10.258494053190576]]],[[[76.84597920031898,10.12105181472029],[76.84678768407468,10.12105181472029],[76.84678768407468,10.121860298475998],[76.84597920031898,10.121860298475998],[76.84597920031898,10.12105181472029]]],[[[76.84597920031898,10.259302536946285],[76.84840465158611,10.259302536946285],[76.84840465158611,10.260111020701991],[76.84597920031898,10.260111020701991],[76.84597920031898,10.259302536946285]]],[[[76.84678768407468,10.119434847208876],[76.84759616783039,10.119434847208876],[76.84759616783039,10.12105181472029],[76.84678768407468,10.12105181472029],[76.84678768407468,10.119434847208876]]],[[[76.84678768407468,10.138029973590148],[76.84921313534181,10.138029973590148],[76.84921313534181,10.138838457345857],[76.84678768407468,10.138838457345857],[76.84678768407468,10.138029973590148]]],[[[76.84678768407468,10.184113547665481],[76.84759616783039,10.184113547665481],[76.84759616783039,10.184922031421188],[76.84678768407468,10.184922031421188],[76.84678768407468,10.184113547665481]]],[[[76.84759616783039,10.118626363453167],[76.84840465158611,10.118626363453167],[76.84840465158611,10.119434847208876],[76.84759616783039,10.119434847208876],[76.84759616783039,10.118626363453167]]],[[[76.84759616783039,10.184922031421188],[76.84921313534181,10.184922031421188],[76.84921313534181,10.185730515176896],[76.84759616783039,10.185730515176896],[76.84759616783039,10.184922031421188]]],[[[76.84840465158611,10.117009395941752],[76.84921313534181,10.117009395941752],[76.84921313534181,10.118626363453167],[76.84840465158611,10.118626363453167],[76.84840465158611,10.117009395941752]]],[[[76.85002161909752,10.183305063909772],[76.85002161909752,10.184922031421188],[76.84921313534181,10.184922031421188],[76.84921313534181,10.184113547665481],[76.84840465158611,10.184113547665481],[76.84840465158611,10.183305063909772],[76.85002161909752,10.183305063909772]]],[[[76.84840465158611,10.258494053190576],[76.85163858660893,10.258494053190576],[76.85163858660893,10.259302536946285],[76.84840465158611,10.259302536946285],[76.84840465158611,10.258494053190576]]],[[[76.84921313534181,10.115392428430336],[76.85002161909752,10.115392428430336],[76.85002161909752,10.117009395941752],[76.84921313534181,10.117009395941752],[76.84921313534181,10.115392428430336]]],[[[76.84921313534181,10.137221489834442],[76.85244707036463,10.137221489834442],[76.85244707036463,10.138029973590148],[76.84921313534181,10.138029973590148],[76.84921313534181,10.137221489834442]]],[[[76.85002161909752,10.11458394467463],[76.85163858660893,10.11458394467463],[76.85163858660893,10.115392428430336],[76.85002161909752,10.115392428430336],[76.85002161909752,10.11458394467463]]],[[[76.85002161909752,10.181688096398357],[76.85163858660893,10.181688096398357],[76.85163858660893,10.183305063909772],[76.85002161909752,10.183305063909772],[76.85002161909752,10.181688096398357]]],[[[76.85163858660893,10.113775460918921],[76.85244707036463,10.113775460918921],[76.85244707036463,10.11458394467463],[76.85163858660893,10.11458394467463],[76.85163858660893,10.113775460918921]]],[[[76.85163858660893,10.18087961264265],[76.85244707036463,10.18087961264265],[76.85244707036463,10.181688096398357],[76.85163858660893,10.181688096398357],[76.85163858660893,10.18087961264265]]],[[[76.85163858660893,10.25768556943487],[76.85325555412035,10.25768556943487],[76.85325555412035,10.258494053190576],[76.85163858660893,10.258494053190576],[76.85163858660893,10.25768556943487]]],[[[76.85244707036463,10.112966977163214],[76.85325555412035,10.112966977163214],[76.85325555412035,10.113775460918921],[76.85244707036463,10.113775460918921],[76.85244707036463,10.112966977163214]]],[[[76.85244707036463,10.136413006078733],[76.85406403787606,10.136413006078733],[76.85406403787606,10.137221489834442],[76.85244707036463,10.137221489834442],[76.85244707036463,10.136413006078733]]],[[[76.85244707036463,10.180071128886944],[76.85406403787606,10.180071128886944],[76.85406403787606,10.18087961264265],[76.85244707036463,10.18087961264265],[76.85244707036463,10.180071128886944]]],[[[76.85325555412035,10.112158493407508],[76.85487252163176,10.112158493407508],[76.85487252163176,10.112966977163214],[76.85325555412035,10.112966977163214],[76.85325555412035,10.112158493407508]]],[[[76.85325555412035,10.256877085679163],[76.85406403787606,10.256877085679163],[76.85406403787606,10.25768556943487],[76.85325555412035,10.25768556943487],[76.85325555412035,10.256877085679163]]],[[[76.85406403787606,10.135604522323026],[76.85568100538747,10.135604522323026],[76.85568100538747,10.136413006078733],[76.85406403787606,10.136413006078733],[76.85406403787606,10.135604522323026]]],[[[76.85568100538747,10.18087961264265],[76.85487252163176,10.18087961264265],[76.85487252163176,10.180071128886944],[76.85406403787606,10.180071128886944],[76.85406403787606,10.179262645131235],[76.85648948914317,10.179262645131235],[76.85648948914317,10.180071128886944],[76.85568100538747,10.180071128886944],[76.85568100538747,10.18087961264265]]],[[[76.85406403787606,10.256068601923454],[76.85487252163176,10.256068601923454],[76.85487252163176,10.256877085679163],[76.85406403787606,10.256877085679163],[76.85406403787606,10.256068601923454]]],[[[76.85487252163176,10.1113500096518],[76.85648948914317,10.1113500096518],[76.85648948914317,10.112158493407508],[76.85487252163176,10.112158493407508],[76.85487252163176,10.1113500096518]]],[[[76.85487252163176,10.255260118167747],[76.85568100538747,10.255260118167747],[76.85568100538747,10.256068601923454],[76.85487252163176,10.256068601923454],[76.85487252163176,10.255260118167747]]],[[[76.85568100538747,10.13479603856732],[76.85729797289889,10.13479603856732],[76.85729797289889,10.135604522323026],[76.85568100538747,10.135604522323026],[76.85568100538747,10.13479603856732]]],[[[76.85568100538747,10.18087961264265],[76.85648948914317,10.18087961264265],[76.85648948914317,10.181688096398357],[76.85568100538747,10.181688096398357],[76.85568100538747,10.18087961264265]]],[[[76.85568100538747,10.254451634412039],[76.85729797289889,10.254451634412039],[76.85729797289889,10.255260118167747],[76.85568100538747,10.255260118167747],[76.85568100538747,10.254451634412039]]],[[[76.85648948914317,10.110541525896092],[76.85729797289889,10.110541525896092],[76.85729797289889,10.1113500096518],[76.85648948914317,10.1113500096518],[76.85648948914317,10.110541525896092]]],[[[76.85648948914317,10.181688096398357],[76.859723424166,10.181688096398357],[76.859723424166,10.183305063909772],[76.85648948914317,10.183305063909772],[76.85648948914317,10.181688096398357]]],[[[76.85729797289889,10.108924558384677],[76.8581064566546,10.108924558384677],[76.8581064566546,10.110541525896092],[76.85729797289889,10.110541525896092],[76.85729797289889,10.108924558384677]]],[[[76.85729797289889,10.133987554811611],[76.8589149404103,10.133987554811611],[76.8589149404103,10.13479603856732],[76.85729797289889,10.13479603856732],[76.85729797289889,10.133987554811611]]],[[[76.85729797289889,10.253643150656332],[76.8589149404103,10.253643150656332],[76.8589149404103,10.254451634412039],[76.85729797289889,10.254451634412039],[76.85729797289889,10.253643150656332]]],[[[76.8581064566546,10.106499107117553],[76.8589149404103,10.106499107117553],[76.8589149404103,10.107307590873262],[76.8581064566546,10.107307590873262],[76.8581064566546,10.106499107117553]]],[[[76.8581064566546,10.108116074628969],[76.8589149404103,10.108116074628969],[76.8589149404103,10.108924558384677],[76.8581064566546,10.108924558384677],[76.8581064566546,10.108116074628969]]],[[[76.8589149404103,10.105690623361847],[76.859723424166,10.105690623361847],[76.859723424166,10.106499107117553],[76.8589149404103,10.106499107117553],[76.8589149404103,10.105690623361847]]],[[[76.8589149404103,10.107307590873262],[76.859723424166,10.107307590873262],[76.859723424166,10.108116074628969],[76.8589149404103,10.108116074628969],[76.8589149404103,10.107307590873262]]],[[[76.8589149404103,10.133179071055904],[76.86134039167742,10.133179071055904],[76.86134039167742,10.133987554811611],[76.8589149404103,10.133987554811611],[76.8589149404103,10.133179071055904]]],[[[76.8589149404103,10.252834666900624],[76.86053190792171,10.252834666900624],[76.86053190792171,10.253643150656332],[76.8589149404103,10.253643150656332],[76.8589149404103,10.252834666900624]]],[[[76.859723424166,10.104882139606138],[76.86053190792171,10.104882139606138],[76.86053190792171,10.105690623361847],[76.859723424166,10.105690623361847],[76.859723424166,10.104882139606138]]],[[[76.859723424166,10.183305063909772],[76.86457432670025,10.183305063909772],[76.86457432670025,10.184113547665481],[76.859723424166,10.184113547665481],[76.859723424166,10.183305063909772]]],[[[76.86053190792171,10.103265172094723],[76.86134039167742,10.103265172094723],[76.86134039167742,10.104882139606138],[76.86053190792171,10.104882139606138],[76.86053190792171,10.103265172094723]]],[[[76.86053190792171,10.252026183144917],[76.86214887543314,10.252026183144917],[76.86214887543314,10.252834666900624],[76.86053190792171,10.252834666900624],[76.86053190792171,10.252026183144917]]],[[[76.86134039167742,10.102456688339016],[76.86214887543314,10.102456688339016],[76.86214887543314,10.103265172094723],[76.86134039167742,10.103265172094723],[76.86134039167742,10.102456688339016]]],[[[76.86134039167742,10.132370587300196],[76.86214887543314,10.132370587300196],[76.86214887543314,10.133179071055904],[76.86134039167742,10.133179071055904],[76.86134039167742,10.132370587300196]]],[[[76.86214887543314,10.096797302049064],[76.86295735918884,10.096797302049064],[76.86295735918884,10.09760578580477],[76.86214887543314,10.09760578580477],[76.86214887543314,10.096797302049064]]],[[[76.86214887543314,10.099222753316186],[76.86295735918884,10.099222753316186],[76.86295735918884,10.102456688339016],[76.86214887543314,10.102456688339016],[76.86214887543314,10.099222753316186]]],[[[76.86214887543314,10.13156210354449],[76.86295735918884,10.13156210354449],[76.86295735918884,10.132370587300196],[76.86214887543314,10.132370587300196],[76.86214887543314,10.13156210354449]]],[[[76.86214887543314,10.251217699389208],[76.86699977796738,10.251217699389208],[76.86699977796738,10.252026183144917],[76.86214887543314,10.252026183144917],[76.86214887543314,10.251217699389208]]],[[[76.86295735918884,10.09437185078194],[76.86376584294455,10.09437185078194],[76.86376584294455,10.096797302049064],[76.86295735918884,10.096797302049064],[76.86295735918884,10.09437185078194]]],[[[76.86295735918884,10.09760578580477],[76.86376584294455,10.09760578580477],[76.86376584294455,10.099222753316186],[76.86295735918884,10.099222753316186],[76.86295735918884,10.09760578580477]]],[[[76.86295735918884,10.13075361978878],[76.86457432670025,10.13075361978878],[76.86457432670025,10.13156210354449],[76.86295735918884,10.13156210354449],[76.86295735918884,10.13075361978878]]],[[[76.86619129421167,10.13156210354449],[76.86538281045596,10.13156210354449],[76.86538281045596,10.13075361978878],[76.86457432670025,10.13075361978878],[76.86457432670025,10.129945136033074],[76.86619129421167,10.129945136033074],[76.86619129421167,10.13156210354449]]],[[[76.86619129421167,10.13156210354449],[76.86699977796738,10.13156210354449],[76.86699977796738,10.132370587300196],[76.86619129421167,10.132370587300196],[76.86619129421167,10.13156210354449]]],[[[76.86699977796738,10.132370587300196],[76.86780826172308,10.132370587300196],[76.86780826172308,10.13479603856732],[76.86699977796738,10.13479603856732],[76.86699977796738,10.132370587300196]]],[[[76.86699977796738,10.250409215633502],[76.86780826172308,10.250409215633502],[76.86780826172308,10.251217699389208],[76.86699977796738,10.251217699389208],[76.86699977796738,10.250409215633502]]],[[[76.86780826172308,10.13479603856732],[76.86861674547879,10.13479603856732],[76.86861674547879,10.135604522323026],[76.86780826172308,10.135604522323026],[76.86780826172308,10.13479603856732]]],[[[76.86780826172308,10.251217699389208],[76.8694252292345,10.251217699389208],[76.8694252292345,10.252026183144917],[76.86780826172308,10.252026183144917],[76.86780826172308,10.251217699389208]]],[[[76.86861674547879,10.135604522323026],[76.8694252292345,10.135604522323026],[76.8694252292345,10.136413006078733],[76.86861674547879,10.136413006078733],[76.86861674547879,10.135604522323026]]],[[[76.8694252292345,10.13479603856732],[76.8702337129902,10.13479603856732],[76.8702337129902,10.135604522323026],[76.8694252292345,10.135604522323026],[76.8694252292345,10.13479603856732]]],[[[76.8694252292345,10.250409215633502],[76.87346764801303,10.250409215633502],[76.87346764801303,10.251217699389208],[76.8694252292345,10.251217699389208],[76.8694252292345,10.250409215633502]]],[[[76.8702337129902,10.133987554811611],[76.87104219674592,10.133987554811611],[76.87104219674592,10.13479603856732],[76.8702337129902,10.13479603856732],[76.8702337129902,10.133987554811611]]],[[[76.87346764801303,10.133179071055904],[76.87185068050162,10.133179071055904],[76.87185068050162,10.133987554811611],[76.87104219674592,10.133987554811611],[76.87104219674592,10.132370587300196],[76.87346764801303,10.132370587300196],[76.87346764801303,10.133179071055904]]],[[[76.87346764801303,10.133179071055904],[76.87589309928016,10.133179071055904],[76.87589309928016,10.133987554811611],[76.87346764801303,10.133987554811611],[76.87346764801303,10.133179071055904]]],[[[76.87346764801303,10.249600731877793],[76.87508461552446,10.249600731877793],[76.87508461552446,10.250409215633502],[76.87346764801303,10.250409215633502],[76.87346764801303,10.249600731877793]]],[[[76.87508461552446,10.248792248122086],[76.87831855054728,10.248792248122086],[76.87831855054728,10.249600731877793],[76.87508461552446,10.249600731877793],[76.87508461552446,10.248792248122086]]],[[[76.87589309928016,10.133987554811611],[76.8807440018144,10.133987554811611],[76.8807440018144,10.13479603856732],[76.87589309928016,10.13479603856732],[76.87589309928016,10.133987554811611]]],[[[76.87831855054728,10.247983764366378],[76.8799355180587,10.247983764366378],[76.8799355180587,10.248792248122086],[76.87831855054728,10.248792248122086],[76.87831855054728,10.247983764366378]]],[[[76.8799355180587,10.247175280610671],[76.88155248557011,10.247175280610671],[76.88155248557011,10.247983764366378],[76.8799355180587,10.247983764366378],[76.8799355180587,10.247175280610671]]],[[[76.8807440018144,10.13479603856732],[76.88397793683724,10.13479603856732],[76.88397793683724,10.135604522323026],[76.8807440018144,10.135604522323026],[76.8807440018144,10.13479603856732]]],[[[76.88155248557011,10.246366796854964],[76.88559490434865,10.246366796854964],[76.88559490434865,10.247175280610671],[76.88155248557011,10.247175280610671],[76.88155248557011,10.246366796854964]]],[[[76.88397793683724,10.135604522323026],[76.89367974190573,10.135604522323026],[76.89367974190573,10.136413006078733],[76.88397793683724,10.136413006078733],[76.88397793683724,10.135604522323026]]],[[[76.88559490434865,10.245558313099256],[76.88802035561577,10.245558313099256],[76.88802035561577,10.246366796854964],[76.88559490434865,10.246366796854964],[76.88559490434865,10.245558313099256]]],[[[76.88802035561577,10.244749829343549],[76.8912542906386,10.244749829343549],[76.8912542906386,10.245558313099256],[76.88802035561577,10.245558313099256],[76.88802035561577,10.244749829343549]]],[[[76.8912542906386,10.24394134558784],[76.8920627743943,10.24394134558784],[76.8920627743943,10.244749829343549],[76.8912542906386,10.244749829343549],[76.8912542906386,10.24394134558784]]],[[[76.8920627743943,10.243132861832134],[76.89287125815002,10.243132861832134],[76.89287125815002,10.24394134558784],[76.8920627743943,10.24394134558784],[76.8920627743943,10.243132861832134]]],[[[76.89287125815002,10.242324378076425],[76.89367974190573,10.242324378076425],[76.89367974190573,10.243132861832134],[76.89287125815002,10.243132861832134],[76.89287125815002,10.242324378076425]]],[[[76.89367974190573,10.136413006078733],[76.89610519317284,10.136413006078733],[76.89610519317284,10.138029973590148],[76.89529670941714,10.138029973590148],[76.89529670941714,10.137221489834442],[76.89367974190573,10.137221489834442],[76.89367974190573,10.136413006078733]]],[[[76.89691367692856,10.24070741056501],[76.89691367692856,10.241515894320719],[76.89448822566143,10.241515894320719],[76.89448822566143,10.242324378076425],[76.89367974190573,10.242324378076425],[76.89367974190573,10.24070741056501],[76.89691367692856,10.24070741056501]]],[[[76.89610519317284,10.138029973590148],[76.89691367692856,10.138029973590148],[76.89691367692856,10.138838457345857],[76.89610519317284,10.138838457345857],[76.89610519317284,10.138029973590148]]],[[[76.89691367692856,10.138838457345857],[76.89772216068427,10.138838457345857],[76.89772216068427,10.139646941101564],[76.89691367692856,10.139646941101564],[76.89691367692856,10.138838457345857]]],[[[76.90257306321851,10.239898926809303],[76.89772216068427,10.239898926809303],[76.89772216068427,10.24070741056501],[76.89691367692856,10.24070741056501],[76.89691367692856,10.239090443053595],[76.90257306321851,10.239090443053595],[76.90257306321851,10.239898926809303]]],[[[76.89772216068427,10.139646941101564],[76.89853064443997,10.139646941101564],[76.89853064443997,10.140455424857272],[76.89772216068427,10.140455424857272],[76.89772216068427,10.139646941101564]]],[[[76.89853064443997,10.140455424857272],[76.89933912819568,10.140455424857272],[76.89933912819568,10.142072392368688],[76.89853064443997,10.142072392368688],[76.89853064443997,10.140455424857272]]],[[[76.89933912819568,10.142072392368688],[76.90014761195138,10.142072392368688],[76.90014761195138,10.142880876124394],[76.89933912819568,10.142880876124394],[76.89933912819568,10.142072392368688]]],[[[76.90014761195138,10.142880876124394],[76.90095609570709,10.142880876124394],[76.90095609570709,10.143689359880103],[76.90014761195138,10.143689359880103],[76.90014761195138,10.142880876124394]]],[[[76.90095609570709,10.143689359880103],[76.9017645794628,10.143689359880103],[76.9017645794628,10.145306327391518],[76.90095609570709,10.145306327391518],[76.90095609570709,10.143689359880103]]],[[[76.9017645794628,10.145306327391518],[76.90257306321851,10.145306327391518],[76.90257306321851,10.14773177865864],[76.9017645794628,10.14773177865864],[76.9017645794628,10.145306327391518]]]]},"id":"+317614+92702","properties":{"count":2757,"label":1}},{"type":"Feature","geometry":{"geodesic":false,"type":"Polygon","coordinates":[[[76.80070410999568,10.040203439150346],[76.80232107750712,10.040203439150346],[76.80232107750712,10.041011922906051],[76.80070410999568,10.041011922906051],[76.80070410999568,10.040203439150346]]]},"id":"+317634+92715","properties":{"count":2,"label":1}},{"type":"Feature","geometry":{"geodesic":false,"type":"Polygon","coordinates":[[[76.8104059150642,10.035352536616102],[76.81121439881989,10.035352536616102],[76.81121439881989,10.036161020371807],[76.8104059150642,10.036161020371807],[76.8104059150642,10.035352536616102]]]},"id":"+317645+92721","properties":{"count":1,"label":1}},{"type":"Feature","geometry":{"geodesic":false,"type":"Polygon","coordinates":[[[76.82253317139978,10.030501634081858],[76.82334165515547,10.030501634081858],[76.82334165515547,10.031310117837563],[76.82253317139978,10.031310117837563],[76.82253317139978,10.030501634081858]]]},"id":"+317660+92727","properties":{"count":1,"label":1}},{"type":"Feature","geometry":{"geodesic":false,"type":"Polygon","coordinates":[[[76.9106579007719,10.23504802427587],[76.91146638452764,10.23504802427587],[76.91146638452764,10.235856508031574],[76.9106579007719,10.235856508031574],[76.9106579007719,10.23504802427587]]]},"id":"+317769+92474","properties":{"count":1,"label":1}},{"type":"Feature","geometry":{"geodesic":false,"type":"Polygon","coordinates":[[[76.9106579007719,10.159859034995065],[76.91146638452764,10.159859034995065],[76.91146638452764,10.16066751875077],[76.9106579007719,10.16066751875077],[76.9106579007719,10.159859034995065]]]},"id":"+317769+92567","properties":{"count":1,"label":1}},{"type":"Feature","geometry":{"geodesic":false,"type":"Polygon","coordinates":[[[76.91227486828333,10.234239540520164],[76.91308335203902,10.234239540520164],[76.91308335203902,10.23504802427587],[76.91227486828333,10.23504802427587],[76.91227486828333,10.234239540520164]]]},"id":"+317771+92475","properties":{"count":1,"label":1}},{"type":"Feature","geometry":{"geodesic":false,"type":"Polygon","coordinates":[[[76.91389183579471,10.233431056764445],[76.91550880330615,10.233431056764445],[76.91550880330615,10.234239540520164],[76.91389183579471,10.234239540520164],[76.91389183579471,10.233431056764445]]]},"id":"+317774+92476","properties":{"count":2,"label":1}},{"type":"Feature","geometry":{"geodesic":false,"type":"Polygon","coordinates":[[[76.91631728706184,10.23262257300874],[76.91793425457328,10.23262257300874],[76.91793425457328,10.233431056764445],[76.91631728706184,10.233431056764445],[76.91631728706184,10.23262257300874]]]},"id":"+317777+92477","properties":{"count":2,"label":1}},{"type":"Feature","geometry":{"geodesic":false,"type":"Polygon","coordinates":[[[76.91955122208466,10.231814089253035],[76.9211681895961,10.231814089253035],[76.9211681895961,10.23262257300874],[76.91955122208466,10.23262257300874],[76.91955122208466,10.231814089253035]]]},"id":"+317781+92478","properties":{"count":2,"label":1}},{"type":"Feature","geometry":{"geodesic":false,"type":"Polygon","coordinates":[[[76.9219766733518,10.231814089253035],[76.92440212461892,10.231814089253035],[76.92440212461892,10.23262257300874],[76.9219766733518,10.23262257300874],[76.9219766733518,10.231814089253035]]]},"id":"+317785+92478","properties":{"count":3,"label":1}},{"type":"Feature","geometry":{"geodesic":false,"type":"Polygon","coordinates":[[[76.92601909213036,10.23262257300874],[76.92682757588605,10.23262257300874],[76.92682757588605,10.233431056764445],[76.92601909213036,10.233431056764445],[76.92601909213036,10.23262257300874]]]},"id":"+317788+92477","properties":{"count":1,"label":1}},{"type":"Feature","geometry":{"geodesic":false,"type":"Polygon","coordinates":[[[76.92763605964174,10.233431056764445],[76.92844454339749,10.233431056764445],[76.92844454339749,10.234239540520164],[76.92763605964174,10.234239540520164],[76.92763605964174,10.233431056764445]]]},"id":"+317790+92476","properties":{"count":1,"label":1}},{"type":"Feature","geometry":{"geodesic":false,"type":"Polygon","coordinates":[[[76.93167847842031,10.235856508031574],[76.932486962176,10.235856508031574],[76.932486962176,10.23666499178728],[76.93167847842031,10.23666499178728],[76.93167847842031,10.235856508031574]]]},"id":"+317795+92473","properties":{"count":1,"label":1}},{"type":"Feature","geometry":{"geodesic":false,"type":"Polygon","coordinates":[[[76.93410392968744,10.235856508031574],[76.93572089719882,10.235856508031574],[76.93572089719882,10.23666499178728],[76.93410392968744,10.23666499178728],[76.93410392968744,10.235856508031574]]]},"id":"+317799+92473","properties":{"count":2,"label":1}},{"type":"Feature","geometry":{"geodesic":false,"type":"Polygon","coordinates":[[[76.94703966977877,10.23504802427587],[76.94784815353447,10.23504802427587],[76.94784815353447,10.23666499178728],[76.94703966977877,10.23666499178728],[76.94703966977877,10.23504802427587]]]},"id":"+317814+92474","properties":{"count":2,"label":1}},{"type":"Feature","geometry":{"geodesic":false,"type":"MultiPolygon","coordinates":[[[[76.94865663729384,10.232622573007935],[76.94946512104954,10.232622573007935],[76.94946512104954,10.233431056763642],[76.94865663729384,10.233431056763642],[76.94865663729384,10.232622573007935]]],[[[76.95350753982808,10.218069865405198],[76.95431602358379,10.218069865405198],[76.95431602358379,10.218878349160907],[76.95350753982808,10.218878349160907],[76.95350753982808,10.218069865405198]]],[[[76.95108208856097,10.23100560549652],[76.95108208856097,10.231814089252227],[76.95189057231667,10.231814089252227],[76.95189057231667,10.232622573007935],[76.94946512104954,10.232622573007935],[76.94946512104954,10.231814089252227],[76.95027360480526,10.231814089252227],[76.95027360480526,10.23100560549652],[76.95108208856097,10.23100560549652]]],[[[76.95108208856097,10.225346219206566],[76.95189057231667,10.225346219206566],[76.95189057231667,10.23100560549652],[76.95108208856097,10.23100560549652],[76.95108208856097,10.225346219206566]]],[[[76.95189057231667,10.222112284183737],[76.95269905607238,10.222112284183737],[76.95269905607238,10.225346219206566],[76.95189057231667,10.225346219206566],[76.95189057231667,10.222112284183737]]],[[[76.95269905607238,10.218878349160907],[76.95350753982808,10.218878349160907],[76.95350753982808,10.222112284183737],[76.95269905607238,10.222112284183737],[76.95269905607238,10.218878349160907]]]]},"id":"+317822+92495","properties":{"count":21,"label":1}},{"type":"Feature","geometry":{"geodesic":false,"type":"Polygon","coordinates":[[[76.9551245073358,10.233431056764445],[76.95997540987005,10.233431056764445],[76.95997540987005,10.234239540520164],[76.9551245073358,10.234239540520164],[76.9551245073358,10.233431056764445]]]},"id":"+317829+92476","properties":{"count":6,"label":1}},{"type":"Feature","geometry":{"geodesic":false,"type":"Polygon","coordinates":[[[76.9607838936258,10.23262257300874],[76.96159237738149,10.23262257300874],[76.96159237738149,10.233431056764445],[76.9607838936258,10.233431056764445],[76.9607838936258,10.23262257300874]]]},"id":"+317831+92477","properties":{"count":1,"label":1}},{"type":"Feature","geometry":{"geodesic":false,"type":"Polygon","coordinates":[[[76.96563479616,10.230197121741625],[76.96886873118288,10.230197121741625],[76.96886873118288,10.23100560549733],[76.96563479616,10.23100560549733],[76.96563479616,10.230197121741625]]]},"id":"+317840+92480","properties":{"count":4,"label":1}},{"type":"Feature","geometry":{"geodesic":false,"type":"Polygon","coordinates":[[[76.97129418244995,10.228580154230201],[76.9721026662057,10.228580154230201],[76.9721026662057,10.22938863798592],[76.97129418244995,10.22938863798592],[76.97129418244995,10.228580154230201]]]},"id":"+317844+92482","properties":{"count":1,"label":1}},{"type":"Feature","geometry":{"geodesic":false,"type":"Polygon","coordinates":[[[76.9721026662057,10.226963186718791],[76.97291114996139,10.226963186718791],[76.97291114996139,10.227771670474496],[76.9721026662057,10.227771670474496],[76.9721026662057,10.226963186718791]]]},"id":"+317845+92484","properties":{"count":1,"label":1}},{"type":"Feature","geometry":{"geodesic":false,"type":"MultiPolygon","coordinates":[[[[76.97695356874361,10.223729251695152],[76.97776205249932,10.223729251695152],[76.97776205249932,10.224537735450859],[76.97695356874361,10.224537735450859],[76.97695356874361,10.223729251695152]]],[[[76.97614508498789,10.224537735450859],[76.97695356874361,10.224537735450859],[76.97695356874361,10.225346219206566],[76.97614508498789,10.225346219206566],[76.97614508498789,10.224537735450859]]]]},"id":"+317851+92488","properties":{"count":2,"label":1}},{"type":"Feature","geometry":{"geodesic":false,"type":"Polygon","coordinates":[[[76.98018750376278,10.222112284184547],[76.98099598751847,10.222112284184547],[76.98099598751847,10.223729251695957],[76.98018750376278,10.223729251695957],[76.98018750376278,10.222112284184547]]]},"id":"+317855+92490","properties":{"count":2,"label":1}},{"type":"Feature","geometry":{"geodesic":false,"type":"Polygon","coordinates":[[[76.9834214387856,10.221303800428842],[76.98422992254129,10.221303800428842],[76.98422992254129,10.222112284184547],[76.9834214387856,10.222112284184547],[76.9834214387856,10.221303800428842]]]},"id":"+317859+92491","properties":{"count":1,"label":1}},{"type":"Feature","geometry":{"geodesic":false,"type":"MultiPolygon","coordinates":[[[[76.98908082507921,10.224537735450859],[76.98988930883493,10.224537735450859],[76.98988930883493,10.225346219206566],[76.98908082507921,10.225346219206566],[76.98908082507921,10.224537735450859]]],[[[76.98827234132351,10.223729251695152],[76.98908082507921,10.223729251695152],[76.98908082507921,10.224537735450859],[76.98827234132351,10.224537735450859],[76.98827234132351,10.223729251695152]]]]},"id":"+317865+92488","properties":{"count":2,"label":1}},{"type":"Feature","geometry":{"geodesic":false,"type":"Polygon","coordinates":[[[76.99069779258699,10.226154702963086],[76.99150627634268,10.226154702963086],[76.99150627634268,10.228580154230201],[76.99069779258699,10.228580154230201],[76.99069779258699,10.226154702963086]]]},"id":"+317868+92485","properties":{"count":3,"label":1}},{"type":"Feature","geometry":{"geodesic":false,"type":"MultiPolygon","coordinates":[[[[76.99312324385775,10.229388637985105],[76.99393172761346,10.229388637985105],[76.99393172761346,10.230197121740812],[76.99312324385775,10.230197121740812],[76.99312324385775,10.229388637985105]]],[[[76.99231476010205,10.228580154229396],[76.99312324385775,10.228580154229396],[76.99312324385775,10.229388637985105],[76.99231476010205,10.229388637985105],[76.99231476010205,10.228580154229396]]]]},"id":"+317870+92482","properties":{"count":2,"label":1}},{"type":"Feature","geometry":{"geodesic":false,"type":"Polygon","coordinates":[[[76.99635717887693,10.230197121741625],[76.99716566263263,10.230197121741625],[76.99716566263263,10.23100560549733],[76.99635717887693,10.23100560549733],[76.99635717887693,10.230197121741625]]]},"id":"+317875+92480","properties":{"count":1,"label":1}},{"type":"Feature","geometry":{"geodesic":false,"type":"Polygon","coordinates":[[[76.99797414638832,10.22938863798592],[76.998782630144,10.22938863798592],[76.998782630144,10.230197121741625],[76.99797414638832,10.230197121741625],[76.99797414638832,10.22938863798592]]]},"id":"+317877+92481","properties":{"count":1,"label":1}},{"type":"Feature","geometry":{"geodesic":false,"type":"MultiPolygon","coordinates":[[[[76.99959111390342,10.232622573007935],[77.00039959765913,10.232622573007935],[77.00039959765913,10.233431056763642],[76.99959111390342,10.233431056763642],[76.99959111390342,10.232622573007935]]],[[[77.00201656517054,10.233431056763642],[77.00363353268196,10.233431056763642],[77.00363353268196,10.23423954051935],[77.00201656517054,10.23423954051935],[77.00201656517054,10.233431056763642]]],[[[77.00039959765913,10.233431056763642],[77.00120808141483,10.233431056763642],[77.00120808141483,10.23423954051935],[77.00039959765913,10.23423954051935],[77.00039959765913,10.233431056763642]]],[[[77.00120808141483,10.23423954051935],[77.00201656517054,10.23423954051935],[77.00201656517054,10.235048024275057],[77.00120808141483,10.235048024275057],[77.00120808141483,10.23423954051935]]]]},"id":"+317879+92477","properties":{"count":5,"label":1}},{"type":"Feature","geometry":{"geodesic":false,"type":"MultiPolygon","coordinates":[[[[76.9866553738121,10.222920767939444],[76.9874638575678,10.222920767939444],[76.9874638575678,10.223729251695152],[76.9866553738121,10.223729251695152],[76.9866553738121,10.222920767939444]]],[[[77.0189947240404,10.19785777151251],[77.02222865906323,10.19785777151251],[77.02222865906323,10.198666255268217],[77.0189947240404,10.198666255268217],[77.0189947240404,10.19785777151251]]],[[[76.9874638575678,10.220495316672322],[76.98827234132351,10.220495316672322],[76.98827234132351,10.222920767939444],[76.9874638575678,10.222920767939444],[76.9874638575678,10.220495316672322]]],[[[76.98827234132351,10.219686832916613],[76.98908082507921,10.219686832916613],[76.98908082507921,10.220495316672322],[76.98827234132351,10.220495316672322],[76.98827234132351,10.219686832916613]]],[[[76.98908082507921,10.215644414138076],[76.98988930883493,10.215644414138076],[76.98988930883493,10.216452897893783],[76.98908082507921,10.216452897893783],[76.98908082507921,10.215644414138076]]],[[[76.98908082507921,10.218878349160907],[76.98988930883493,10.218878349160907],[76.98988930883493,10.219686832916613],[76.98908082507921,10.219686832916613],[76.98908082507921,10.218878349160907]]],[[[76.98988930883493,10.214835930382367],[76.99231476010205,10.214835930382367],[76.99231476010205,10.215644414138076],[76.98988930883493,10.215644414138076],[76.98988930883493,10.214835930382367]]],[[[76.98988930883493,10.216452897893783],[76.99069779259064,10.216452897893783],[76.99069779259064,10.218878349160907],[76.98988930883493,10.218878349160907],[76.98988930883493,10.216452897893783]]],[[[76.99231476010205,10.215644414138076],[76.99312324385775,10.215644414138076],[76.99312324385775,10.216452897893783],[76.99231476010205,10.216452897893783],[76.99231476010205,10.215644414138076]]],[[[76.99312324385775,10.216452897893783],[76.99474021136918,10.216452897893783],[76.99474021136918,10.217261381649491],[76.99312324385775,10.217261381649491],[76.99312324385775,10.216452897893783]]],[[[76.99635717888059,10.214835930382367],[76.99635717888059,10.216452897893783],[76.99474021136918,10.216452897893783],[76.99474021136918,10.215644414138076],[76.99554869512488,10.215644414138076],[76.99554869512488,10.214835930382367],[76.99635717888059,10.214835930382367]]],[[[76.99635717888059,10.21402744662666],[76.99716566263629,10.21402744662666],[76.99716566263629,10.214835930382367],[76.99635717888059,10.214835930382367],[76.99635717888059,10.21402744662666]]],[[[76.99716566263629,10.213218962870954],[76.997974146392,10.213218962870954],[76.997974146392,10.21402744662666],[76.99716566263629,10.21402744662666],[76.99716566263629,10.213218962870954]]],[[[76.997974146392,10.211601995359539],[76.99878263014772,10.211601995359539],[76.99878263014772,10.213218962870954],[76.997974146392,10.213218962870954],[76.997974146392,10.211601995359539]]],[[[76.99878263014772,10.207559576581],[76.99959111390342,10.207559576581],[76.99959111390342,10.211601995359539],[76.99878263014772,10.211601995359539],[76.99878263014772,10.207559576581]]],[[[77.00120808141483,10.205134125313878],[77.00120808141483,10.205942609069584],[77.00039959765913,10.205942609069584],[77.00039959765913,10.207559576581],[76.99959111390342,10.207559576581],[76.99959111390342,10.205134125313878],[77.00120808141483,10.205134125313878]]],[[[77.00120808141483,10.203517157802462],[77.00201656517054,10.203517157802462],[77.00201656517054,10.205134125313878],[77.00120808141483,10.205134125313878],[77.00120808141483,10.203517157802462]]],[[[77.00201656517054,10.202708674046754],[77.00444201643766,10.202708674046754],[77.00444201643766,10.203517157802462],[77.00201656517054,10.203517157802462],[77.00201656517054,10.202708674046754]]],[[[77.00444201643766,10.201900190291047],[77.00686746770478,10.201900190291047],[77.00686746770478,10.202708674046754],[77.00444201643766,10.202708674046754],[77.00444201643766,10.201900190291047]]],[[[77.00686746770478,10.20109170653534],[77.0084844352162,10.20109170653534],[77.0084844352162,10.201900190291047],[77.00686746770478,10.201900190291047],[77.00686746770478,10.20109170653534]]],[[[77.0084844352162,10.200283222779632],[77.01171837023902,10.200283222779632],[77.01171837023902,10.20109170653534],[77.0084844352162,10.20109170653534],[77.0084844352162,10.200283222779632]]],[[[77.01171837023902,10.199474739023925],[77.01495230526186,10.199474739023925],[77.01495230526186,10.200283222779632],[77.01171837023902,10.200283222779632],[77.01171837023902,10.199474739023925]]],[[[77.01495230526186,10.200283222779632],[77.01656927277328,10.200283222779632],[77.01656927277328,10.20109170653534],[77.01495230526186,10.20109170653534],[77.01495230526186,10.200283222779632]]],[[[77.01656927277328,10.199474739023925],[77.01737775652899,10.199474739023925],[77.01737775652899,10.200283222779632],[77.01656927277328,10.200283222779632],[77.01656927277328,10.199474739023925]]],[[[77.01737775652899,10.198666255268217],[77.0189947240404,10.198666255268217],[77.0189947240404,10.199474739023925],[77.01737775652899,10.199474739023925],[77.01737775652899,10.198666255268217]]]]},"id":"+317906+92520","properties":{"count":59,"label":1}}]}